# -------------------------------------------------------------------------------
#                       HWO UV SNR CALCULATIONS
# -------------------------------------------------------------------------------
# 
# Input Parameters 
# Source :M1 Dwarf @10 parsec
# 
# Instrument Parameters(POLLUX) 
# Mode             : NUV
# Resolution       : 100000.0
# Wavelength Range : 2341.0-4719.0
# -------------------------------------------------------------------------------
#                         HWO SNR OUTPUTS
# -------------------------------------------------------------------------------
# Wavelength [A] Flux [ergs/cm2/s/A] Background[ergs/cm2/s/res] Flux [counts] SNR 
# 
 2341.000  7.13957e-28  5.65000e-20  0.00000e+00          nan
 2341.100  7.01488e-28  5.65000e-20  0.00000e+00          nan
 2341.200  6.89006e-28  5.65000e-20  0.00000e+00          nan
 2341.300  6.76540e-28  5.65000e-20  0.00000e+00          nan
 2341.400  6.64075e-28  5.65000e-20  0.00000e+00          nan
 2341.500  6.51611e-28  5.65000e-20  0.00000e+00          nan
 2341.600  6.39149e-28  5.65000e-20  0.00000e+00          nan
 2341.700  6.26672e-28  5.65000e-20  0.00000e+00          nan
 2341.800  6.56302e-28  5.65000e-20  0.00000e+00          nan
 2341.900  7.13620e-28  5.65000e-20  0.00000e+00          nan
 2342.000  7.70933e-28  5.65000e-20  0.00000e+00          nan
 2342.100  8.28242e-28  5.65000e-20  0.00000e+00          nan
 2342.200  8.85615e-28  5.65000e-20  0.00000e+00          nan
 2342.300  9.42914e-28  5.65000e-20  0.00000e+00          nan
 2342.400  1.00021e-27  5.65000e-20  0.00000e+00          nan
 2342.500  1.05750e-27  5.65000e-20  0.00000e+00          nan
 2342.600  1.11478e-27  5.65000e-20  0.00000e+00          nan
 2342.700  1.17213e-27  5.65000e-20  0.00000e+00          nan
 2342.800  1.22940e-27  5.65000e-20  0.00000e+00          nan
 2342.900  1.28667e-27  5.65000e-20  0.00000e+00          nan
 2343.000  1.34394e-27  5.65000e-20  0.00000e+00          nan
 2343.100  1.40120e-27  5.65000e-20  0.00000e+00          nan
 2343.200  1.45852e-27  5.65000e-20  0.00000e+00          nan
 2343.300  1.51481e-27  5.65000e-20  0.00000e+00          nan
 2343.400  1.56436e-27  5.65000e-20  0.00000e+00          nan
 2343.500  1.61390e-27  5.65000e-20  0.00000e+00          nan
 2343.600  1.66344e-27  5.65000e-20  0.00000e+00          nan
 2343.700  1.71304e-27  5.65000e-20  0.00000e+00          nan
 2343.800  1.76257e-27  5.65000e-20  0.00000e+00          nan
 2343.900  1.81210e-27  5.65000e-20  0.00000e+00          nan
 2344.000  1.86162e-27  5.65000e-20  0.00000e+00          nan
 2344.100  1.91114e-27  5.65000e-20  0.00000e+00          nan
 2344.200  1.96072e-27  5.65000e-20  0.00000e+00          nan
 2344.300  2.01023e-27  5.65000e-20  0.00000e+00          nan
 2344.400  2.05973e-27  5.65000e-20  0.00000e+00          nan
 2344.500  2.10924e-27  5.65000e-20  0.00000e+00          nan
 2344.600  2.15873e-27  5.65000e-20  0.00000e+00          nan
 2344.700  2.20829e-27  5.65000e-20  0.00000e+00          nan
 2344.800  2.25778e-27  5.65000e-20  0.00000e+00          nan
 2344.900  2.24959e-27  5.65000e-20  0.00000e+00          nan
 2345.000  2.21013e-27  5.65000e-20  0.00000e+00          nan
 2345.100  2.17066e-27  5.65000e-20  0.00000e+00          nan
 2345.200  2.13116e-27  5.65000e-20  0.00000e+00          nan
 2345.300  2.09170e-27  5.65000e-20  0.00000e+00          nan
 2345.400  2.05225e-27  5.65000e-20  0.00000e+00          nan
 2345.500  2.01280e-27  5.65000e-20  0.00000e+00          nan
 2345.600  1.97336e-27  5.65000e-20  0.00000e+00          nan
 2345.700  1.93387e-27  5.65000e-20  0.00000e+00          nan
 2345.800  1.89443e-27  5.65000e-20  0.00000e+00          nan
 2345.900  1.85500e-27  5.65000e-20  0.00000e+00          nan
 2346.000  1.81557e-27  5.65000e-20  0.00000e+00          nan
 2346.100  1.77614e-27  5.65000e-20  0.00000e+00          nan
 2346.200  1.73666e-27  5.65000e-20  0.00000e+00          nan
 2346.300  1.69724e-27  5.65000e-20  0.00000e+00          nan
 2346.400  1.66937e-27  5.65000e-20  0.00000e+00          nan
 2346.500  1.69798e-27  5.65000e-20  0.00000e+00          nan
 2346.600  1.72659e-27  5.65000e-20  0.00000e+00          nan
 2346.700  1.75523e-27  5.65000e-20  0.00000e+00          nan
 2346.800  1.78384e-27  5.65000e-20  0.00000e+00          nan
 2346.900  1.81244e-27  5.65000e-20  0.00000e+00          nan
 2347.000  1.84104e-27  5.65000e-20  0.00000e+00          nan
 2347.100  1.86963e-27  5.65000e-20  0.00000e+00          nan
 2347.200  1.89826e-27  5.65000e-20  0.00000e+00          nan
 2347.300  1.92685e-27  5.65000e-20  0.00000e+00          nan
 2347.400  1.95544e-27  5.65000e-20  0.00000e+00          nan
 2347.500  1.98403e-27  5.65000e-20  0.00000e+00          nan
 2347.600  2.01261e-27  5.65000e-20  0.00000e+00          nan
 2347.700  2.04123e-27  5.65000e-20  0.00000e+00          nan
 2347.800  2.06981e-27  5.65000e-20  0.00000e+00          nan
 2347.900  2.09838e-27  5.65000e-20  0.00000e+00          nan
 2348.000  2.09193e-27  5.65000e-20  0.00000e+00          nan
 2348.100  2.06999e-27  5.65000e-20  0.00000e+00          nan
 2348.200  2.04803e-27  5.65000e-20  0.00000e+00          nan
 2348.300  2.02609e-27  5.65000e-20  0.00000e+00          nan
 2348.400  2.00416e-27  5.65000e-20  0.00000e+00          nan
 2348.500  1.98223e-27  5.65000e-20  0.00000e+00          nan
 2348.600  1.96030e-27  5.65000e-20  0.00000e+00          nan
 2348.700  1.93835e-27  5.65000e-20  0.00000e+00          nan
 2348.800  1.91642e-27  5.65000e-20  0.00000e+00          nan
 2348.900  1.89450e-27  5.65000e-20  0.00000e+00          nan
 2349.000  1.87258e-27  5.65000e-20  0.00000e+00          nan
 2349.100  1.85066e-27  5.65000e-20  0.00000e+00          nan
 2349.200  1.82871e-27  5.65000e-20  0.00000e+00          nan
 2349.300  1.80680e-27  5.65000e-20  0.00000e+00          nan
 2349.400  1.78488e-27  5.65000e-20  0.00000e+00          nan
 2349.500  1.76593e-27  5.65000e-20  0.00000e+00          nan
 2349.600  1.75779e-27  5.65000e-20  0.00000e+00          nan
 2349.700  1.74964e-27  5.65000e-20  0.00000e+00          nan
 2349.800  1.74150e-27  5.65000e-20  0.00000e+00          nan
 2349.900  1.73336e-27  5.65000e-20  0.00000e+00          nan
 2350.000  1.72522e-27  5.65000e-20  0.00000e+00          nan
 2350.100  1.71708e-27  5.65000e-20  0.00000e+00          nan
 2350.200  1.70893e-27  5.65000e-20  0.00000e+00          nan
 2350.300  1.70079e-27  5.65000e-20  0.00000e+00          nan
 2350.400  1.69266e-27  5.65000e-20  0.00000e+00          nan
 2350.500  1.68452e-27  5.65000e-20  0.00000e+00          nan
 2350.600  1.67638e-27  5.65000e-20  0.00000e+00          nan
 2350.700  1.66824e-27  5.65000e-20  0.00000e+00          nan
 2350.800  1.66011e-27  5.65000e-20  0.00000e+00          nan
 2350.900  1.65197e-27  5.65000e-20  0.00000e+00          nan
 2351.000  1.64384e-27  5.65000e-20  0.00000e+00          nan
 2351.100  1.63050e-27  5.65000e-20  0.00000e+00          nan
 2351.200  1.61528e-27  5.65000e-20  0.00000e+00          nan
 2351.300  1.60007e-27  5.65000e-20  0.00000e+00          nan
 2351.400  1.58487e-27  5.65000e-20  0.00000e+00          nan
 2351.500  1.56967e-27  5.65000e-20  0.00000e+00          nan
 2351.600  1.55446e-27  5.65000e-20  0.00000e+00          nan
 2351.700  1.53925e-27  5.65000e-20  0.00000e+00          nan
 2351.800  1.52405e-27  5.65000e-20  0.00000e+00          nan
 2351.900  1.50885e-27  5.65000e-20  0.00000e+00          nan
 2352.000  1.49366e-27  5.65000e-20  0.00000e+00          nan
 2352.100  1.47846e-27  5.65000e-20  0.00000e+00          nan
 2352.200  1.46325e-27  5.65000e-20  0.00000e+00          nan
 2352.300  1.44806e-27  5.65000e-20  0.00000e+00          nan
 2352.400  1.43287e-27  5.65000e-20  0.00000e+00          nan
 2352.500  1.41768e-27  5.65000e-20  0.00000e+00          nan
 2352.600  1.39230e-27  5.65000e-20  0.00000e+00          nan
 2352.700  1.33747e-27  5.65000e-20  0.00000e+00          nan
 2352.800  1.28272e-27  5.65000e-20  0.00000e+00          nan
 2352.900  1.22798e-27  5.65000e-20  0.00000e+00          nan
 2353.000  1.17324e-27  5.65000e-20  0.00000e+00          nan
 2353.100  1.11850e-27  5.65000e-20  0.00000e+00          nan
 2353.200  1.06370e-27  5.65000e-20  0.00000e+00          nan
 2353.300  1.00898e-27  5.65000e-20  0.00000e+00          nan
 2353.400  9.54256e-28  5.65000e-20  0.00000e+00          nan
 2353.500  8.99539e-28  5.65000e-20  0.00000e+00          nan
 2353.600  8.44826e-28  5.65000e-20  0.00000e+00          nan
 2353.700  7.90051e-28  5.65000e-20  0.00000e+00          nan
 2353.800  7.35348e-28  5.65000e-20  0.00000e+00          nan
 2353.900  6.80649e-28  5.65000e-20  0.00000e+00          nan
 2354.000  6.25955e-28  5.65000e-20  0.00000e+00          nan
 2354.100  5.71266e-28  5.65000e-20  0.00000e+00          nan
 2354.200  5.53411e-28  5.65000e-20  0.00000e+00          nan
 2354.300  5.46017e-28  5.65000e-20  0.00000e+00          nan
 2354.400  5.38624e-28  5.65000e-20  0.00000e+00          nan
 2354.500  5.31231e-28  5.65000e-20  0.00000e+00          nan
 2354.600  5.23839e-28  5.65000e-20  0.00000e+00          nan
 2354.700  5.16439e-28  5.65000e-20  0.00000e+00          nan
 2354.800  5.09049e-28  5.65000e-20  0.00000e+00          nan
 2354.900  5.01658e-28  5.65000e-20  0.00000e+00          nan
 2355.000  4.94269e-28  5.65000e-20  0.00000e+00          nan
 2355.100  4.86880e-28  5.65000e-20  0.00000e+00          nan
 2355.200  4.79483e-28  5.65000e-20  0.00000e+00          nan
 2355.300  4.72096e-28  5.65000e-20  0.00000e+00          nan
 2355.400  4.64709e-28  5.65000e-20  0.00000e+00          nan
 2355.500  4.57322e-28  5.65000e-20  0.00000e+00          nan
 2355.600  4.49937e-28  5.65000e-20  0.00000e+00          nan
 2355.700  4.49545e-28  5.65000e-20  0.00000e+00          nan
 2355.800  4.65191e-28  5.65000e-20  0.00000e+00          nan
 2355.900  4.80835e-28  5.65000e-20  0.00000e+00          nan
 2356.000  4.96478e-28  5.65000e-20  0.00000e+00          nan
 2356.100  5.12120e-28  5.65000e-20  0.00000e+00          nan
 2356.200  5.27779e-28  5.65000e-20  0.00000e+00          nan
 2356.300  5.43418e-28  5.65000e-20  0.00000e+00          nan
 2356.400  5.59056e-28  5.65000e-20  0.00000e+00          nan
 2356.500  5.74692e-28  5.65000e-20  0.00000e+00          nan
 2356.600  5.90327e-28  5.65000e-20  0.00000e+00          nan
 2356.700  6.05980e-28  5.65000e-20  0.00000e+00          nan
 2356.800  6.21613e-28  5.65000e-20  0.00000e+00          nan
 2356.900  6.37244e-28  5.65000e-20  0.00000e+00          nan
 2357.000  6.52874e-28  5.65000e-20  0.00000e+00          nan
 2357.100  6.68502e-28  5.65000e-20  0.00000e+00          nan
 2357.200  6.84148e-28  5.65000e-20  0.00000e+00          nan
 2357.300  7.02509e-28  5.65000e-20  0.00000e+00          nan
 2357.400  7.21447e-28  5.65000e-20  0.00000e+00          nan
 2357.500  7.40384e-28  5.65000e-20  0.00000e+00          nan
 2357.600  7.59319e-28  5.65000e-20  0.00000e+00          nan
 2357.700  7.78275e-28  5.65000e-20  0.00000e+00          nan
 2357.800  7.97207e-28  5.65000e-20  0.00000e+00          nan
 2357.900  8.16137e-28  5.65000e-20  0.00000e+00          nan
 2358.000  8.35066e-28  5.65000e-20  0.00000e+00          nan
 2358.100  8.53993e-28  5.65000e-20  0.00000e+00          nan
 2358.200  8.72941e-28  5.65000e-20  0.00000e+00          nan
 2358.300  8.91865e-28  5.65000e-20  0.00000e+00          nan
 2358.400  9.10787e-28  5.65000e-20  0.00000e+00          nan
 2358.500  9.29707e-28  5.65000e-20  0.00000e+00          nan
 2358.600  9.48626e-28  5.65000e-20  0.00000e+00          nan
 2358.700  9.67567e-28  5.65000e-20  0.00000e+00          nan
 2358.800  9.93450e-28  5.65000e-20  0.00000e+00          nan
 2358.900  1.03245e-27  5.65000e-20  0.00000e+00          nan
 2359.000  1.07146e-27  5.65000e-20  0.00000e+00          nan
 2359.100  1.11045e-27  5.65000e-20  1.21737e-11  4.89144e-10
 2359.200  1.14950e-27  5.65000e-20  2.52181e-11  7.16285e-10
 2359.300  1.18849e-27  5.65000e-20  3.90940e-11  9.06835e-10
 2359.400  1.22748e-27  5.65000e-20  5.38399e-11  1.08152e-09
 2359.500  1.26646e-27  5.65000e-20  6.94432e-11  1.24763e-09
 2359.600  1.30544e-27  5.65000e-20  8.59040e-11  1.40884e-09
 2359.700  1.34447e-27  5.65000e-20  1.03241e-10  1.56739e-09
 2359.800  1.38345e-27  5.65000e-20  1.21403e-10  1.72414e-09
 2359.900  1.42242e-27  5.65000e-20  1.40438e-10  1.88032e-09
 2360.000  1.46139e-27  5.65000e-20  1.60331e-10  2.03641e-09
 2360.100  1.50035e-27  5.65000e-20  1.81081e-10  2.19285e-09
 2360.200  1.53936e-27  5.65000e-20  2.02714e-10  2.35011e-09
 2360.300  1.57832e-27  5.65000e-20  2.25165e-10  2.50797e-09
 2360.400  1.58392e-27  5.65000e-20  2.43366e-10  2.61199e-09
 2360.500  1.58445e-27  5.65000e-20  2.60858e-10  2.70469e-09
 2360.600  1.58498e-27  5.65000e-20  2.78366e-10  2.79444e-09
 2360.700  1.58551e-27  5.65000e-20  2.95905e-10  2.88162e-09
 2360.800  1.58604e-27  5.65000e-20  3.13424e-10  2.96619e-09
 2360.900  1.58657e-27  5.65000e-20  3.30976e-10  3.04862e-09
 2361.000  1.58710e-27  5.65000e-20  3.48541e-10  3.12900e-09
 2361.100  1.58763e-27  5.65000e-20  3.50398e-10  3.13784e-09
 2361.200  1.58816e-27  5.65000e-20  3.52257e-10  3.14669e-09
 2361.300  1.58869e-27  5.65000e-20  3.54114e-10  3.15550e-09
 2361.400  1.58923e-27  5.65000e-20  3.55975e-10  3.16430e-09
 2361.500  1.58976e-27  5.65000e-20  3.57837e-10  3.17310e-09
 2361.600  1.59029e-27  5.65000e-20  3.59700e-10  3.18188e-09
 2361.700  1.59082e-27  5.65000e-20  3.61567e-10  3.19066e-09
 2361.800  1.59135e-27  5.65000e-20  3.63432e-10  3.19941e-09
 2361.900  1.58642e-27  5.65000e-20  3.64046e-10  3.19715e-09
 2362.000  1.57293e-27  5.65000e-20  3.62677e-10  3.17753e-09
 2362.100  1.55944e-27  5.65000e-20  3.61278e-10  3.15777e-09
 2362.200  1.54593e-27  5.65000e-20  3.59849e-10  3.13784e-09
 2362.300  1.53245e-27  5.65000e-20  3.58390e-10  3.11779e-09
 2362.400  1.51896e-27  5.65000e-20  3.56904e-10  3.09760e-09
 2362.500  1.50548e-27  5.65000e-20  3.55390e-10  3.07727e-09
 2362.600  1.49199e-27  5.65000e-20  3.53846e-10  3.05679e-09
 2362.700  1.47850e-27  5.65000e-20  3.52270e-10  3.03615e-09
 2362.800  1.46501e-27  5.65000e-20  3.50667e-10  3.01539e-09
 2362.900  1.45153e-27  5.65000e-20  3.49036e-10  2.99450e-09
 2363.000  1.43806e-27  5.65000e-20  3.47375e-10  2.97347e-09
 2363.100  1.42458e-27  5.65000e-20  3.42846e-10  2.94014e-09
 2363.200  1.41109e-27  5.65000e-20  3.38335e-10  2.90687e-09
 2363.300  1.39761e-27  5.65000e-20  3.33855e-10  2.87374e-09
 2363.400  1.38414e-27  5.65000e-20  3.29398e-10  2.84070e-09
 2363.500  1.37157e-27  5.65000e-20  3.25180e-10  2.80962e-09
 2363.600  1.35909e-27  5.65000e-20  3.21006e-10  2.77880e-09
 2363.700  1.34660e-27  5.65000e-20  3.16849e-10  2.74803e-09
 2363.800  1.33413e-27  5.65000e-20  3.12721e-10  2.71740e-09
 2363.900  1.32166e-27  5.65000e-20  3.08613e-10  2.68684e-09
 2364.000  1.30918e-27  5.65000e-20  3.04528e-10  2.65638e-09
 2364.100  1.29671e-27  5.65000e-20  3.00466e-10  2.62600e-09
 2364.200  1.28423e-27  5.65000e-20  2.96421e-10  2.59568e-09
 2364.300  1.27176e-27  5.65000e-20  2.92404e-10  2.56549e-09
 2364.400  1.25929e-27  5.65000e-20  2.88409e-10  2.53538e-09
 2364.500  1.24682e-27  5.65000e-20  2.84436e-10  2.50536e-09
 2364.600  1.23436e-27  5.65000e-20  2.80486e-10  2.47543e-09
 2364.700  1.22188e-27  5.65000e-20  2.76553e-10  2.44556e-09
 2364.800  1.20941e-27  5.65000e-20  2.72648e-10  2.41582e-09
 2364.900  1.19695e-27  5.65000e-20  2.68765e-10  2.38616e-09
 2365.000  1.18891e-27  5.65000e-20  2.65893e-10  2.36540e-09
 2365.100  1.18668e-27  5.65000e-20  2.64344e-10  2.35628e-09
 2365.200  1.18445e-27  5.65000e-20  2.62797e-10  2.34717e-09
 2365.300  1.18222e-27  5.65000e-20  2.61256e-10  2.33807e-09
 2365.400  1.17999e-27  5.65000e-20  2.59718e-10  2.32898e-09
 2365.500  1.17776e-27  5.65000e-20  2.58184e-10  2.31990e-09
 2365.600  1.17553e-27  5.65000e-20  2.56654e-10  2.31083e-09
 2365.700  1.17330e-27  5.65000e-20  2.55126e-10  2.30175e-09
 2365.800  1.17107e-27  5.65000e-20  2.53605e-10  2.29270e-09
 2365.900  1.16885e-27  5.65000e-20  2.52086e-10  2.28365e-09
 2366.000  1.16662e-27  5.65000e-20  2.50571e-10  2.27460e-09
 2366.100  1.16439e-27  5.65000e-20  2.49060e-10  2.26557e-09
 2366.200  1.16216e-27  5.65000e-20  2.47551e-10  2.25653e-09
 2366.300  1.15994e-27  5.65000e-20  2.46048e-10  2.24752e-09
 2366.400  1.15771e-27  5.65000e-20  2.44549e-10  2.23851e-09
 2366.500  1.15548e-27  5.65000e-20  2.43053e-10  2.22950e-09
 2366.600  1.12293e-27  5.65000e-20  2.35209e-10  2.16212e-09
 2366.700  1.08878e-27  5.65000e-20  2.27089e-10  2.09192e-09
 2366.800  1.05468e-27  5.65000e-20  2.19041e-10  2.02209e-09
 2366.900  1.02058e-27  5.65000e-20  2.11053e-10  1.95252e-09
 2367.000  9.86488e-28  5.65000e-20  2.03126e-10  1.88323e-09
 2367.100  9.52394e-28  5.65000e-20  1.95269e-10  1.81427e-09
 2367.200  9.18262e-28  5.65000e-20  1.87463e-10  1.74549e-09
 2367.300  8.84175e-28  5.65000e-20  1.79728e-10  1.67708e-09
 2367.400  8.50090e-28  5.65000e-20  1.72053e-10  1.60894e-09
 2367.500  8.16008e-28  5.65000e-20  1.64438e-10  1.54108e-09
 2367.600  7.81930e-28  5.65000e-20  1.56883e-10  1.47349e-09
 2367.700  7.47812e-28  5.65000e-20  1.49380e-10  1.40611e-09
 2367.800  7.13739e-28  5.65000e-20  1.41946e-10  1.33908e-09
 2367.900  6.79669e-28  5.65000e-20  1.34573e-10  1.27234e-09
 2368.000  6.45601e-28  5.65000e-20  1.27260e-10  1.20588e-09
 2368.100  6.31321e-28  5.65000e-20  1.23889e-10  1.17657e-09
 2368.200  6.39136e-28  5.65000e-20  1.24860e-10  1.18846e-09
 2368.300  6.46940e-28  5.65000e-20  1.25816e-10  1.20026e-09
 2368.400  6.54744e-28  5.65000e-20  1.26757e-10  1.21199e-09
 2368.500  6.62547e-28  5.65000e-20  1.27685e-10  1.22364e-09
 2368.600  6.70350e-28  5.65000e-20  1.28598e-10  1.23522e-09
 2368.700  6.78161e-28  5.65000e-20  1.29499e-10  1.24674e-09
 2368.800  6.85962e-28  5.65000e-20  1.30385e-10  1.25817e-09
 2368.900  6.93763e-28  5.65000e-20  1.31256e-10  1.26952e-09
 2369.000  7.01563e-28  5.65000e-20  1.32114e-10  1.28080e-09
 2369.100  7.09362e-28  5.65000e-20  1.32935e-10  1.29190e-09
 2369.200  7.17170e-28  5.65000e-20  1.33742e-10  1.30293e-09
 2369.300  7.24968e-28  5.65000e-20  1.34535e-10  1.31387e-09
 2369.400  7.32765e-28  5.65000e-20  1.35312e-10  1.32473e-09
 2369.500  7.40561e-28  5.65000e-20  1.36075e-10  1.33551e-09
 2369.600  7.48357e-28  5.65000e-20  1.36824e-10  1.34621e-09
 2369.700  7.47506e-28  5.65000e-20  1.35984e-10  1.34130e-09
 2369.800  7.46602e-28  5.65000e-20  1.35138e-10  1.33632e-09
 2369.900  7.45699e-28  5.65000e-20  1.34293e-10  1.33132e-09
 2370.000  7.44796e-28  5.65000e-20  1.33449e-10  1.32633e-09
 2370.100  7.43892e-28  5.65000e-20  1.32607e-10  1.32134e-09
 2370.200  7.42988e-28  5.65000e-20  1.31765e-10  1.31634e-09
 2370.300  7.42085e-28  5.65000e-20  1.30926e-10  1.31134e-09
 2370.400  7.41182e-28  5.65000e-20  1.30089e-10  1.30635e-09
 2370.500  7.40279e-28  5.65000e-20  1.29253e-10  1.30135e-09
 2370.600  7.39376e-28  5.65000e-20  1.28418e-10  1.29635e-09
 2370.700  7.38472e-28  5.65000e-20  1.27584e-10  1.29134e-09
 2370.800  7.37569e-28  5.65000e-20  1.26754e-10  1.28635e-09
 2370.900  7.36667e-28  5.65000e-20  1.25924e-10  1.28134e-09
 2371.000  7.35764e-28  5.65000e-20  1.25096e-10  1.27634e-09
 2371.100  7.34862e-28  5.65000e-20  1.24234e-10  1.27116e-09
 2371.200  7.40470e-28  5.65000e-20  1.24468e-10  1.27720e-09
 2371.300  7.52174e-28  5.65000e-20  1.25711e-10  1.29367e-09
 2371.400  7.63878e-28  5.65000e-20  1.26931e-10  1.31000e-09
 2371.500  7.75580e-28  5.65000e-20  1.28128e-10  1.32620e-09
 2371.600  7.87282e-28  5.65000e-20  1.29302e-10  1.34228e-09
 2371.700  7.98996e-28  5.65000e-20  1.30454e-10  1.35824e-09
 2371.800  8.10696e-28  5.65000e-20  1.31583e-10  1.37406e-09
 2371.900  8.22395e-28  5.65000e-20  1.32689e-10  1.38974e-09
 2372.000  8.34092e-28  5.65000e-20  1.33771e-10  1.40528e-09
 2372.100  8.45789e-28  5.65000e-20  1.34831e-10  1.42070e-09
 2372.200  8.57498e-28  5.65000e-20  1.35869e-10  1.43599e-09
 2372.300  8.69193e-28  5.65000e-20  1.36884e-10  1.45114e-09
 2372.400  8.80887e-28  5.65000e-20  1.37874e-10  1.46615e-09
 2372.500  8.92579e-28  5.65000e-20  1.38843e-10  1.48102e-09
 2372.600  9.04271e-28  5.65000e-20  1.39788e-10  1.49575e-09
 2372.700  9.16503e-28  5.65000e-20  1.40792e-10  1.51124e-09
 2372.800  9.42111e-28  5.65000e-20  1.43817e-10  1.54857e-09
 2372.900  9.67717e-28  5.65000e-20  1.46790e-10  1.58562e-09
 2373.000  9.93321e-28  5.65000e-20  1.49714e-10  1.62238e-09
 2373.100  1.01892e-27  5.65000e-20  1.52607e-10  1.65895e-09
 2373.200  1.04455e-27  5.65000e-20  1.55455e-10  1.69529e-09
 2373.300  1.07015e-27  5.65000e-20  1.58252e-10  1.73130e-09
 2373.400  1.09575e-27  5.65000e-20  1.60998e-10  1.76702e-09
 2373.500  1.12134e-27  5.65000e-20  1.63695e-10  1.80245e-09
 2373.600  1.14693e-27  5.65000e-20  1.66343e-10  1.83758e-09
 2373.700  1.17255e-27  5.65000e-20  1.68946e-10  1.87247e-09
 2373.800  1.19814e-27  5.65000e-20  1.71497e-10  1.90703e-09
 2373.900  1.22372e-27  5.65000e-20  1.73998e-10  1.94128e-09
 2374.000  1.24930e-27  5.65000e-20  1.76450e-10  1.97524e-09
 2374.100  1.27488e-27  5.65000e-20  1.78853e-10  2.00890e-09
 2374.200  1.30049e-27  5.65000e-20  1.81210e-10  2.04231e-09
 2374.300  1.30098e-27  5.65000e-20  1.80043e-10  2.03610e-09
 2374.400  1.28149e-27  5.65000e-20  1.76130e-10  1.99871e-09
 2374.500  1.26200e-27  5.65000e-20  1.72253e-10  1.96150e-09
 2374.600  1.24252e-27  5.65000e-20  1.68413e-10  1.92449e-09
 2374.700  1.22301e-27  5.65000e-20  1.64606e-10  1.88762e-09
 2374.800  1.20353e-27  5.65000e-20  1.60841e-10  1.85099e-09
 2374.900  1.18405e-27  5.65000e-20  1.57113e-10  1.81454e-09
 2375.000  1.16457e-27  5.65000e-20  1.53421e-10  1.77828e-09
 2375.100  1.14509e-27  5.65000e-20  1.49785e-10  1.74233e-09
 2375.200  1.12560e-27  5.65000e-20  1.46182e-10  1.70653e-09
 2375.300  1.10612e-27  5.65000e-20  1.42621e-10  1.67097e-09
 2375.400  1.08665e-27  5.65000e-20  1.39094e-10  1.63559e-09
 2375.500  1.06718e-27  5.65000e-20  1.35605e-10  1.60041e-09
 2375.600  1.04771e-27  5.65000e-20  1.32151e-10  1.56543e-09
 2375.700  1.02822e-27  5.65000e-20  1.28730e-10  1.53059e-09
 2375.800  1.00878e-27  5.65000e-20  1.25354e-10  1.49604e-09
 2375.900  9.89617e-28  5.65000e-20  1.22047e-10  1.46209e-09
 2376.000  9.70457e-28  5.65000e-20  1.18776e-10  1.42833e-09
 2376.100  9.51298e-28  5.65000e-20  1.15541e-10  1.39477e-09
 2376.200  9.32117e-28  5.65000e-20  1.12338e-10  1.36136e-09
 2376.300  9.12961e-28  5.65000e-20  1.09176e-10  1.32820e-09
 2376.400  8.93807e-28  5.65000e-20  1.06049e-10  1.29524e-09
 2376.500  8.74654e-28  5.65000e-20  1.02957e-10  1.26247e-09
 2376.600  8.55503e-28  5.65000e-20  9.99016e-11  1.22991e-09
 2376.700  8.36330e-28  5.65000e-20  9.68786e-11  1.19751e-09
 2376.800  8.17183e-28  5.65000e-20  9.38958e-11  1.16536e-09
 2376.900  7.98036e-28  5.65000e-20  9.09481e-11  1.13340e-09
 2377.000  7.78892e-28  5.65000e-20  8.80364e-11  1.10165e-09
 2377.100  7.59749e-28  5.65000e-20  8.51712e-11  1.07018e-09
 2377.200  7.40584e-28  5.65000e-20  8.23381e-11  1.03888e-09
 2377.300  7.21444e-28  5.65000e-20  7.95444e-11  1.00782e-09
 2377.400  7.19328e-28  5.65000e-20  7.86466e-11  1.00064e-09
 2377.500  7.28583e-28  5.65000e-20  7.89852e-11  1.00923e-09
 2377.600  7.37836e-28  5.65000e-20  7.93065e-11  1.01768e-09
 2377.700  7.47100e-28  5.65000e-20  7.96111e-11  1.02601e-09
 2377.800  7.56353e-28  5.65000e-20  7.98985e-11  1.03421e-09
 2377.900  7.65604e-28  5.65000e-20  8.01679e-11  1.04226e-09
 2378.000  7.74855e-28  5.65000e-20  8.04200e-11  1.05019e-09
 2378.100  7.84104e-28  5.65000e-20  8.06548e-11  1.05798e-09
 2378.200  7.93365e-28  5.65000e-20  8.08726e-11  1.06565e-09
 2378.300  8.02613e-28  5.65000e-20  8.10735e-11  1.07317e-09
 2378.400  8.11860e-28  5.65000e-20  8.12563e-11  1.08055e-09
 2378.500  8.21107e-28  5.65000e-20  8.14218e-11  1.08779e-09
 2378.600  8.30353e-28  5.65000e-20  8.15700e-11  1.09489e-09
 2378.700  8.39609e-28  5.65000e-20  8.17012e-11  1.10187e-09
 2378.800  8.48854e-28  5.65000e-20  8.18155e-11  1.10869e-09
 2378.900  8.64683e-28  5.65000e-20  8.25403e-11  1.12392e-09
 2379.000  9.29529e-28  5.65000e-20  8.78693e-11  1.20234e-09
 2379.100  9.94369e-28  5.65000e-20  1.03166e-10  1.34747e-09
 2379.200  1.05928e-27  5.65000e-20  1.19679e-10  1.49793e-09
 2379.300  1.12411e-27  5.65000e-20  1.37360e-10  1.65315e-09
 2379.400  1.18894e-27  5.65000e-20  1.56249e-10  1.81327e-09
 2379.500  1.25376e-27  5.65000e-20  1.76334e-10  1.97811e-09
 2379.600  1.31857e-27  5.65000e-20  1.97617e-10  2.14753e-09
 2379.700  1.38346e-27  5.65000e-20  2.20122e-10  2.32161e-09
 2379.800  1.44826e-27  5.65000e-20  2.43787e-10  2.49979e-09
 2379.900  1.51305e-27  5.65000e-20  2.68663e-10  2.68230e-09
 2380.000  1.57785e-27  5.65000e-20  2.94737e-10  2.86897e-09
 2380.100  1.64263e-27  5.65000e-20  3.22009e-10  3.05971e-09
 2380.200  1.70749e-27  5.65000e-20  3.50511e-10  3.25466e-09
 2380.300  1.77227e-27  5.65000e-20  3.80164e-10  3.45323e-09
 2380.400  1.83704e-27  5.65000e-20  4.11031e-10  3.65571e-09
 2380.500  1.94166e-27  5.65000e-20  4.52383e-10  3.94289e-09
 2380.600  2.06870e-27  5.65000e-20  5.01104e-10  4.28340e-09
 2380.700  2.19589e-27  5.65000e-20  5.52234e-10  4.63279e-09
 2380.800  2.32292e-27  5.65000e-20  6.05635e-10  4.98997e-09
 2380.900  2.44993e-27  5.65000e-20  6.61406e-10  5.35534e-09
 2381.000  2.57694e-27  5.65000e-20  7.19528e-10  5.72864e-09
 2381.100  2.70393e-27  5.65000e-20  7.56258e-10  6.01601e-09
 2381.200  2.83107e-27  5.65000e-20  7.93150e-10  6.30418e-09
 2381.300  2.95804e-27  5.65000e-20  8.30113e-10  6.59245e-09
 2381.400  3.08500e-27  5.65000e-20  8.67194e-10  6.88116e-09
 2381.500  3.21195e-27  5.65000e-20  9.04391e-10  7.17032e-09
 2381.600  3.33889e-27  5.65000e-20  9.41706e-10  7.45993e-09
 2381.700  3.46598e-27  5.65000e-20  9.79182e-10  7.75033e-09
 2381.800  3.59290e-27  5.65000e-20  1.01673e-09  8.04082e-09
 2381.900  3.71981e-27  5.65000e-20  1.05439e-09  8.33177e-09
 2382.000  3.83185e-27  5.65000e-20  1.08796e-09  8.58985e-09
 2382.100  3.86515e-27  5.65000e-20  1.09923e-09  8.67170e-09
 2382.200  3.89850e-27  5.65000e-20  1.11055e-09  8.75375e-09
 2382.300  3.93180e-27  5.65000e-20  1.12189e-09  8.83582e-09
 2382.400  3.96509e-27  5.65000e-20  1.13326e-09  8.91800e-09
 2382.500  3.99839e-27  5.65000e-20  1.14466e-09  9.00030e-09
 2382.600  4.03168e-27  5.65000e-20  1.15609e-09  9.08271e-09
 2382.700  4.06501e-27  5.65000e-20  1.16757e-09  9.16533e-09
 2382.800  4.09830e-27  5.65000e-20  1.17906e-09  9.24795e-09
 2382.900  4.13158e-27  5.65000e-20  1.19059e-09  9.33070e-09
 2383.000  4.16486e-27  5.65000e-20  1.20214e-09  9.41355e-09
 2383.100  4.19814e-27  5.65000e-20  1.21377e-09  9.49669e-09
 2383.200  4.23145e-27  5.65000e-20  1.22544e-09  9.58003e-09
 2383.300  4.26473e-27  5.65000e-20  1.23713e-09  9.66339e-09
 2383.400  4.29800e-27  5.65000e-20  1.24886e-09  9.74686e-09
 2383.500  4.33126e-27  5.65000e-20  1.26061e-09  9.83045e-09
 2383.600  4.28478e-27  5.65000e-20  1.24915e-09  9.73301e-09
 2383.700  4.20069e-27  5.65000e-20  1.22666e-09  9.54990e-09
 2383.800  4.11672e-27  5.65000e-20  1.20413e-09  9.36671e-09
 2383.900  4.03275e-27  5.65000e-20  1.18151e-09  9.18322e-09
 2384.000  3.94878e-27  5.65000e-20  1.15882e-09  8.99943e-09
 2384.100  3.86483e-27  5.65000e-20  1.13604e-09  8.81533e-09
 2384.200  3.78078e-27  5.65000e-20  1.11316e-09  8.63070e-09
 2384.300  3.69683e-27  5.65000e-20  1.09023e-09  8.44599e-09
 2384.400  3.61290e-27  5.65000e-20  1.06722e-09  8.26098e-09
 2384.500  3.52897e-27  5.65000e-20  1.04414e-09  8.07567e-09
 2384.600  3.44505e-27  5.65000e-20  1.02097e-09  7.89006e-09
 2384.700  3.36103e-27  5.65000e-20  9.97698e-10  7.70392e-09
 2384.800  3.27713e-27  5.65000e-20  9.74373e-10  7.51770e-09
 2384.900  3.19323e-27  5.65000e-20  9.50971e-10  7.33119e-09
 2385.000  3.10934e-27  5.65000e-20  9.27490e-10  7.14437e-09
 2385.100  3.02584e-27  5.65000e-20  9.04081e-10  6.95829e-09
 2385.200  2.94383e-27  5.65000e-20  8.81035e-10  6.77530e-09
 2385.300  2.86192e-27  5.65000e-20  8.57937e-10  6.59223e-09
 2385.400  2.78002e-27  5.65000e-20  8.34762e-10  6.40886e-09
 2385.500  2.69813e-27  5.65000e-20  8.11507e-10  6.22520e-09
 2385.600  2.61624e-27  5.65000e-20  7.88174e-10  6.04124e-09
 2385.700  2.53426e-27  5.65000e-20  7.64733e-10  5.85675e-09
 2385.800  2.45239e-27  5.65000e-20  7.41242e-10  5.67219e-09
 2385.900  2.37053e-27  5.65000e-20  7.17672e-10  5.48733e-09
 2386.000  2.28867e-27  5.65000e-20  6.94023e-10  5.30218e-09
 2386.100  2.20682e-27  5.65000e-20  6.70296e-10  5.11673e-09
 2386.200  2.12487e-27  5.65000e-20  6.46461e-10  4.93075e-09
 2386.300  2.04303e-27  5.65000e-20  6.22574e-10  4.74470e-09
 2386.400  1.96120e-27  5.65000e-20  5.98610e-10  4.55837e-09
 2386.500  1.87938e-27  5.65000e-20  5.74568e-10  4.37173e-09
 2386.600  1.79756e-27  5.65000e-20  5.50446e-10  4.18480e-09
 2386.700  1.74530e-27  5.65000e-20  5.35310e-10  4.06644e-09
 2386.800  1.70459e-27  5.65000e-20  5.23667e-10  3.97478e-09
 2386.900  1.66388e-27  5.65000e-20  5.11986e-10  3.88298e-09
 2387.000  1.62317e-27  5.65000e-20  5.00265e-10  3.79103e-09
 2387.100  1.58246e-27  5.65000e-20  4.88526e-10  3.69902e-09
 2387.200  1.54171e-27  5.65000e-20  4.76732e-10  3.60674e-09
 2387.300  1.50101e-27  5.65000e-20  4.64911e-10  3.51442e-09
 2387.400  1.46032e-27  5.65000e-20  4.53051e-10  3.42195e-09
 2387.500  1.41963e-27  5.65000e-20  4.41151e-10  3.32933e-09
 2387.600  1.37894e-27  5.65000e-20  4.29210e-10  3.23656e-09
 2387.700  1.33821e-27  5.65000e-20  4.17214e-10  3.14353e-09
 2387.800  1.29753e-27  5.65000e-20  4.05192e-10  3.05045e-09
 2387.900  1.25685e-27  5.65000e-20  3.93130e-10  2.95723e-09
 2388.000  1.21617e-27  5.65000e-20  3.81028e-10  2.86386e-09
 2388.100  1.17550e-27  5.65000e-20  3.68886e-10  2.77035e-09
 2388.200  1.14661e-27  5.65000e-20  3.60404e-10  2.70445e-09
 2388.300  1.15509e-27  5.65000e-20  3.63658e-10  2.72665e-09
 2388.400  1.16357e-27  5.65000e-20  3.66921e-10  2.74889e-09
 2388.500  1.17204e-27  5.65000e-20  3.70193e-10  2.77116e-09
 2388.600  1.18052e-27  5.65000e-20  3.73473e-10  2.79346e-09
 2388.700  1.18901e-27  5.65000e-20  3.76766e-10  2.81581e-09
 2388.800  1.19748e-27  5.65000e-20  3.80063e-10  2.83817e-09
 2388.900  1.20596e-27  5.65000e-20  3.83369e-10  2.86055e-09
 2389.000  1.21443e-27  5.65000e-20  3.86683e-10  2.88297e-09
 2389.100  1.22290e-27  5.65000e-20  3.89725e-10  2.90436e-09
 2389.200  1.23139e-27  5.65000e-20  3.92775e-10  2.92580e-09
 2389.300  1.23986e-27  5.65000e-20  3.95826e-10  2.94723e-09
 2389.400  1.24833e-27  5.65000e-20  3.98882e-10  2.96867e-09
 2389.500  1.25680e-27  5.65000e-20  4.01942e-10  2.99013e-09
 2389.600  1.26527e-27  5.65000e-20  4.05007e-10  3.01161e-09
 2389.700  1.27375e-27  5.65000e-20  4.08081e-10  3.03313e-09
 2389.800  1.27511e-27  5.65000e-20  4.08874e-10  3.03769e-09
 2389.900  1.27421e-27  5.65000e-20  4.08947e-10  3.03690e-09
 2390.000  1.27332e-27  5.65000e-20  4.09018e-10  3.03610e-09
 2390.100  1.27242e-27  5.65000e-20  4.09090e-10  3.03529e-09
 2390.200  1.27153e-27  5.65000e-20  4.09160e-10  3.03449e-09
 2390.300  1.27063e-27  5.65000e-20  4.09231e-10  3.03368e-09
 2390.400  1.26974e-27  5.65000e-20  4.09301e-10  3.03287e-09
 2390.500  1.26885e-27  5.65000e-20  4.09370e-10  3.03206e-09
 2390.600  1.26795e-27  5.65000e-20  4.09439e-10  3.03125e-09
 2390.700  1.26706e-27  5.65000e-20  4.09508e-10  3.03044e-09
 2390.800  1.26616e-27  5.65000e-20  4.09576e-10  3.02962e-09
 2390.900  1.26527e-27  5.65000e-20  4.09644e-10  3.02880e-09
 2391.000  1.26438e-27  5.65000e-20  4.09712e-10  3.02798e-09
 2391.100  1.26348e-27  5.65000e-20  4.09050e-10  3.02447e-09
 2391.200  1.26259e-27  5.65000e-20  4.08389e-10  3.02095e-09
 2391.300  1.25489e-27  5.65000e-20  4.05528e-10  3.00115e-09
 2391.400  1.22975e-27  5.65000e-20  3.97042e-10  2.93969e-09
 2391.500  1.20461e-27  5.65000e-20  3.88571e-10  2.87829e-09
 2391.600  1.17947e-27  5.65000e-20  3.80115e-10  2.81694e-09
 2391.700  1.15431e-27  5.65000e-20  3.71665e-10  2.75558e-09
 2391.800  1.12918e-27  5.65000e-20  3.63241e-10  2.69435e-09
 2391.900  1.10405e-27  5.65000e-20  3.54832e-10  2.63318e-09
 2392.000  1.07892e-27  5.65000e-20  3.46438e-10  2.57208e-09
 2392.100  1.05380e-27  5.65000e-20  3.38060e-10  2.51103e-09
 2392.200  1.02864e-27  5.65000e-20  3.29687e-10  2.44996e-09
 2392.300  1.00352e-27  5.65000e-20  3.21340e-10  2.38903e-09
 2392.400  9.78405e-28  5.65000e-20  3.13008e-10  2.32816e-09
 2392.500  9.53289e-28  5.65000e-20  3.04691e-10  2.26735e-09
 2392.600  9.28174e-28  5.65000e-20  2.96390e-10  2.20659e-09
 2392.700  9.03031e-28  5.65000e-20  2.88095e-10  2.14583e-09
 2392.800  8.77921e-28  5.65000e-20  2.79825e-10  2.08519e-09
 2392.900  8.87721e-28  5.65000e-20  2.82686e-10  2.10749e-09
 2393.000  9.06259e-28  5.65000e-20  2.88321e-10  2.15050e-09
 2393.100  9.24796e-28  5.65000e-20  2.93954e-10  2.19350e-09
 2393.200  9.43353e-28  5.65000e-20  2.99583e-10  2.23651e-09
 2393.300  9.61887e-28  5.65000e-20  3.05194e-10  2.27943e-09
 2393.400  9.80419e-28  5.65000e-20  3.10793e-10  2.32229e-09
 2393.500  9.98949e-28  5.65000e-20  3.16381e-10  2.36512e-09
 2393.600  1.01748e-27  5.65000e-20  3.21958e-10  2.40790e-09
 2393.700  1.03603e-27  5.65000e-20  3.27531e-10  2.45069e-09
 2393.800  1.05455e-27  5.65000e-20  3.33086e-10  2.49338e-09
 2393.900  1.07308e-27  5.65000e-20  3.38630e-10  2.53603e-09
 2394.000  1.09160e-27  5.65000e-20  3.44162e-10  2.57863e-09
 2394.100  1.11012e-27  5.65000e-20  3.49683e-10  2.62119e-09
 2394.200  1.12866e-27  5.65000e-20  3.55200e-10  2.66376e-09
 2394.300  1.14718e-27  5.65000e-20  3.60700e-10  2.70623e-09
 2394.400  1.16720e-27  5.65000e-20  3.66659e-10  2.75220e-09
 2394.500  1.19043e-27  5.65000e-20  3.73615e-10  2.80570e-09
 2394.600  1.21366e-27  5.65000e-20  3.80558e-10  2.85914e-09
 2394.700  1.23692e-27  5.65000e-20  3.87494e-10  2.91258e-09
 2394.800  1.26014e-27  5.65000e-20  3.94409e-10  2.96591e-09
 2394.900  1.28336e-27  5.65000e-20  4.01309e-10  3.01919e-09
 2395.000  1.30658e-27  5.65000e-20  4.08195e-10  3.07240e-09
 2395.100  1.32980e-27  5.65000e-20  4.15072e-10  3.12558e-09
 2395.200  1.35305e-27  5.65000e-20  4.21944e-10  3.17878e-09
 2395.300  1.37626e-27  5.65000e-20  4.28795e-10  3.23185e-09
 2395.400  1.39948e-27  5.65000e-20  4.35631e-10  3.28487e-09
 2395.500  1.42269e-27  5.65000e-20  4.42453e-10  3.33783e-09
 2395.600  1.44590e-27  5.65000e-20  4.49261e-10  3.39073e-09
 2395.700  1.46913e-27  5.65000e-20  4.56064e-10  3.44365e-09
 2395.800  1.49234e-27  5.65000e-20  4.62845e-10  3.49645e-09
 2395.900  1.51554e-27  5.65000e-20  4.69612e-10  3.54919e-09
 2396.000  1.52781e-27  5.65000e-20  4.72981e-10  3.57628e-09
 2396.100  1.53796e-27  5.65000e-20  4.75686e-10  3.59839e-09
 2396.200  1.54812e-27  5.65000e-20  4.78389e-10  3.62050e-09
 2396.300  1.55826e-27  5.65000e-20  4.81083e-10  3.64256e-09
 2396.400  1.56841e-27  5.65000e-20  4.83771e-10  3.66459e-09
 2396.500  1.57855e-27  5.65000e-20  4.86452e-10  3.68659e-09
 2396.600  1.58870e-27  5.65000e-20  4.89127e-10  3.70858e-09
 2396.700  1.59885e-27  5.65000e-20  4.91799e-10  3.73056e-09
 2396.800  1.60900e-27  5.65000e-20  4.94463e-10  3.75249e-09
 2396.900  1.61914e-27  5.65000e-20  4.97120e-10  3.77440e-09
 2397.000  1.62928e-27  5.65000e-20  4.99770e-10  3.79628e-09
 2397.100  1.63942e-27  5.65000e-20  5.02413e-10  3.81813e-09
 2397.200  1.64957e-27  5.65000e-20  5.05053e-10  3.83999e-09
 2397.300  1.65971e-27  5.65000e-20  5.07684e-10  3.86179e-09
 2397.400  1.66984e-27  5.65000e-20  5.10309e-10  3.88356e-09
 2397.500  1.67331e-27  5.65000e-20  5.10891e-10  3.88981e-09
 2397.600  1.66474e-27  5.65000e-20  5.07799e-10  3.86808e-09
 2397.700  1.65616e-27  5.65000e-20  5.04709e-10  3.84634e-09
 2397.800  1.64759e-27  5.65000e-20  5.01628e-10  3.82465e-09
 2397.900  1.63903e-27  5.65000e-20  4.98551e-10  3.80298e-09
 2398.000  1.63046e-27  5.65000e-20  4.95480e-10  3.78132e-09
 2398.100  1.62189e-27  5.65000e-20  4.92413e-10  3.75969e-09
 2398.200  1.61332e-27  5.65000e-20  4.89348e-10  3.73805e-09
 2398.300  1.60475e-27  5.65000e-20  4.86292e-10  3.71645e-09
 2398.400  1.59619e-27  5.65000e-20  4.83241e-10  3.69488e-09
 2398.500  1.58763e-27  5.65000e-20  4.80195e-10  3.67332e-09
 2398.600  1.57906e-27  5.65000e-20  4.77153e-10  3.65178e-09
 2398.700  1.57049e-27  5.65000e-20  4.74113e-10  3.63023e-09
 2398.800  1.56193e-27  5.65000e-20  4.71082e-10  3.60874e-09
 2398.900  1.55337e-27  5.65000e-20  4.68056e-10  3.58725e-09
 2399.000  1.54481e-27  5.65000e-20  4.65035e-10  3.56579e-09
 2399.100  1.51258e-27  5.65000e-20  4.54373e-10  3.48771e-09
 2399.200  1.47693e-27  5.65000e-20  4.42729e-10  3.40193e-09
 2399.300  1.44134e-27  5.65000e-20  4.31146e-10  3.31643e-09
 2399.400  1.40575e-27  5.65000e-20  4.19607e-10  3.23110e-09
 2399.500  1.37016e-27  5.65000e-20  4.08115e-10  3.14595e-09
 2399.600  1.33457e-27  5.65000e-20  3.96668e-10  3.06098e-09
 2399.700  1.29894e-27  5.65000e-20  3.85254e-10  2.97608e-09
 2399.800  1.26336e-27  5.65000e-20  3.73900e-10  2.89146e-09
 2399.900  1.22778e-27  5.65000e-20  3.62591e-10  2.80702e-09
 2400.000  1.19221e-27  5.65000e-20  3.51328e-10  2.72275e-09
 2400.100  1.15664e-27  5.65000e-20  3.40111e-10  2.63867e-09
 2400.200  1.12102e-27  5.65000e-20  3.28927e-10  2.55466e-09
 2400.300  1.08546e-27  5.65000e-20  3.17802e-10  2.47093e-09
 2400.400  1.04990e-27  5.65000e-20  3.06723e-10  2.38738e-09
 2400.500  1.01434e-27  5.65000e-20  2.95690e-10  2.30401e-09
 2400.600  1.00127e-27  5.65000e-20  2.91245e-10  2.27185e-09
 2400.700  1.02242e-27  5.65000e-20  2.96746e-10  2.31730e-09
 2400.800  1.04354e-27  5.65000e-20  3.02213e-10  2.36258e-09
 2400.900  1.06466e-27  5.65000e-20  3.07652e-10  2.40775e-09
 2401.000  1.08578e-27  5.65000e-20  3.13064e-10  2.45280e-09
 2401.100  1.10689e-27  5.65000e-20  3.20936e-10  2.50748e-09
 2401.200  1.12803e-27  5.65000e-20  3.28885e-10  2.56247e-09
 2401.300  1.14914e-27  5.65000e-20  3.36891e-10  2.61763e-09
 2401.400  1.17025e-27  5.65000e-20  3.44966e-10  2.67303e-09
 2401.500  1.19136e-27  5.65000e-20  3.53109e-10  2.72868e-09
 2401.600  1.21247e-27  5.65000e-20  3.61320e-10  2.78457e-09
 2401.700  1.23360e-27  5.65000e-20  3.69609e-10  2.84076e-09
 2401.800  1.25470e-27  5.65000e-20  3.77954e-10  2.89712e-09
 2401.900  1.27581e-27  5.65000e-20  3.86369e-10  2.95372e-09
 2402.000  1.29691e-27  5.65000e-20  3.94851e-10  3.01056e-09
 2402.100  1.31800e-27  5.65000e-20  4.03402e-10  3.06763e-09
 2402.200  1.31784e-27  5.65000e-20  4.05481e-10  3.07534e-09
 2402.300  1.31573e-27  5.65000e-20  4.06952e-10  3.07844e-09
 2402.400  1.31361e-27  5.65000e-20  4.08419e-10  3.08150e-09
 2402.500  1.31149e-27  5.65000e-20  4.09879e-10  3.08451e-09
 2402.600  1.30938e-27  5.65000e-20  4.11333e-10  3.08749e-09
 2402.700  1.30726e-27  5.65000e-20  4.12782e-10  3.09042e-09
 2402.800  1.30515e-27  5.65000e-20  4.14220e-10  3.09329e-09
 2402.900  1.30303e-27  5.65000e-20  4.15655e-10  3.09613e-09
 2403.000  1.30092e-27  5.65000e-20  4.17083e-10  3.09893e-09
 2403.100  1.29880e-27  5.65000e-20  4.14870e-10  3.08819e-09
 2403.200  1.29668e-27  5.65000e-20  4.12661e-10  3.07744e-09
 2403.300  1.29457e-27  5.65000e-20  4.10459e-10  3.06672e-09
 2403.400  1.29246e-27  5.65000e-20  4.08261e-10  3.05600e-09
 2403.500  1.29034e-27  5.65000e-20  4.06068e-10  3.04528e-09
 2403.600  1.28823e-27  5.65000e-20  4.03880e-10  3.03458e-09
 2403.700  1.29897e-27  5.65000e-20  4.05710e-10  3.05410e-09
 2403.800  1.32636e-27  5.65000e-20  4.12696e-10  3.11258e-09
 2403.900  1.35374e-27  5.65000e-20  4.19615e-10  3.17080e-09
 2404.000  1.38112e-27  5.65000e-20  4.26468e-10  3.22875e-09
 2404.100  1.40850e-27  5.65000e-20  4.33255e-10  3.28644e-09
 2404.200  1.43591e-27  5.65000e-20  4.39985e-10  3.34394e-09
 2404.300  1.46328e-27  5.65000e-20  4.46643e-10  3.40110e-09
 2404.400  1.49065e-27  5.65000e-20  4.53232e-10  3.45800e-09
 2404.500  1.51802e-27  5.65000e-20  4.59756e-10  3.51462e-09
 2404.600  1.54539e-27  5.65000e-20  4.66214e-10  3.57098e-09
 2404.700  1.57279e-27  5.65000e-20  4.72615e-10  3.62714e-09
 2404.800  1.60015e-27  5.65000e-20  4.78943e-10  3.68297e-09
 2404.900  1.62751e-27  5.65000e-20  4.85204e-10  3.73852e-09
 2405.000  1.65487e-27  5.65000e-20  4.91399e-10  3.79380e-09
 2405.100  1.68223e-27  5.65000e-20  4.97510e-10  3.84874e-09
 2405.200  1.70961e-27  5.65000e-20  5.03562e-10  3.90347e-09
 2405.300  1.72882e-27  5.65000e-20  5.07154e-10  3.93931e-09
 2405.400  1.74762e-27  5.65000e-20  5.10578e-10  3.97402e-09
 2405.500  1.76642e-27  5.65000e-20  5.13956e-10  4.00853e-09
 2405.600  1.78522e-27  5.65000e-20  5.17288e-10  4.04285e-09
 2405.700  1.80404e-27  5.65000e-20  5.20579e-10  4.07701e-09
 2405.800  1.82283e-27  5.65000e-20  5.23822e-10  4.11094e-09
 2405.900  1.84162e-27  5.65000e-20  5.27017e-10  4.14465e-09
 2406.000  1.86041e-27  5.65000e-20  5.30166e-10  4.17817e-09
 2406.100  1.87920e-27  5.65000e-20  5.33269e-10  4.21149e-09
 2406.200  1.89801e-27  5.65000e-20  5.36330e-10  4.24465e-09
 2406.300  1.91680e-27  5.65000e-20  5.39344e-10  4.27757e-09
 2406.400  1.93558e-27  5.65000e-20  5.42309e-10  4.31028e-09
 2406.500  1.95437e-27  5.65000e-20  5.45229e-10  4.34278e-09
 2406.600  1.97315e-27  5.65000e-20  5.48103e-10  4.37509e-09
 2406.700  1.99195e-27  5.65000e-20  5.50935e-10  4.40722e-09
 2406.800  1.97807e-27  5.65000e-20  5.44724e-10  4.36701e-09
 2406.900  1.92754e-27  5.65000e-20  5.28499e-10  4.24620e-09
 2407.000  1.87703e-27  5.65000e-20  5.12396e-10  4.12585e-09
 2407.100  1.82651e-27  5.65000e-20  4.96403e-10  4.00594e-09
 2407.200  1.77594e-27  5.65000e-20  4.80514e-10  3.88636e-09
 2407.300  1.72543e-27  5.65000e-20  4.64769e-10  3.76741e-09
 2407.400  1.67493e-27  5.65000e-20  4.49144e-10  3.64894e-09
 2407.500  1.62444e-27  5.65000e-20  4.33642e-10  3.53096e-09
 2407.600  1.57394e-27  5.65000e-20  4.18263e-10  3.41346e-09
 2407.700  1.52339e-27  5.65000e-20  4.02988e-10  3.29631e-09
 2407.800  1.47291e-27  5.65000e-20  3.87856e-10  3.17979e-09
 2407.900  1.42243e-27  5.65000e-20  3.72845e-10  3.06376e-09
 2408.000  1.37195e-27  5.65000e-20  3.57957e-10  2.94822e-09
 2408.100  1.32148e-27  5.65000e-20  3.43191e-10  2.83318e-09
 2408.200  1.27095e-27  5.65000e-20  3.28531e-10  2.71849e-09
 2408.300  1.22049e-27  5.65000e-20  3.14013e-10  2.60445e-09
 2408.400  1.20814e-27  5.65000e-20  3.09375e-10  2.57203e-09
 2408.500  1.19616e-27  5.65000e-20  3.04863e-10  2.54052e-09
 2408.600  1.18419e-27  5.65000e-20  3.00380e-10  2.50912e-09
 2408.700  1.17221e-27  5.65000e-20  2.95920e-10  2.47779e-09
 2408.800  1.16024e-27  5.65000e-20  2.91496e-10  2.44662e-09
 2408.900  1.14827e-27  5.65000e-20  2.87100e-10  2.41554e-09
 2409.000  1.13630e-27  5.65000e-20  2.82733e-10  2.38457e-09
 2409.100  1.12434e-27  5.65000e-20  2.78387e-10  2.35368e-09
 2409.200  1.11235e-27  5.65000e-20  2.74066e-10  2.32287e-09
 2409.300  1.10039e-27  5.65000e-20  2.69780e-10  2.29221e-09
 2409.400  1.08843e-27  5.65000e-20  2.65522e-10  2.26165e-09
 2409.500  1.07646e-27  5.65000e-20  2.61293e-10  2.23120e-09
 2409.600  1.06450e-27  5.65000e-20  2.57093e-10  2.20087e-09
 2409.700  1.05253e-27  5.65000e-20  2.52918e-10  2.17061e-09
 2409.800  1.04057e-27  5.65000e-20  2.48777e-10  2.14051e-09
 2409.900  1.04243e-27  5.65000e-20  2.47952e-10  2.13886e-09
 2410.000  1.05761e-27  5.65000e-20  2.50274e-10  2.16444e-09
 2410.100  1.07279e-27  5.65000e-20  2.52559e-10  2.18985e-09
 2410.200  1.08799e-27  5.65000e-20  2.54809e-10  2.21511e-09
 2410.300  1.10316e-27  5.65000e-20  2.57020e-10  2.24016e-09
 2410.400  1.11834e-27  5.65000e-20  2.59192e-10  2.26503e-09
 2410.500  1.13352e-27  5.65000e-20  2.61327e-10  2.28972e-09
 2410.600  1.14869e-27  5.65000e-20  2.63424e-10  2.31422e-09
 2410.700  1.16388e-27  5.65000e-20  2.65486e-10  2.33857e-09
 2410.800  1.17905e-27  5.65000e-20  2.67509e-10  2.36272e-09
 2410.900  1.19422e-27  5.65000e-20  2.69494e-10  2.38667e-09
 2411.000  1.20939e-27  5.65000e-20  2.71440e-10  2.41044e-09
 2411.100  1.22456e-27  5.65000e-20  2.73300e-10  2.43380e-09
 2411.200  1.23974e-27  5.65000e-20  2.75122e-10  2.45700e-09
 2411.300  1.25491e-27  5.65000e-20  2.76905e-10  2.47998e-09
 2411.400  1.26956e-27  5.65000e-20  2.78536e-10  2.50174e-09
 2411.500  1.26647e-27  5.65000e-20  2.76258e-10  2.48846e-09
 2411.600  1.26337e-27  5.65000e-20  2.73988e-10  2.47518e-09
 2411.700  1.26028e-27  5.65000e-20  2.71723e-10  2.46191e-09
 2411.800  1.25718e-27  5.65000e-20  2.69469e-10  2.44867e-09
 2411.900  1.25409e-27  5.65000e-20  2.67222e-10  2.43543e-09
 2412.000  1.25100e-27  5.65000e-20  2.64982e-10  2.42221e-09
 2412.100  1.24791e-27  5.65000e-20  2.62750e-10  2.40901e-09
 2412.200  1.24481e-27  5.65000e-20  2.60523e-10  2.39580e-09
 2412.300  1.24172e-27  5.65000e-20  2.58308e-10  2.38263e-09
 2412.400  1.23863e-27  5.65000e-20  2.56098e-10  2.36946e-09
 2412.500  1.23554e-27  5.65000e-20  2.53897e-10  2.35631e-09
 2412.600  1.23245e-27  5.65000e-20  2.51703e-10  2.34317e-09
 2412.700  1.22935e-27  5.65000e-20  2.49514e-10  2.33003e-09
 2412.800  1.22626e-27  5.65000e-20  2.47336e-10  2.31692e-09
 2412.900  1.22317e-27  5.65000e-20  2.45165e-10  2.30382e-09
 2413.000  1.21004e-27  5.65000e-20  2.41001e-10  2.27188e-09
 2413.100  1.18859e-27  5.65000e-20  2.35221e-10  2.22449e-09
 2413.200  1.16712e-27  5.65000e-20  2.29488e-10  2.17728e-09
 2413.300  1.14568e-27  5.65000e-20  2.23818e-10  2.13037e-09
 2413.400  1.12424e-27  5.65000e-20  2.18201e-10  2.08369e-09
 2413.500  1.10280e-27  5.65000e-20  2.12638e-10  2.03725e-09
 2413.600  1.08136e-27  5.65000e-20  2.07130e-10  1.99105e-09
 2413.700  1.05989e-27  5.65000e-20  2.01671e-10  1.94504e-09
 2413.800  1.03846e-27  5.65000e-20  1.96274e-10  1.89933e-09
 2413.900  1.01703e-27  5.65000e-20  1.90930e-10  1.85387e-09
 2414.000  9.95595e-28  5.65000e-20  1.85640e-10  1.80864e-09
 2414.100  9.74166e-28  5.65000e-20  1.80406e-10  1.76367e-09
 2414.200  9.52712e-28  5.65000e-20  1.75219e-10  1.71889e-09
 2414.300  9.31286e-28  5.65000e-20  1.70095e-10  1.67442e-09
 2414.400  9.09862e-28  5.65000e-20  1.65024e-10  1.63019e-09
 2414.500  8.88635e-28  5.65000e-20  1.60043e-10  1.58656e-09
 2414.600  8.70294e-28  5.65000e-20  1.55632e-10  1.54831e-09
 2414.700  8.51932e-28  5.65000e-20  1.51263e-10  1.51024e-09
 2414.800  8.33594e-28  5.65000e-20  1.46947e-10  1.47242e-09
 2414.900  8.15257e-28  5.65000e-20  1.42676e-10  1.43482e-09
 2415.000  7.96922e-28  5.65000e-20  1.38452e-10  1.39744e-09
 2415.100  7.78589e-28  5.65000e-20  1.34275e-10  1.36028e-09
 2415.200  7.60234e-28  5.65000e-20  1.30140e-10  1.32329e-09
 2415.300  7.41904e-28  5.65000e-20  1.26058e-10  1.28657e-09
 2415.400  7.23575e-28  5.65000e-20  1.22022e-10  1.25007e-09
 2415.500  7.05247e-28  5.65000e-20  1.18032e-10  1.21380e-09
 2415.600  6.86921e-28  5.65000e-20  1.14089e-10  1.17775e-09
 2415.700  6.68575e-28  5.65000e-20  1.10189e-10  1.14188e-09
 2415.800  6.50252e-28  5.65000e-20  1.06340e-10  1.10628e-09
 2415.900  6.31930e-28  5.65000e-20  1.02538e-10  1.07091e-09
 2416.000  6.13610e-28  5.65000e-20  9.87828e-11  1.03577e-09
 2416.100  6.00953e-28  5.65000e-20  9.59783e-11  1.01037e-09
 2416.200  5.92344e-28  5.65000e-20  9.38468e-11  9.91911e-10
 2416.300  5.83747e-28  5.65000e-20  9.17404e-11  9.73573e-10
 2416.400  5.75150e-28  5.65000e-20  8.96552e-11  9.55332e-10
 2416.500  5.66555e-28  5.65000e-20  8.75919e-11  9.37192e-10
 2416.600  5.57959e-28  5.65000e-20  8.55505e-11  9.19154e-10
 2416.700  5.49354e-28  5.65000e-20  8.35288e-11  9.01198e-10
 2416.800  5.40761e-28  5.65000e-20  8.15321e-11  8.83370e-10
 2416.900  5.32168e-28  5.65000e-20  7.95565e-11  8.65641e-10
 2417.000  5.23575e-28  5.65000e-20  7.76030e-11  8.48017e-10
 2417.100  5.14984e-28  5.65000e-20  7.56730e-11  8.30507e-10
 2417.200  5.06383e-28  5.65000e-20  7.37628e-11  8.13081e-10
 2417.300  4.97792e-28  5.65000e-20  7.18773e-11  7.95785e-10
 2417.400  4.89203e-28  5.65000e-20  7.00131e-11  7.78592e-10
 2417.500  4.80614e-28  5.65000e-20  6.81707e-11  7.61506e-10
 2417.600  4.74644e-28  5.65000e-20  6.67184e-11  7.48657e-10
 2417.700  4.91913e-28  5.65000e-20  6.85173e-11  7.72361e-10
 2417.800  5.09159e-28  5.65000e-20  7.02703e-11  7.95772e-10
 2417.900  5.26404e-28  5.65000e-20  7.19783e-11  8.18910e-10
 2418.000  5.43647e-28  5.65000e-20  7.36419e-11  8.41777e-10
 2418.100  5.60889e-28  5.65000e-20  7.52612e-11  8.64370e-10
 2418.200  5.78150e-28  5.65000e-20  7.68382e-11  8.86717e-10
 2418.300  5.95389e-28  5.65000e-20  7.83695e-11  9.08762e-10
 2418.400  6.12627e-28  5.65000e-20  7.98558e-11  9.30523e-10
 2418.500  6.29863e-28  5.65000e-20  8.12976e-11  9.52002e-10
 2418.600  6.47098e-28  5.65000e-20  8.26951e-11  9.73197e-10
 2418.700  6.64352e-28  5.65000e-20  8.40500e-11  9.94131e-10
 2418.800  6.81584e-28  5.65000e-20  8.53595e-11  1.01476e-09
 2418.900  6.98814e-28  5.65000e-20  8.66239e-11  1.03508e-09
 2419.000  7.16043e-28  5.65000e-20  8.78438e-11  1.05512e-09
 2419.100  7.33271e-28  5.65000e-20  9.81963e-11  1.12890e-09
 2419.200  7.35863e-28  5.65000e-20  1.06821e-10  1.17951e-09
 2419.300  7.29416e-28  5.65000e-20  1.14076e-10  1.21356e-09
 2419.400  7.22969e-28  5.65000e-20  1.21195e-10  1.24531e-09
 2419.500  7.16523e-28  5.65000e-20  1.28170e-10  1.27493e-09
 2419.600  7.10077e-28  5.65000e-20  1.35003e-10  1.30257e-09
 2419.700  7.03624e-28  5.65000e-20  1.41697e-10  1.32839e-09
 2419.800  6.97180e-28  5.65000e-20  1.48234e-10  1.35245e-09
 2419.900  6.90736e-28  5.65000e-20  1.54636e-10  1.37495e-09
 2420.000  6.84292e-28  5.65000e-20  1.60893e-10  1.39594e-09
 2420.100  6.77849e-28  5.65000e-20  1.67007e-10  1.41550e-09
 2420.200  6.71399e-28  5.65000e-20  1.72983e-10  1.43373e-09
 2420.300  6.64957e-28  5.65000e-20  1.78802e-10  1.45064e-09
 2420.400  6.58516e-28  5.65000e-20  1.84485e-10  1.46636e-09
 2420.500  6.52075e-28  5.65000e-20  1.90025e-10  1.48091e-09
 2420.600  6.45635e-28  5.65000e-20  1.95420e-10  1.49436e-09
 2420.700  6.35861e-28  5.65000e-20  1.99633e-10  1.49890e-09
 2420.800  6.05320e-28  5.65000e-20  1.96858e-10  1.45226e-09
 2420.900  5.74781e-28  5.65000e-20  1.93404e-10  1.40268e-09
 2421.000  5.44244e-28  5.65000e-20  1.89263e-10  1.35022e-09
 2421.100  5.13710e-28  5.65000e-20  1.79036e-10  1.27586e-09
 2421.200  4.83141e-28  5.65000e-20  1.68750e-10  1.20125e-09
 2421.300  4.52612e-28  5.65000e-20  1.58431e-10  1.12657e-09
 2421.400  4.22086e-28  5.65000e-20  1.48067e-10  1.05173e-09
 2421.500  3.91562e-28  5.65000e-20  1.37658e-10  9.76734e-10
 2421.600  3.61041e-28  5.65000e-20  1.27203e-10  9.01575e-10
 2421.700  3.30484e-28  5.65000e-20  1.16689e-10  8.26164e-10
 2421.800  2.99968e-28  5.65000e-20  1.06142e-10  7.50685e-10
 2421.900  2.69454e-28  5.65000e-20  9.55505e-11  6.75048e-10
 2422.000  2.38943e-28  5.65000e-20  8.49131e-11  5.99253e-10
 2422.100  2.08434e-28  5.65000e-20  7.42301e-11  5.23299e-10
 2422.200  1.77890e-28  5.65000e-20  6.34883e-11  4.47094e-10
 2422.300  1.81290e-28  5.65000e-20  6.48396e-11  4.56124e-10
 2422.400  2.02396e-28  5.65000e-20  7.25428e-11  5.09770e-10
 2422.500  2.23501e-28  5.65000e-20  8.02776e-11  5.63524e-10
 2422.600  2.44604e-28  5.65000e-20  8.80439e-11  6.17386e-10
 2422.700  2.65730e-28  5.65000e-20  9.58514e-11  6.71422e-10
 2422.800  2.86830e-28  5.65000e-20  1.03681e-10  7.25499e-10
 2422.900  3.07927e-28  5.65000e-20  1.11542e-10  7.79685e-10
 2423.000  3.29023e-28  5.65000e-20  1.19435e-10  8.33978e-10
 2423.100  3.50117e-28  5.65000e-20  1.27352e-10  8.88353e-10
 2423.200  3.71235e-28  5.65000e-20  1.35310e-10  9.42898e-10
 2423.300  3.92326e-28  5.65000e-20  1.43288e-10  9.97480e-10
 2423.400  4.13415e-28  5.65000e-20  1.51297e-10  1.05217e-09
 2423.500  4.34502e-28  5.65000e-20  1.59338e-10  1.10696e-09
 2423.600  4.55587e-28  5.65000e-20  1.67409e-10  1.16185e-09
 2423.700  4.76697e-28  5.65000e-20  1.75520e-10  1.21692e-09
 2423.800  4.94913e-28  5.65000e-20  1.82595e-10  1.26469e-09
 2423.900  4.99467e-28  5.65000e-20  1.84647e-10  1.27761e-09
 2424.000  5.04020e-28  5.65000e-20  1.86705e-10  1.29056e-09
 2424.100  5.08573e-28  5.65000e-20  1.88770e-10  1.30352e-09
 2424.200  5.13131e-28  5.65000e-20  1.90844e-10  1.31652e-09
 2424.300  5.17683e-28  5.65000e-20  1.92922e-10  1.32953e-09
 2424.400  5.22235e-28  5.65000e-20  1.95007e-10  1.34256e-09
 2424.500  5.26787e-28  5.65000e-20  1.97098e-10  1.35561e-09
 2424.600  5.31338e-28  5.65000e-20  1.99197e-10  1.36868e-09
 2424.700  5.35894e-28  5.65000e-20  2.01304e-10  1.38179e-09
 2424.800  5.40444e-28  5.65000e-20  2.03416e-10  1.39490e-09
 2424.900  5.44994e-28  5.65000e-20  2.05534e-10  1.40804e-09
 2425.000  5.49544e-28  5.65000e-20  2.07660e-10  1.42119e-09
 2425.100  5.54093e-28  5.65000e-20  2.09780e-10  1.43433e-09
 2425.200  5.58647e-28  5.65000e-20  2.11910e-10  1.44750e-09
 2425.300  5.63196e-28  5.65000e-20  2.14043e-10  1.46068e-09
 2425.400  5.55249e-28  5.65000e-20  2.11425e-10  1.44144e-09
 2425.500  5.41750e-28  5.65000e-20  2.06678e-10  1.40774e-09
 2425.600  5.28252e-28  5.65000e-20  2.01911e-10  1.37397e-09
 2425.700  5.14738e-28  5.65000e-20  1.97120e-10  1.34009e-09
 2425.800  5.01243e-28  5.65000e-20  1.92315e-10  1.30619e-09
 2425.900  4.87748e-28  5.65000e-20  1.87491e-10  1.27222e-09
 2426.000  4.74254e-28  5.65000e-20  1.82648e-10  1.23819e-09
 2426.100  4.60762e-28  5.65000e-20  1.77786e-10  1.20410e-09
 2426.200  4.47254e-28  5.65000e-20  1.72899e-10  1.16990e-09
 2426.300  4.33764e-28  5.65000e-20  1.67999e-10  1.13568e-09
 2426.400  4.20275e-28  5.65000e-20  1.63079e-10  1.10139e-09
 2426.500  4.06787e-28  5.65000e-20  1.58141e-10  1.06704e-09
 2426.600  3.93300e-28  5.65000e-20  1.53183e-10  1.03263e-09
 2426.700  3.79797e-28  5.65000e-20  1.48201e-10  9.98106e-10
 2426.800  3.66313e-28  5.65000e-20  1.43205e-10  9.63564e-10
 2426.900  3.56264e-28  5.65000e-20  1.39535e-10  9.38001e-10
 2427.000  3.59232e-28  5.65000e-20  1.40959e-10  9.46692e-10
 2427.100  3.62199e-28  5.65000e-20  1.42378e-10  9.55368e-10
 2427.200  3.65170e-28  5.65000e-20  1.43803e-10  9.64068e-10
 2427.300  3.68137e-28  5.65000e-20  1.45231e-10  9.72769e-10
 2427.400  3.71103e-28  5.65000e-20  1.46663e-10  9.81484e-10
 2427.500  3.74070e-28  5.65000e-20  1.48099e-10  9.90211e-10
 2427.600  3.77036e-28  5.65000e-20  1.49539e-10  9.98951e-10
 2427.700  3.80006e-28  5.65000e-20  1.50985e-10  1.00771e-09
 2427.800  3.82971e-28  5.65000e-20  1.52433e-10  1.01648e-09
 2427.900  3.85937e-28  5.65000e-20  1.53885e-10  1.02526e-09
 2428.000  3.88902e-28  5.65000e-20  1.55342e-10  1.03405e-09
 2428.100  3.91867e-28  5.65000e-20  1.56803e-10  1.04285e-09
 2428.200  3.94835e-28  5.65000e-20  1.58270e-10  1.05168e-09
 2428.300  3.97800e-28  5.65000e-20  1.59738e-10  1.06050e-09
 2428.400  4.00764e-28  5.65000e-20  1.61211e-10  1.06935e-09
 2428.500  4.18078e-28  5.65000e-20  1.68471e-10  1.11652e-09
 2428.600  4.40826e-28  5.65000e-20  1.77949e-10  1.17830e-09
 2428.700  4.63600e-28  5.65000e-20  1.87470e-10  1.24026e-09
 2428.800  4.86345e-28  5.65000e-20  1.97011e-10  1.30225e-09
 2428.900  5.09087e-28  5.65000e-20  2.06583e-10  1.36433e-09
 2429.000  5.31828e-28  5.65000e-20  2.16187e-10  1.42651e-09
 2429.100  5.54567e-28  5.65000e-20  2.25757e-10  1.48858e-09
 2429.200  5.77331e-28  5.65000e-20  2.35364e-10  1.55081e-09
 2429.300  6.00066e-28  5.65000e-20  2.44986e-10  1.61304e-09
 2429.400  6.22800e-28  5.65000e-20  2.54635e-10  1.67536e-09
 2429.500  6.45531e-28  5.65000e-20  2.64309e-10  1.73776e-09
 2429.600  6.68260e-28  5.65000e-20  2.74009e-10  1.80024e-09
 2429.700  6.91016e-28  5.65000e-20  2.83748e-10  1.86288e-09
 2429.800  7.13741e-28  5.65000e-20  2.93500e-10  1.92553e-09
 2429.900  7.36465e-28  5.65000e-20  3.03279e-10  1.98826e-09
 2430.000  7.54522e-28  5.65000e-20  3.11160e-10  2.03846e-09
 2430.100  7.58137e-28  5.65000e-20  3.13098e-10  2.04970e-09
 2430.200  7.61757e-28  5.65000e-20  3.15043e-10  2.06096e-09
 2430.300  7.65372e-28  5.65000e-20  3.16989e-10  2.07221e-09
 2430.400  7.68986e-28  5.65000e-20  3.18940e-10  2.08348e-09
 2430.500  7.72601e-28  5.65000e-20  3.20895e-10  2.09476e-09
 2430.600  7.76215e-28  5.65000e-20  3.22855e-10  2.10606e-09
 2430.700  7.79833e-28  5.65000e-20  3.24821e-10  2.11738e-09
 2430.800  7.83447e-28  5.65000e-20  3.26788e-10  2.12870e-09
 2430.900  7.87060e-28  5.65000e-20  3.28760e-10  2.14003e-09
 2431.000  7.90673e-28  5.65000e-20  3.30737e-10  2.15137e-09
 2431.100  7.94285e-28  5.65000e-20  3.31882e-10  2.16001e-09
 2431.200  7.97902e-28  5.65000e-20  3.33026e-10  2.16865e-09
 2431.300  8.01514e-28  5.65000e-20  3.34165e-10  2.17727e-09
 2431.400  8.05126e-28  5.65000e-20  3.35300e-10  2.18587e-09
 2431.500  8.08737e-28  5.65000e-20  3.36431e-10  2.19446e-09
 2431.600  7.83092e-28  5.65000e-20  3.25402e-10  2.12370e-09
 2431.700  7.48202e-28  5.65000e-20  3.10559e-10  2.02795e-09
 2431.800  7.13358e-28  5.65000e-20  2.95768e-10  1.93244e-09
 2431.900  6.78517e-28  5.65000e-20  2.81010e-10  1.83703e-09
 2432.000  6.43679e-28  5.65000e-20  2.66284e-10  1.74174e-09
 2432.100  6.08843e-28  5.65000e-20  2.51592e-10  1.64656e-09
 2432.200  5.73968e-28  5.65000e-20  2.36916e-10  1.55137e-09
 2432.300  5.39138e-28  5.65000e-20  2.22291e-10  1.45642e-09
 2432.400  5.04311e-28  5.65000e-20  2.07699e-10  1.36158e-09
 2432.500  4.69487e-28  5.65000e-20  1.93140e-10  1.26685e-09
 2432.600  4.34666e-28  5.65000e-20  1.78615e-10  1.17223e-09
 2432.700  3.99805e-28  5.65000e-20  1.64105e-10  1.07761e-09
 2432.800  3.64989e-28  5.65000e-20  1.49646e-10  9.83215e-10
 2432.900  3.30177e-28  5.65000e-20  1.35220e-10  8.88935e-10
 2433.000  2.95367e-28  5.65000e-20  1.20828e-10  7.94768e-10
 2433.100  2.77947e-28  5.65000e-20  1.13571e-10  7.47463e-10
 2433.200  3.05355e-28  5.65000e-20  1.24626e-10  8.20695e-10
 2433.300  3.32727e-28  5.65000e-20  1.35641e-10  8.93747e-10
 2433.400  3.60098e-28  5.65000e-20  1.46628e-10  9.66708e-10
 2433.500  3.87466e-28  5.65000e-20  1.57590e-10  1.03958e-09
 2433.600  4.14831e-28  5.65000e-20  1.68524e-10  1.11235e-09
 2433.700  4.42228e-28  5.65000e-20  1.79445e-10  1.18513e-09
 2433.800  4.69590e-28  5.65000e-20  1.90326e-10  1.25772e-09
 2433.900  4.96948e-28  5.65000e-20  2.01180e-10  1.33022e-09
 2434.000  5.24305e-28  5.65000e-20  2.12008e-10  1.40263e-09
 2434.100  5.51660e-28  5.65000e-20  2.22808e-10  1.47495e-09
 2434.200  5.79045e-28  5.65000e-20  2.33595e-10  1.54726e-09
 2434.300  6.06395e-28  5.65000e-20  2.44342e-10  1.61940e-09
 2434.400  6.33743e-28  5.65000e-20  2.55062e-10  1.69144e-09
 2434.500  6.61089e-28  5.65000e-20  2.65756e-10  1.76338e-09
 2434.600  6.88432e-28  5.65000e-20  2.76422e-10  1.83524e-09
 2434.700  6.95209e-28  5.65000e-20  2.78814e-10  1.85221e-09
 2434.800  6.96716e-28  5.65000e-20  2.79090e-10  1.85513e-09
 2434.900  6.98223e-28  5.65000e-20  2.79363e-10  1.85805e-09
 2435.000  6.99730e-28  5.65000e-20  2.79635e-10  1.86096e-09
 2435.100  7.01236e-28  5.65000e-20  2.79897e-10  1.86383e-09
 2435.200  7.02745e-28  5.65000e-20  2.80159e-10  1.86671e-09
 2435.300  7.04251e-28  5.65000e-20  2.80418e-10  1.86957e-09
 2435.400  7.05758e-28  5.65000e-20  2.80676e-10  1.87243e-09
 2435.500  7.07264e-28  5.65000e-20  2.80932e-10  1.87528e-09
 2435.600  7.08770e-28  5.65000e-20  2.81187e-10  1.87813e-09
 2435.700  7.10278e-28  5.65000e-20  2.81440e-10  1.88097e-09
 2435.800  7.11784e-28  5.65000e-20  2.81692e-10  1.88381e-09
 2435.900  7.13289e-28  5.65000e-20  2.81942e-10  1.88664e-09
 2436.000  7.14795e-28  5.65000e-20  2.82190e-10  1.88946e-09
 2436.100  7.16301e-28  5.65000e-20  2.82437e-10  1.89227e-09
 2436.200  7.17274e-28  5.65000e-20  2.82472e-10  1.89368e-09
 2436.300  7.17079e-28  5.65000e-20  2.82048e-10  1.89200e-09
 2436.400  7.16884e-28  5.65000e-20  2.81623e-10  1.89031e-09
 2436.500  7.16689e-28  5.65000e-20  2.81198e-10  1.88863e-09
 2436.600  7.16494e-28  5.65000e-20  2.80774e-10  1.88695e-09
 2436.700  7.16299e-28  5.65000e-20  2.80349e-10  1.88526e-09
 2436.800  7.16104e-28  5.65000e-20  2.79925e-10  1.88358e-09
 2436.900  7.15909e-28  5.65000e-20  2.79501e-10  1.88190e-09
 2437.000  7.15714e-28  5.65000e-20  2.79077e-10  1.88021e-09
 2437.100  7.15519e-28  5.65000e-20  2.78647e-10  1.87851e-09
 2437.200  7.15323e-28  5.65000e-20  2.78218e-10  1.87681e-09
 2437.300  7.15128e-28  5.65000e-20  2.77789e-10  1.87510e-09
 2437.400  7.14934e-28  5.65000e-20  2.77360e-10  1.87340e-09
 2437.500  7.14739e-28  5.65000e-20  2.76931e-10  1.87170e-09
 2437.600  7.14544e-28  5.65000e-20  2.76502e-10  1.86999e-09
 2437.700  7.14349e-28  5.65000e-20  2.76073e-10  1.86828e-09
 2437.800  6.98799e-28  5.65000e-20  2.69718e-10  1.82645e-09
 2437.900  6.80112e-28  5.65000e-20  2.62169e-10  1.77647e-09
 2438.000  6.61426e-28  5.65000e-20  2.54639e-10  1.72655e-09
 2438.100  6.42742e-28  5.65000e-20  2.47128e-10  1.67670e-09
 2438.200  6.24037e-28  5.65000e-20  2.39627e-10  1.62685e-09
 2438.300  6.05356e-28  5.65000e-20  2.32154e-10  1.57714e-09
 2438.400  5.86676e-28  5.65000e-20  2.24700e-10  1.52748e-09
 2438.500  5.67998e-28  5.65000e-20  2.17265e-10  1.47790e-09
 2438.600  5.49322e-28  5.65000e-20  2.09849e-10  1.42838e-09
 2438.700  5.30624e-28  5.65000e-20  2.02443e-10  1.37886e-09
 2438.800  5.11951e-28  5.65000e-20  1.95066e-10  1.32948e-09
 2438.900  4.93279e-28  5.65000e-20  1.87707e-10  1.28015e-09
 2439.000  4.74609e-28  5.65000e-20  1.80367e-10  1.23090e-09
 2439.100  4.55940e-28  5.65000e-20  1.74876e-10  1.18794e-09
 2439.200  4.37250e-28  5.65000e-20  1.69247e-10  1.14446e-09
 2439.300  4.27357e-28  5.65000e-20  1.66919e-10  1.12363e-09
 2439.400  4.33991e-28  5.65000e-20  1.71037e-10  1.14620e-09
 2439.500  4.40624e-28  5.65000e-20  1.75202e-10  1.16890e-09
 2439.600  4.47256e-28  5.65000e-20  1.79413e-10  1.19174e-09
 2439.700  4.53896e-28  5.65000e-20  1.83676e-10  1.21473e-09
 2439.800  4.60527e-28  5.65000e-20  1.87979e-10  1.23782e-09
 2439.900  4.67158e-28  5.65000e-20  1.92330e-10  1.26105e-09
 2440.000  4.73788e-28  5.65000e-20  1.96728e-10  1.28440e-09
 2440.100  4.80417e-28  5.65000e-20  2.01173e-10  1.30789e-09
 2440.200  4.87054e-28  5.65000e-20  2.05670e-10  1.33153e-09
 2440.300  4.93683e-28  5.65000e-20  2.10207e-10  1.35526e-09
 2440.400  5.00311e-28  5.65000e-20  2.14792e-10  1.37913e-09
 2440.500  5.06938e-28  5.65000e-20  2.19424e-10  1.40312e-09
 2440.600  5.13565e-28  5.65000e-20  2.24103e-10  1.42724e-09
 2440.700  5.20200e-28  5.65000e-20  2.28834e-10  1.45151e-09
 2440.800  5.26825e-28  5.65000e-20  2.33605e-10  1.47588e-09
 2440.900  5.39197e-28  5.65000e-20  2.40992e-10  1.51653e-09
 2441.000  5.52478e-28  5.65000e-20  2.48877e-10  1.56000e-09
 2441.100  5.65759e-28  5.65000e-20  2.55450e-10  1.59935e-09
 2441.200  5.79054e-28  5.65000e-20  2.62058e-10  1.63883e-09
 2441.300  5.92332e-28  5.65000e-20  2.68685e-10  1.67834e-09
 2441.400  6.05609e-28  5.65000e-20  2.75340e-10  1.71793e-09
 2441.500  6.18884e-28  5.65000e-20  2.82022e-10  1.75761e-09
 2441.600  6.32159e-28  5.65000e-20  2.88732e-10  1.79736e-09
 2441.700  6.45449e-28  5.65000e-20  2.95477e-10  1.83725e-09
 2441.800  6.58722e-28  5.65000e-20  3.02240e-10  1.87717e-09
 2441.900  6.71993e-28  5.65000e-20  3.09032e-10  1.91717e-09
 2442.000  6.85263e-28  5.65000e-20  3.15851e-10  1.95725e-09
 2442.100  6.98533e-28  5.65000e-20  3.22697e-10  1.99741e-09
 2442.200  7.11817e-28  5.65000e-20  3.29579e-10  2.03770e-09
 2442.300  7.25084e-28  5.65000e-20  3.36480e-10  2.07802e-09
 2442.400  7.33729e-28  5.65000e-20  3.41259e-10  2.10516e-09
 2442.500  7.34902e-28  5.65000e-20  3.42573e-10  2.11090e-09
 2442.600  7.36076e-28  5.65000e-20  3.43890e-10  2.11664e-09
 2442.700  7.37251e-28  5.65000e-20  3.45212e-10  2.12239e-09
 2442.800  7.38424e-28  5.65000e-20  3.46533e-10  2.12814e-09
 2442.900  7.39598e-28  5.65000e-20  3.47858e-10  2.13390e-09
 2443.000  7.40771e-28  5.65000e-20  3.49185e-10  2.13966e-09
 2443.100  7.41944e-28  5.65000e-20  3.49358e-10  2.14189e-09
 2443.200  7.43118e-28  5.65000e-20  3.49530e-10  2.14411e-09
 2443.300  7.44291e-28  5.65000e-20  3.49701e-10  2.14633e-09
 2443.400  7.45464e-28  5.65000e-20  3.49870e-10  2.14853e-09
 2443.500  7.46637e-28  5.65000e-20  3.50037e-10  2.15074e-09
 2443.600  7.47809e-28  5.65000e-20  3.50204e-10  2.15294e-09
 2443.700  7.48983e-28  5.65000e-20  3.50369e-10  2.15514e-09
 2443.800  7.50156e-28  5.65000e-20  3.50533e-10  2.15733e-09
 2443.900  7.51328e-28  5.65000e-20  3.50695e-10  2.15951e-09
 2444.000  7.50913e-28  5.65000e-20  3.50116e-10  2.15713e-09
 2444.100  7.50319e-28  5.65000e-20  3.49454e-10  2.15424e-09
 2444.200  7.49725e-28  5.65000e-20  3.48792e-10  2.15135e-09
 2444.300  7.49131e-28  5.65000e-20  3.48132e-10  2.14846e-09
 2444.400  7.48537e-28  5.65000e-20  3.47472e-10  2.14557e-09
 2444.500  7.47943e-28  5.65000e-20  3.46812e-10  2.14268e-09
 2444.600  7.47349e-28  5.65000e-20  3.46153e-10  2.13979e-09
 2444.700  7.46755e-28  5.65000e-20  3.45493e-10  2.13690e-09
 2444.800  7.46161e-28  5.65000e-20  3.44836e-10  2.13402e-09
 2444.900  7.45568e-28  5.65000e-20  3.44178e-10  2.13114e-09
 2445.000  7.44974e-28  5.65000e-20  3.43521e-10  2.12825e-09
 2445.100  7.44381e-28  5.65000e-20  3.41915e-10  2.12242e-09
 2445.200  7.43787e-28  5.65000e-20  3.40309e-10  2.11659e-09
 2445.300  7.43193e-28  5.65000e-20  3.38707e-10  2.11076e-09
 2445.400  7.42600e-28  5.65000e-20  3.37106e-10  2.10493e-09
 2445.500  7.47155e-28  5.65000e-20  3.37835e-10  2.11365e-09
 2445.600  7.58962e-28  5.65000e-20  3.41814e-10  2.14280e-09
 2445.700  7.70783e-28  5.65000e-20  3.45755e-10  2.17183e-09
 2445.800  7.82589e-28  5.65000e-20  3.49649e-10  2.20069e-09
 2445.900  7.94394e-28  5.65000e-20  3.53499e-10  2.22940e-09
 2446.000  8.06197e-28  5.65000e-20  3.57306e-10  2.25796e-09
 2446.100  8.18000e-28  5.65000e-20  3.61070e-10  2.28638e-09
 2446.200  8.29816e-28  5.65000e-20  3.64795e-10  2.31468e-09
 2446.300  8.41617e-28  5.65000e-20  3.68475e-10  2.34281e-09
 2446.400  8.53417e-28  5.65000e-20  3.72109e-10  2.37078e-09
 2446.500  8.65216e-28  5.65000e-20  3.75701e-10  2.39861e-09
 2446.600  8.77014e-28  5.65000e-20  3.79250e-10  2.42628e-09
 2446.700  8.88825e-28  5.65000e-20  3.82760e-10  2.45385e-09
 2446.800  9.00621e-28  5.65000e-20  3.86224e-10  2.48123e-09
 2446.900  9.12416e-28  5.65000e-20  3.89644e-10  2.50845e-09
 2447.000  9.24210e-28  5.65000e-20  3.93020e-10  2.53553e-09
 2447.100  9.19521e-28  5.65000e-20  3.89374e-10  2.51733e-09
 2447.200  9.13616e-28  5.65000e-20  3.85230e-10  2.49585e-09
 2447.300  9.07719e-28  5.65000e-20  3.81114e-10  2.47445e-09
 2447.400  9.01822e-28  5.65000e-20  3.77017e-10  2.45311e-09
 2447.500  8.95926e-28  5.65000e-20  3.72941e-10  2.43182e-09
 2447.600  8.90030e-28  5.65000e-20  3.68887e-10  2.41060e-09
 2447.700  8.84128e-28  5.65000e-20  3.64848e-10  2.38940e-09
 2447.800  8.78233e-28  5.65000e-20  3.60838e-10  2.36830e-09
 2447.900  8.72339e-28  5.65000e-20  3.56846e-10  2.34725e-09
 2448.000  8.66445e-28  5.65000e-20  3.52876e-10  2.32626e-09
 2448.100  8.60551e-28  5.65000e-20  3.48927e-10  2.30532e-09
 2448.200  8.54651e-28  5.65000e-20  3.44995e-10  2.28442e-09
 2448.300  8.48759e-28  5.65000e-20  3.41090e-10  2.26361e-09
 2448.400  8.42867e-28  5.65000e-20  3.37205e-10  2.24286e-09
 2448.500  8.36975e-28  5.65000e-20  3.33340e-10  2.22216e-09
 2448.600  8.32395e-28  5.65000e-20  3.30017e-10  2.20500e-09
 2448.700  8.29440e-28  5.65000e-20  3.27350e-10  2.19217e-09
 2448.800  8.26490e-28  5.65000e-20  3.24697e-10  2.17939e-09
 2448.900  8.23540e-28  5.65000e-20  3.22054e-10  2.16662e-09
 2449.000  8.20590e-28  5.65000e-20  3.19422e-10  2.15388e-09
 2449.100  8.17640e-28  5.65000e-20  3.16795e-10  2.14115e-09
 2449.200  8.14687e-28  5.65000e-20  3.14176e-10  2.12842e-09
 2449.300  8.11738e-28  5.65000e-20  3.11572e-10  2.11574e-09
 2449.400  8.08789e-28  5.65000e-20  3.08978e-10  2.10309e-09
 2449.500  8.05840e-28  5.65000e-20  3.06393e-10  2.09045e-09
 2449.600  8.02892e-28  5.65000e-20  3.03819e-10  2.07784e-09
 2449.700  7.99940e-28  5.65000e-20  3.01253e-10  2.06524e-09
 2449.800  7.96992e-28  5.65000e-20  2.98702e-10  2.05268e-09
 2449.900  7.94044e-28  5.65000e-20  2.96160e-10  2.04014e-09
 2450.000  7.91096e-28  5.65000e-20  2.93628e-10  2.02763e-09
 2450.100  7.88149e-28  5.65000e-20  2.91107e-10  2.01514e-09
 2450.200  7.89990e-28  5.65000e-20  2.90354e-10  2.01489e-09
 2450.300  7.92017e-28  5.65000e-20  2.89666e-10  2.01508e-09
 2450.400  7.94043e-28  5.65000e-20  2.88968e-10  2.01522e-09
 2450.500  7.96069e-28  5.65000e-20  2.88263e-10  2.01533e-09
 2450.600  7.98095e-28  5.65000e-20  2.87550e-10  2.01539e-09
 2450.700  8.00124e-28  5.65000e-20  2.86829e-10  2.01542e-09
 2450.800  8.02149e-28  5.65000e-20  2.86102e-10  2.01541e-09
 2450.900  8.04175e-28  5.65000e-20  2.85367e-10  2.01536e-09
 2451.000  8.06200e-28  5.65000e-20  2.84623e-10  2.01527e-09
 2451.100  8.08225e-28  5.65000e-20  2.83798e-10  2.01487e-09
 2451.200  8.10253e-28  5.65000e-20  2.82965e-10  2.01443e-09
 2451.300  8.12278e-28  5.65000e-20  2.82125e-10  2.01395e-09
 2451.400  8.14303e-28  5.65000e-20  2.81276e-10  2.01342e-09
 2451.500  8.16327e-28  5.65000e-20  2.80419e-10  2.01285e-09
 2451.600  8.18351e-28  5.65000e-20  2.79554e-10  2.01224e-09
 2451.700  8.21557e-28  5.65000e-20  2.79081e-10  2.01447e-09
 2451.800  8.26038e-28  5.65000e-20  2.79029e-10  2.01977e-09
 2451.900  8.30519e-28  5.65000e-20  2.78959e-10  2.02498e-09
 2452.000  8.35000e-28  5.65000e-20  2.78870e-10  2.03011e-09
 2452.100  8.39480e-28  5.65000e-20  2.78764e-10  2.03516e-09
 2452.200  8.43965e-28  5.65000e-20  2.78641e-10  2.04014e-09
 2452.300  8.48444e-28  5.65000e-20  2.78502e-10  2.04504e-09
 2452.400  8.52923e-28  5.65000e-20  2.78344e-10  2.04985e-09
 2452.500  8.57401e-28  5.65000e-20  2.78168e-10  2.05457e-09
 2452.600  8.61880e-28  5.65000e-20  2.77975e-10  2.05922e-09
 2452.700  8.66363e-28  5.65000e-20  2.77764e-10  2.06378e-09
 2452.800  8.70840e-28  5.65000e-20  2.77538e-10  2.06826e-09
 2452.900  8.75317e-28  5.65000e-20  2.77292e-10  2.07266e-09
 2453.000  8.79794e-28  5.65000e-20  2.77029e-10  2.07696e-09
 2453.100  8.84271e-28  5.65000e-20  2.76735e-10  2.08113e-09
 2453.200  8.88752e-28  5.65000e-20  2.76423e-10  2.08523e-09
 2453.300  8.61887e-28  5.65000e-20  2.66409e-10  2.01593e-09
 2453.400  8.34910e-28  5.65000e-20  2.56461e-10  1.94673e-09
 2453.500  8.07934e-28  5.65000e-20  2.46618e-10  1.87791e-09
 2453.600  7.80961e-28  5.65000e-20  2.36879e-10  1.80948e-09
 2453.700  7.53957e-28  5.65000e-20  2.27233e-10  1.74134e-09
 2453.800  7.26988e-28  5.65000e-20  2.17704e-10  1.67368e-09
 2453.900  7.00021e-28  5.65000e-20  2.08279e-10  1.60640e-09
 2454.000  6.73057e-28  5.65000e-20  1.98958e-10  1.53951e-09
 2454.100  6.46094e-28  5.65000e-20  1.89741e-10  1.47300e-09
 2454.200  6.19101e-28  5.65000e-20  1.80618e-10  1.40681e-09
 2454.300  5.92143e-28  5.65000e-20  1.71611e-10  1.34110e-09
 2454.400  5.65187e-28  5.65000e-20  1.62708e-10  1.27578e-09
 2454.500  5.38234e-28  5.65000e-20  1.53910e-10  1.21086e-09
 2454.600  5.11283e-28  5.65000e-20  1.45216e-10  1.14634e-09
 2454.700  4.84300e-28  5.65000e-20  1.36616e-10  1.08214e-09
 2454.800  4.84204e-28  5.65000e-20  1.35654e-10  1.07822e-09
 2454.900  5.09614e-28  5.65000e-20  1.41789e-10  1.13088e-09
 2455.000  5.35022e-28  5.65000e-20  1.47824e-10  1.18313e-09
 2455.100  5.60427e-28  5.65000e-20  1.53771e-10  1.23502e-09
 2455.200  5.85862e-28  5.65000e-20  1.59628e-10  1.28655e-09
 2455.300  6.11264e-28  5.65000e-20  1.65380e-10  1.33762e-09
 2455.400  6.36663e-28  5.65000e-20  1.71033e-10  1.38826e-09
 2455.500  6.62061e-28  5.65000e-20  1.76588e-10  1.43849e-09
 2455.600  6.87456e-28  5.65000e-20  1.82045e-10  1.48829e-09
 2455.700  7.12881e-28  5.65000e-20  1.87411e-10  1.53774e-09
 2455.800  7.38272e-28  5.65000e-20  1.92673e-10  1.58670e-09
 2455.900  7.63661e-28  5.65000e-20  1.97836e-10  1.63523e-09
 2456.000  7.89048e-28  5.65000e-20  2.02901e-10  1.68333e-09
 2456.100  8.14434e-28  5.65000e-20  2.07868e-10  1.73100e-09
 2456.200  8.39848e-28  5.65000e-20  2.12743e-10  1.77829e-09
 2456.300  8.64480e-28  5.65000e-20  2.17327e-10  1.82352e-09
 2456.400  8.64327e-28  5.65000e-20  2.15631e-10  1.81623e-09
 2456.500  8.64173e-28  5.65000e-20  2.13935e-10  1.80891e-09
 2456.600  8.64020e-28  5.65000e-20  2.12240e-10  1.80157e-09
 2456.700  8.63866e-28  5.65000e-20  2.10543e-10  1.79419e-09
 2456.800  8.63713e-28  5.65000e-20  2.08850e-10  1.78681e-09
 2456.900  8.63559e-28  5.65000e-20  2.07155e-10  1.77939e-09
 2457.000  8.63406e-28  5.65000e-20  2.05461e-10  1.77194e-09
 2457.100  8.63253e-28  5.65000e-20  2.03787e-10  1.76454e-09
 2457.200  8.63099e-28  5.65000e-20  2.02111e-10  1.75712e-09
 2457.300  8.62946e-28  5.65000e-20  2.00439e-10  1.74968e-09
 2457.400  8.62792e-28  5.65000e-20  1.98765e-10  1.74220e-09
 2457.500  8.62639e-28  5.65000e-20  1.97092e-10  1.73470e-09
 2457.600  8.62486e-28  5.65000e-20  1.95419e-10  1.72717e-09
 2457.700  8.62332e-28  5.65000e-20  1.93744e-10  1.71960e-09
 2457.800  8.62179e-28  5.65000e-20  1.92073e-10  1.71202e-09
 2457.900  8.53244e-28  5.65000e-20  1.88462e-10  1.68703e-09
 2458.000  8.36929e-28  5.65000e-20  1.83268e-10  1.64764e-09
 2458.100  8.20615e-28  5.65000e-20  1.78136e-10  1.60850e-09
 2458.200  8.04283e-28  5.65000e-20  1.73060e-10  1.56956e-09
 2458.300  7.87972e-28  5.65000e-20  1.68054e-10  1.53093e-09
 2458.400  7.71663e-28  5.65000e-20  1.63108e-10  1.49254e-09
 2458.500  7.55355e-28  5.65000e-20  1.58224e-10  1.45441e-09
 2458.600  7.39048e-28  5.65000e-20  1.53402e-10  1.41654e-09
 2458.700  7.22722e-28  5.65000e-20  1.48637e-10  1.37888e-09
 2458.800  7.06418e-28  5.65000e-20  1.43941e-10  1.34153e-09
 2458.900  6.90115e-28  5.65000e-20  1.39306e-10  1.30443e-09
 2459.000  6.73813e-28  5.65000e-20  1.34733e-10  1.26760e-09
 2459.100  6.57513e-28  5.65000e-20  1.30231e-10  1.23108e-09
 2459.200  6.41194e-28  5.65000e-20  1.25785e-10  1.19477e-09
 2459.300  6.24897e-28  5.65000e-20  1.21408e-10  1.15879e-09
 2459.400  6.10403e-28  5.65000e-20  1.17438e-10  1.12639e-09
 2459.500  6.24227e-28  5.65000e-20  1.18917e-10  1.14623e-09
 2459.600  6.38051e-28  5.65000e-20  1.20344e-10  1.16578e-09
 2459.700  6.51891e-28  5.65000e-20  1.21720e-10  1.18507e-09
 2459.800  6.65712e-28  5.65000e-20  1.23042e-10  1.20406e-09
 2459.900  6.79533e-28  5.65000e-20  1.24311e-10  1.22274e-09
 2460.000  6.93352e-28  5.65000e-20  1.25527e-10  1.24114e-09
 2460.100  7.07170e-28  5.65000e-20  1.26690e-10  1.25924e-09
 2460.200  7.21004e-28  5.65000e-20  1.27802e-10  1.27706e-09
 2460.300  7.34820e-28  5.65000e-20  1.28861e-10  1.29457e-09
 2460.400  7.48634e-28  5.65000e-20  1.29865e-10  1.31177e-09
 2460.500  7.62448e-28  5.65000e-20  1.30817e-10  1.32866e-09
 2460.600  7.76261e-28  5.65000e-20  1.31717e-10  1.34524e-09
 2460.700  7.90089e-28  5.65000e-20  1.32564e-10  1.36153e-09
 2460.800  8.03899e-28  5.65000e-20  1.33360e-10  1.37749e-09
 2460.900  8.17708e-28  5.65000e-20  1.34101e-10  1.39313e-09
 2461.000  8.10257e-28  5.65000e-20  1.31343e-10  1.37243e-09
 2461.100  7.87178e-28  5.65000e-20  1.39547e-10  1.39435e-09
 2461.200  7.64072e-28  5.65000e-20  1.47060e-10  1.41023e-09
 2461.300  7.40996e-28  5.65000e-20  1.53856e-10  1.42050e-09
 2461.400  7.17923e-28  5.65000e-20  1.59965e-10  1.42570e-09
 2461.500  6.94851e-28  5.65000e-20  1.65376e-10  1.42613e-09
 2461.600  6.71781e-28  5.65000e-20  1.70089e-10  1.42209e-09
 2461.700  6.48685e-28  5.65000e-20  1.74104e-10  1.41383e-09
 2461.800  6.25619e-28  5.65000e-20  1.77409e-10  1.40158e-09
 2461.900  6.02554e-28  5.65000e-20  1.80025e-10  1.38561e-09
 2462.000  5.79492e-28  5.65000e-20  1.81941e-10  1.36605e-09
 2462.100  5.56431e-28  5.65000e-20  1.83159e-10  1.34306e-09
 2462.200  5.33344e-28  5.65000e-20  1.83676e-10  1.31676e-09
 2462.300  5.10288e-28  5.65000e-20  1.83487e-10  1.28732e-09
 2462.400  4.87233e-28  5.65000e-20  1.82606e-10  1.25488e-09
 2462.500  4.67746e-28  5.65000e-20  1.82418e-10  1.22889e-09
 2462.600  4.84163e-28  5.65000e-20  1.96185e-10  1.29660e-09
 2462.700  5.00599e-28  5.65000e-20  2.10470e-10  1.36557e-09
 2462.800  5.17013e-28  5.65000e-20  2.25231e-10  1.43562e-09
 2462.900  5.33426e-28  5.65000e-20  2.40500e-10  1.50685e-09
 2463.000  5.49838e-28  5.65000e-20  2.56269e-10  1.57921e-09
 2463.100  5.66249e-28  5.65000e-20  2.64431e-10  1.62793e-09
 2463.200  5.82678e-28  5.65000e-20  2.72632e-10  1.67679e-09
 2463.300  5.99086e-28  5.65000e-20  2.80853e-10  1.72568e-09
 2463.400  6.15492e-28  5.65000e-20  2.89103e-10  1.77465e-09
 2463.500  6.31897e-28  5.65000e-20  2.97382e-10  1.82371e-09
 2463.600  6.48301e-28  5.65000e-20  3.05690e-10  1.87286e-09
 2463.700  6.64723e-28  5.65000e-20  3.14038e-10  1.92215e-09
 2463.800  6.81124e-28  5.65000e-20  3.22405e-10  1.97147e-09
 2463.900  6.97524e-28  5.65000e-20  3.30801e-10  2.02087e-09
 2464.000  7.13923e-28  5.65000e-20  3.39227e-10  2.07036e-09
 2464.100  7.18549e-28  5.65000e-20  3.42078e-10  2.08577e-09
 2464.200  7.15546e-28  5.65000e-20  3.41299e-10  2.07904e-09
 2464.300  7.12546e-28  5.65000e-20  3.40515e-10  2.07229e-09
 2464.400  7.09547e-28  5.65000e-20  3.39727e-10  2.06553e-09
 2464.500  7.06548e-28  5.65000e-20  3.38933e-10  2.05875e-09
 2464.600  7.03549e-28  5.65000e-20  3.38134e-10  2.05195e-09
 2464.700  7.00547e-28  5.65000e-20  3.37329e-10  2.04513e-09
 2464.800  6.97549e-28  5.65000e-20  3.36520e-10  2.03830e-09
 2464.900  6.94551e-28  5.65000e-20  3.35705e-10  2.03145e-09
 2465.000  6.91553e-28  5.65000e-20  3.34885e-10  2.02459e-09
 2465.100  6.88555e-28  5.65000e-20  3.34036e-10  2.01763e-09
 2465.200  6.85554e-28  5.65000e-20  3.33181e-10  2.01065e-09
 2465.300  6.82557e-28  5.65000e-20  3.32322e-10  2.00366e-09
 2465.400  6.79561e-28  5.65000e-20  3.31458e-10  1.99666e-09
 2465.500  6.76564e-28  5.65000e-20  3.30589e-10  1.98964e-09
 2465.600  6.74198e-28  5.65000e-20  3.30024e-10  1.98446e-09
 2465.700  6.76417e-28  5.65000e-20  3.31703e-10  1.99277e-09
 2465.800  6.78634e-28  5.65000e-20  3.33385e-10  2.00109e-09
 2465.900  6.80851e-28  5.65000e-20  3.35070e-10  2.00942e-09
 2466.000  6.83067e-28  5.65000e-20  3.36760e-10  2.01775e-09
 2466.100  6.85283e-28  5.65000e-20  3.38453e-10  2.02610e-09
 2466.200  6.87502e-28  5.65000e-20  3.40153e-10  2.03446e-09
 2466.300  6.89718e-28  5.65000e-20  3.41853e-10  2.04283e-09
 2466.400  6.91934e-28  5.65000e-20  3.43558e-10  2.05120e-09
 2466.500  6.94149e-28  5.65000e-20  3.45267e-10  2.05959e-09
 2466.600  6.96364e-28  5.65000e-20  3.46980e-10  2.06798e-09
 2466.700  6.98582e-28  5.65000e-20  3.48699e-10  2.07639e-09
 2466.800  7.00797e-28  5.65000e-20  3.50419e-10  2.08481e-09
 2466.900  7.03012e-28  5.65000e-20  3.52144e-10  2.09323e-09
 2467.000  7.05226e-28  5.65000e-20  3.53872e-10  2.10166e-09
 2467.100  7.07441e-28  5.65000e-20  3.55577e-10  2.11003e-09
 2467.200  7.04138e-28  5.65000e-20  3.54509e-10  2.10193e-09
 2467.300  6.97709e-28  5.65000e-20  3.51858e-10  2.08447e-09
 2467.400  6.91280e-28  5.65000e-20  3.49196e-10  2.06699e-09
 2467.500  6.84852e-28  5.65000e-20  3.46525e-10  2.04947e-09
 2467.600  6.78424e-28  5.65000e-20  3.43842e-10  2.03192e-09
 2467.700  6.71989e-28  5.65000e-20  3.41146e-10  2.01431e-09
 2467.800  6.65562e-28  5.65000e-20  3.38443e-10  1.99670e-09
 2467.900  6.59136e-28  5.65000e-20  3.35729e-10  1.97905e-09
 2468.000  6.52710e-28  5.65000e-20  3.33005e-10  1.96138e-09
 2468.100  6.46285e-28  5.65000e-20  3.30270e-10  1.94367e-09
 2468.200  6.39853e-28  5.65000e-20  3.27522e-10  1.92591e-09
 2468.300  6.33429e-28  5.65000e-20  3.24766e-10  1.90814e-09
 2468.400  6.27005e-28  5.65000e-20  3.22000e-10  1.89034e-09
 2468.500  6.20582e-28  5.65000e-20  3.19224e-10  1.87250e-09
 2468.600  6.14160e-28  5.65000e-20  3.16437e-10  1.85464e-09
 2468.700  6.12536e-28  5.65000e-20  3.16117e-10  1.85125e-09
 2468.800  6.37608e-28  5.65000e-20  3.29592e-10  1.92859e-09
 2468.900  6.62677e-28  5.65000e-20  3.43108e-10  2.00605e-09
 2469.000  6.87744e-28  5.65000e-20  3.56666e-10  2.08363e-09
 2469.100  7.12809e-28  5.65000e-20  3.70206e-10  2.16115e-09
 2469.200  7.37902e-28  5.65000e-20  3.83799e-10  2.23886e-09
 2469.300  7.62963e-28  5.65000e-20  3.97413e-10  2.31659e-09
 2469.400  7.88022e-28  5.65000e-20  4.11064e-10  2.39441e-09
 2469.500  8.13079e-28  5.65000e-20  4.24752e-10  2.47235e-09
 2469.600  8.38134e-28  5.65000e-20  4.38477e-10  2.55038e-09
 2469.700  8.63217e-28  5.65000e-20  4.52256e-10  2.62862e-09
 2469.800  8.88268e-28  5.65000e-20  4.66054e-10  2.70686e-09
 2469.900  9.13316e-28  5.65000e-20  4.79891e-10  2.78521e-09
 2470.000  9.38363e-28  5.65000e-20  4.93764e-10  2.86366e-09
 2470.100  9.63408e-28  5.65000e-20  5.07675e-10  2.94221e-09
 2470.200  9.88481e-28  5.65000e-20  5.21640e-10  3.02096e-09
 2470.300  9.83967e-28  5.65000e-20  5.20005e-10  3.00933e-09
 2470.400  9.64837e-28  5.65000e-20  5.10629e-10  2.95295e-09
 2470.500  9.45709e-28  5.65000e-20  5.01225e-10  2.89648e-09
 2470.600  9.26583e-28  5.65000e-20  4.91793e-10  2.83994e-09
 2470.700  9.07435e-28  5.65000e-20  4.82321e-10  2.78325e-09
 2470.800  8.88312e-28  5.65000e-20  4.72832e-10  2.72654e-09
 2470.900  8.69190e-28  5.65000e-20  4.63315e-10  2.66975e-09
 2471.000  8.50070e-28  5.65000e-20  4.53770e-10  2.61289e-09
 2471.100  8.30951e-28  5.65000e-20  4.43804e-10  2.55481e-09
 2471.200  8.11811e-28  5.65000e-20  4.33816e-10  2.49664e-09
 2471.300  7.92695e-28  5.65000e-20  4.23829e-10  2.43851e-09
 2471.400  7.73581e-28  5.65000e-20  4.13832e-10  2.38035e-09
 2471.500  7.54469e-28  5.65000e-20  4.03826e-10  2.32217e-09
 2471.600  7.35358e-28  5.65000e-20  3.93809e-10  2.26396e-09
 2471.700  7.16225e-28  5.65000e-20  3.83769e-10  2.20565e-09
 2471.800  7.01107e-28  5.65000e-20  3.75871e-10  2.15967e-09
 2471.900  7.03781e-28  5.65000e-20  3.77507e-10  2.16849e-09
 2472.000  7.06455e-28  5.65000e-20  3.79145e-10  2.17731e-09
 2472.100  7.09129e-28  5.65000e-20  3.80785e-10  2.18614e-09
 2472.200  7.11806e-28  5.65000e-20  3.82428e-10  2.19498e-09
 2472.300  7.14479e-28  5.65000e-20  3.84070e-10  2.20382e-09
 2472.400  7.17152e-28  5.65000e-20  3.85714e-10  2.21266e-09
 2472.500  7.19825e-28  5.65000e-20  3.87360e-10  2.22150e-09
 2472.600  7.22497e-28  5.65000e-20  3.89007e-10  2.23035e-09
 2472.700  7.25173e-28  5.65000e-20  3.90657e-10  2.23921e-09
 2472.800  7.27845e-28  5.65000e-20  3.92307e-10  2.24806e-09
 2472.900  7.30517e-28  5.65000e-20  3.93958e-10  2.25692e-09
 2473.000  7.33189e-28  5.65000e-20  3.95610e-10  2.26578e-09
 2473.100  7.35861e-28  5.65000e-20  3.96405e-10  2.27218e-09
 2473.200  7.38535e-28  5.65000e-20  3.97195e-10  2.27858e-09
 2473.300  7.41206e-28  5.65000e-20  3.97980e-10  2.28495e-09
 2473.400  7.49371e-28  5.65000e-20  4.01705e-10  2.30822e-09
 2473.500  7.59921e-28  5.65000e-20  4.06692e-10  2.33880e-09
 2473.600  7.70470e-28  5.65000e-20  4.11659e-10  2.36931e-09
 2473.700  7.81032e-28  5.65000e-20  4.16614e-10  2.39981e-09
 2473.800  7.91579e-28  5.65000e-20  4.21544e-10  2.43021e-09
 2473.900  8.02126e-28  5.65000e-20  4.26454e-10  2.46056e-09
 2474.000  8.12672e-28  5.65000e-20  4.31345e-10  2.49084e-09
 2474.100  8.23217e-28  5.65000e-20  4.36217e-10  2.52107e-09
 2474.200  8.33774e-28  5.65000e-20  4.41075e-10  2.55127e-09
 2474.300  8.44317e-28  5.65000e-20  4.45910e-10  2.58138e-09
 2474.400  8.54860e-28  5.65000e-20  4.50724e-10  2.61143e-09
 2474.500  8.65401e-28  5.65000e-20  4.55519e-10  2.64142e-09
 2474.600  8.75942e-28  5.65000e-20  4.60295e-10  2.67136e-09
 2474.700  8.86495e-28  5.65000e-20  4.65058e-10  2.70127e-09
 2474.800  8.97034e-28  5.65000e-20  4.69796e-10  2.73108e-09
 2474.900  9.03691e-28  5.65000e-20  4.72486e-10  2.74903e-09
 2475.000  8.96067e-28  5.65000e-20  4.67709e-10  2.72354e-09
 2475.100  8.88444e-28  5.65000e-20  4.62957e-10  2.69812e-09
 2475.200  8.80812e-28  5.65000e-20  4.58213e-10  2.67271e-09
 2475.300  8.73190e-28  5.65000e-20  4.53489e-10  2.64736e-09
 2475.400  8.65569e-28  5.65000e-20  4.48777e-10  2.62206e-09
 2475.500  8.57948e-28  5.65000e-20  4.44079e-10  2.59679e-09
 2475.600  8.50328e-28  5.65000e-20  4.39395e-10  2.57156e-09
 2475.700  8.42699e-28  5.65000e-20  4.34718e-10  2.54634e-09
 2475.800  8.35081e-28  5.65000e-20  4.30061e-10  2.52119e-09
 2475.900  8.27462e-28  5.65000e-20  4.25417e-10  2.49607e-09
 2476.000  8.19845e-28  5.65000e-20  4.20786e-10  2.47100e-09
 2476.100  8.12228e-28  5.65000e-20  4.16169e-10  2.44596e-09
 2476.200  8.04602e-28  5.65000e-20  4.11559e-10  2.42093e-09
 2476.300  7.96986e-28  5.65000e-20  4.06970e-10  2.39597e-09
 2476.400  7.89371e-28  5.65000e-20  4.02393e-10  2.37105e-09
 2476.500  8.16365e-28  5.65000e-20  4.15442e-10  2.45004e-09
 2476.600  8.56306e-28  5.65000e-20  4.35021e-10  2.56771e-09
 2476.700  8.96293e-28  5.65000e-20  4.54552e-10  2.68530e-09
 2476.800  9.36227e-28  5.65000e-20  4.73988e-10  2.80253e-09
 2476.900  9.76159e-28  5.65000e-20  4.93353e-10  2.91954e-09
 2477.000  1.01609e-27  5.65000e-20  5.12646e-10  3.03634e-09
 2477.100  1.05601e-27  5.65000e-20  5.31882e-10  3.15296e-09
 2477.200  1.09598e-27  5.65000e-20  5.51072e-10  3.26950e-09
 2477.300  1.13590e-27  5.65000e-20  5.70169e-10  3.38569e-09
 2477.400  1.17582e-27  5.65000e-20  5.89194e-10  3.50167e-09
 2477.500  1.21573e-27  5.65000e-20  6.08149e-10  3.61742e-09
 2477.600  1.25564e-27  5.65000e-20  6.27034e-10  3.73296e-09
 2477.700  1.29559e-27  5.65000e-20  6.45872e-10  3.84842e-09
 2477.800  1.33549e-27  5.65000e-20  6.64617e-10  3.96353e-09
 2477.900  1.37539e-27  5.65000e-20  6.83290e-10  4.07842e-09
 2478.000  1.40184e-27  5.65000e-20  6.95223e-10  4.15324e-09
 2478.100  1.38610e-27  5.65000e-20  6.86227e-10  4.10305e-09
 2478.200  1.37035e-27  5.65000e-20  6.77247e-10  4.05289e-09
 2478.300  1.35461e-27  5.65000e-20  6.68307e-10  4.00287e-09
 2478.400  1.33888e-27  5.65000e-20  6.59393e-10  3.95293e-09
 2478.500  1.32315e-27  5.65000e-20  6.50507e-10  3.90307e-09
 2478.600  1.30742e-27  5.65000e-20  6.41648e-10  3.85329e-09
 2478.700  1.29167e-27  5.65000e-20  6.32806e-10  3.80353e-09
 2478.800  1.27594e-27  5.65000e-20  6.24004e-10  3.75392e-09
 2478.900  1.26022e-27  5.65000e-20  6.15227e-10  3.70439e-09
 2479.000  1.24449e-27  5.65000e-20  6.06479e-10  3.65494e-09
 2479.100  1.22877e-27  5.65000e-20  5.97729e-10  3.60548e-09
 2479.200  1.21303e-27  5.65000e-20  5.88997e-10  3.55605e-09
 2479.300  1.19731e-27  5.65000e-20  5.80304e-10  3.50676e-09
 2479.400  1.18159e-27  5.65000e-20  5.71639e-10  3.45756e-09
 2479.500  1.16587e-27  5.65000e-20  5.63002e-10  3.40844e-09
 2479.600  1.16678e-27  5.65000e-20  5.62407e-10  3.40796e-09
 2479.700  1.17306e-27  5.65000e-20  5.64396e-10  3.42317e-09
 2479.800  1.17934e-27  5.65000e-20  5.66372e-10  3.43832e-09
 2479.900  1.18561e-27  5.65000e-20  5.68336e-10  3.45342e-09
 2480.000  1.19189e-27  5.65000e-20  5.70288e-10  3.46849e-09
 2480.100  1.19816e-27  5.65000e-20  5.72228e-10  3.48352e-09
 2480.200  1.20445e-27  5.65000e-20  5.74160e-10  3.49853e-09
 2480.300  1.21072e-27  5.65000e-20  5.76078e-10  3.51349e-09
 2480.400  1.21699e-27  5.65000e-20  5.77984e-10  3.52840e-09
 2480.500  1.22327e-27  5.65000e-20  5.79879e-10  3.54328e-09
 2480.600  1.22954e-27  5.65000e-20  5.81761e-10  3.55811e-09
 2480.700  1.23582e-27  5.65000e-20  5.83635e-10  3.57293e-09
 2480.800  1.24209e-27  5.65000e-20  5.85496e-10  3.58769e-09
 2480.900  1.24836e-27  5.65000e-20  5.87344e-10  3.60240e-09
 2481.000  1.25463e-27  5.65000e-20  5.89180e-10  3.61708e-09
 2481.100  1.25346e-27  5.65000e-20  5.93565e-10  3.62882e-09
 2481.200  1.23236e-27  5.65000e-20  5.88434e-10  3.58257e-09
 2481.300  1.21130e-27  5.65000e-20  5.83141e-10  3.53580e-09
 2481.400  1.19023e-27  5.65000e-20  5.77688e-10  3.48850e-09
 2481.500  1.16917e-27  5.65000e-20  5.72071e-10  3.44064e-09
 2481.600  1.14811e-27  5.65000e-20  5.66290e-10  3.39224e-09
 2481.700  1.12702e-27  5.65000e-20  5.60336e-10  3.34323e-09
 2481.800  1.10596e-27  5.65000e-20  5.54221e-10  3.29373e-09
 2481.900  1.08490e-27  5.65000e-20  5.47947e-10  3.24370e-09
 2482.000  1.06385e-27  5.65000e-20  5.41507e-10  3.19314e-09
 2482.100  1.04280e-27  5.65000e-20  5.34903e-10  3.14205e-09
 2482.200  1.02172e-27  5.65000e-20  5.28126e-10  3.09037e-09
 2482.300  1.00067e-27  5.65000e-20  5.21189e-10  3.03821e-09
 2482.400  9.79619e-28  5.65000e-20  5.14091e-10  2.98555e-09
 2482.500  9.58572e-28  5.65000e-20  5.06829e-10  2.93237e-09
 2482.600  9.37527e-28  5.65000e-20  4.99402e-10  2.87868e-09
 2482.700  9.43588e-28  5.65000e-20  5.06359e-10  2.90801e-09
 2482.800  9.56992e-28  5.65000e-20  5.17327e-10  2.96014e-09
 2482.900  9.70396e-28  5.65000e-20  5.28405e-10  3.01255e-09
 2483.000  9.83798e-28  5.65000e-20  5.39588e-10  3.06521e-09
 2483.100  9.97199e-28  5.65000e-20  5.47667e-10  3.10903e-09
 2483.200  1.01062e-27  5.65000e-20  5.55774e-10  3.15296e-09
 2483.300  1.02402e-27  5.65000e-20  5.63890e-10  3.19688e-09
 2483.400  1.03741e-27  5.65000e-20  5.72025e-10  3.24085e-09
 2483.500  1.05081e-27  5.65000e-20  5.80180e-10  3.28488e-09
 2483.600  1.06421e-27  5.65000e-20  5.88354e-10  3.32896e-09
 2483.700  1.07762e-27  5.65000e-20  5.96556e-10  3.37314e-09
 2483.800  1.09101e-27  5.65000e-20  6.04768e-10  3.41731e-09
 2483.900  1.10440e-27  5.65000e-20  6.12999e-10  3.46154e-09
 2484.000  1.11780e-27  5.65000e-20  6.21249e-10  3.50582e-09
 2484.100  1.13119e-27  5.65000e-20  6.29518e-10  3.55015e-09
 2484.200  1.13703e-27  5.65000e-20  6.33600e-10  3.57082e-09
 2484.300  1.12533e-27  5.65000e-20  6.27903e-10  3.53640e-09
 2484.400  1.11363e-27  5.65000e-20  6.22190e-10  3.50193e-09
 2484.500  1.10193e-27  5.65000e-20  6.16461e-10  3.46741e-09
 2484.600  1.09023e-27  5.65000e-20  6.10715e-10  3.43285e-09
 2484.700  1.07852e-27  5.65000e-20  6.04945e-10  3.39820e-09
 2484.800  1.06683e-27  5.65000e-20  5.99166e-10  3.36354e-09
 2484.900  1.05513e-27  5.65000e-20  5.93371e-10  3.32884e-09
 2485.000  1.04344e-27  5.65000e-20  5.87559e-10  3.29409e-09
 2485.100  1.03175e-27  5.65000e-20  5.79876e-10  3.25410e-09
 2485.200  1.02004e-27  5.65000e-20  5.72209e-10  3.21412e-09
 2485.300  1.00835e-27  5.65000e-20  5.64578e-10  3.17427e-09
 2485.400  9.96665e-28  5.65000e-20  5.56971e-10  3.13449e-09
 2485.500  9.84977e-28  5.65000e-20  5.49389e-10  3.09477e-09
 2485.600  9.73289e-28  5.65000e-20  5.41833e-10  3.05513e-09
 2485.700  9.61589e-28  5.65000e-20  5.34293e-10  3.01550e-09
 2485.800  9.67036e-28  5.65000e-20  5.36289e-10  3.02968e-09
 2485.900  9.76356e-28  5.65000e-20  5.40416e-10  3.05593e-09
 2486.000  9.85675e-28  5.65000e-20  5.44523e-10  3.08213e-09
 2486.100  9.94994e-28  5.65000e-20  5.48609e-10  3.10826e-09
 2486.200  1.00432e-27  5.65000e-20  5.52680e-10  3.13436e-09
 2486.300  1.01364e-27  5.65000e-20  5.56726e-10  3.16037e-09
 2486.400  1.02296e-27  5.65000e-20  5.60750e-10  3.18632e-09
 2486.500  1.03227e-27  5.65000e-20  5.64755e-10  3.21220e-09
 2486.600  1.04159e-27  5.65000e-20  5.68738e-10  3.23802e-09
 2486.700  1.05091e-27  5.65000e-20  5.72706e-10  3.26381e-09
 2486.800  1.06022e-27  5.65000e-20  5.76650e-10  3.28951e-09
 2486.900  1.06954e-27  5.65000e-20  5.80572e-10  3.31514e-09
 2487.000  1.07885e-27  5.65000e-20  5.84474e-10  3.34071e-09
 2487.100  1.08816e-27  5.65000e-20  5.86886e-10  3.36201e-09
 2487.200  1.09748e-27  5.65000e-20  5.89256e-10  3.38319e-09
 2487.300  1.09498e-27  5.65000e-20  5.85266e-10  3.36787e-09
 2487.400  1.06846e-27  5.65000e-20  5.68505e-10  3.27885e-09
 2487.500  1.04194e-27  5.65000e-20  5.51873e-10  3.19019e-09
 2487.600  1.01542e-27  5.65000e-20  5.35370e-10  3.10189e-09
 2487.700  9.88875e-28  5.65000e-20  5.18977e-10  3.01384e-09
 2487.800  9.62362e-28  5.65000e-20  5.02734e-10  2.92627e-09
 2487.900  9.35852e-28  5.65000e-20  4.86619e-10  2.83906e-09
 2488.000  9.09344e-28  5.65000e-20  4.70633e-10  2.75221e-09
 2488.100  8.82838e-28  5.65000e-20  4.54776e-10  2.66572e-09
 2488.200  8.56301e-28  5.65000e-20  4.39029e-10  2.57950e-09
 2488.300  8.29800e-28  5.65000e-20  4.23432e-10  2.49376e-09
 2488.400  8.03300e-28  5.65000e-20  4.07963e-10  2.40838e-09
 2488.500  7.76802e-28  5.65000e-20  3.92623e-10  2.32337e-09
 2488.600  7.50307e-28  5.65000e-20  3.77412e-10  2.23874e-09
 2488.700  7.23781e-28  5.65000e-20  3.62312e-10  2.15437e-09
 2488.800  6.97290e-28  5.65000e-20  3.47362e-10  2.07049e-09
 2488.900  6.98938e-28  5.65000e-20  3.46487e-10  2.07033e-09
 2489.000  7.05799e-28  5.65000e-20  3.48176e-10  2.08553e-09
 2489.100  7.12658e-28  5.65000e-20  3.49870e-10  2.10073e-09
 2489.200  7.19526e-28  5.65000e-20  3.51533e-10  2.11583e-09
 2489.300  7.26384e-28  5.65000e-20  3.53162e-10  2.13082e-09
 2489.400  7.33242e-28  5.65000e-20  3.54757e-10  2.14568e-09
 2489.500  7.40099e-28  5.65000e-20  3.56318e-10  2.16043e-09
 2489.600  7.46956e-28  5.65000e-20  3.57847e-10  2.17506e-09
 2489.700  7.53821e-28  5.65000e-20  3.59344e-10  2.18960e-09
 2489.800  7.60677e-28  5.65000e-20  3.60808e-10  2.20401e-09
 2489.900  7.67532e-28  5.65000e-20  3.62237e-10  2.21830e-09
 2490.000  7.74386e-28  5.65000e-20  3.63633e-10  2.23247e-09
 2490.100  7.81241e-28  5.65000e-20  3.64996e-10  2.24653e-09
 2490.200  7.88102e-28  5.65000e-20  3.66327e-10  2.26049e-09
 2490.300  7.94955e-28  5.65000e-20  3.67626e-10  2.27431e-09
 2490.400  8.01496e-28  5.65000e-20  3.68746e-10  2.28712e-09
 2490.500  8.07476e-28  5.65000e-20  3.69577e-10  2.29823e-09
 2490.600  8.13455e-28  5.65000e-20  3.70380e-10  2.30923e-09
 2490.700  8.19441e-28  5.65000e-20  3.71156e-10  2.32013e-09
 2490.800  8.25419e-28  5.65000e-20  3.71903e-10  2.33092e-09
 2490.900  8.31397e-28  5.65000e-20  3.72618e-10  2.34160e-09
 2491.000  8.37374e-28  5.65000e-20  3.73305e-10  2.35216e-09
 2491.100  8.43351e-28  5.65000e-20  3.74017e-10  2.36279e-09
 2491.200  8.49335e-28  5.65000e-20  3.74701e-10  2.37333e-09
 2491.300  8.55311e-28  5.65000e-20  3.75357e-10  2.38375e-09
 2491.400  8.61286e-28  5.65000e-20  3.75984e-10  2.39405e-09
 2491.500  8.67261e-28  5.65000e-20  3.76582e-10  2.40425e-09
 2491.600  8.73235e-28  5.65000e-20  3.77152e-10  2.41435e-09
 2491.700  8.79217e-28  5.65000e-20  3.77695e-10  2.42434e-09
 2491.800  8.85190e-28  5.65000e-20  3.78210e-10  2.43423e-09
 2491.900  8.91163e-28  5.65000e-20  3.78696e-10  2.44399e-09
 2492.000  9.08847e-28  5.65000e-20  3.84102e-10  2.48568e-09
 2492.100  9.28252e-28  5.65000e-20  3.90150e-10  2.53177e-09
 2492.200  9.47680e-28  5.65000e-20  3.96114e-10  2.57761e-09
 2492.300  9.67081e-28  5.65000e-20  4.01981e-10  2.62307e-09
 2492.400  9.86482e-28  5.65000e-20  4.07756e-10  2.66821e-09
 2492.500  1.00588e-27  5.65000e-20  4.13439e-10  2.71303e-09
 2492.600  1.02528e-27  5.65000e-20  4.19031e-10  2.75753e-09
 2492.700  1.04470e-27  5.65000e-20  4.24539e-10  2.80175e-09
 2492.800  1.06409e-27  5.65000e-20  4.29952e-10  2.84561e-09
 2492.900  1.08348e-27  5.65000e-20  4.35270e-10  2.88913e-09
 2493.000  1.10287e-27  5.65000e-20  4.40498e-10  2.93232e-09
 2493.100  1.12226e-27  5.65000e-20  4.45656e-10  2.97525e-09
 2493.200  1.14168e-27  5.65000e-20  4.50730e-10  3.01790e-09
 2493.300  1.16106e-27  5.65000e-20  4.55709e-10  3.06018e-09
 2493.400  1.18045e-27  5.65000e-20  4.60595e-10  3.10212e-09
 2493.500  1.20031e-27  5.65000e-20  4.65577e-10  3.14498e-09
 2493.600  1.22093e-27  5.65000e-20  4.70759e-10  3.18948e-09
 2493.700  1.24157e-27  5.65000e-20  4.75851e-10  3.23368e-09
 2493.800  1.26219e-27  5.65000e-20  4.80843e-10  3.27748e-09
 2493.900  1.28280e-27  5.65000e-20  4.85736e-10  3.32090e-09
 2494.000  1.30342e-27  5.65000e-20  4.90533e-10  3.36397e-09
 2494.100  1.32403e-27  5.65000e-20  4.95234e-10  3.40667e-09
 2494.200  1.34467e-27  5.65000e-20  4.99844e-10  3.44906e-09
 2494.300  1.36527e-27  5.65000e-20  5.04356e-10  3.49104e-09
 2494.400  1.38588e-27  5.65000e-20  5.08767e-10  3.53263e-09
 2494.500  1.40649e-27  5.65000e-20  5.13083e-10  3.57386e-09
 2494.600  1.42709e-27  5.65000e-20  5.17302e-10  3.61471e-09
 2494.700  1.44772e-27  5.65000e-20  5.21430e-10  3.65524e-09
 2494.800  1.46832e-27  5.65000e-20  5.25460e-10  3.69535e-09
 2494.900  1.48892e-27  5.65000e-20  5.29389e-10  3.73507e-09
 2495.000  1.50952e-27  5.65000e-20  5.33223e-10  3.77441e-09
 2495.100  1.46050e-27  5.65000e-20  5.12582e-10  3.64005e-09
 2495.200  1.40346e-27  5.65000e-20  4.89363e-10  3.48651e-09
 2495.300  1.34649e-27  5.65000e-20  4.66436e-10  3.33406e-09
 2495.400  1.28953e-27  5.65000e-20  4.43766e-10  3.18250e-09
 2495.500  1.23257e-27  5.65000e-20  4.21357e-10  3.03185e-09
 2495.600  1.17562e-27  5.65000e-20  3.99209e-10  2.88211e-09
 2495.700  1.11861e-27  5.65000e-20  3.77295e-10  2.73310e-09
 2495.800  1.06166e-27  5.65000e-20  3.55671e-10  2.58520e-09
 2495.900  1.00473e-27  5.65000e-20  3.34305e-10  2.43821e-09
 2496.000  9.47792e-28  5.65000e-20  3.13200e-10  2.29215e-09
 2496.100  8.90863e-28  5.65000e-20  2.92356e-10  2.14703e-09
 2496.200  8.33869e-28  5.65000e-20  2.71748e-10  2.00266e-09
 2496.300  7.76950e-28  5.65000e-20  2.51428e-10  1.85943e-09
 2496.400  7.20034e-28  5.65000e-20  2.31366e-10  1.71713e-09
 2496.500  6.63124e-28  5.65000e-20  2.11566e-10  1.57578e-09
 2496.600  6.34924e-28  5.65000e-20  2.01120e-10  1.50336e-09
 2496.700  6.47799e-28  5.65000e-20  2.03717e-10  1.52830e-09
 2496.800  6.60657e-28  5.65000e-20  2.06254e-10  1.55298e-09
 2496.900  6.73514e-28  5.65000e-20  2.08729e-10  1.57740e-09
 2497.000  6.86370e-28  5.65000e-20  2.11146e-10  1.60157e-09
 2497.100  6.99225e-28  5.65000e-20  2.13562e-10  1.62572e-09
 2497.200  7.12094e-28  5.65000e-20  2.15924e-10  1.64966e-09
 2497.300  7.24947e-28  5.65000e-20  2.18227e-10  1.67334e-09
 2497.400  7.37799e-28  5.65000e-20  2.20472e-10  1.69676e-09
 2497.500  7.50650e-28  5.65000e-20  2.22660e-10  1.71995e-09
 2497.600  7.63500e-28  5.65000e-20  2.24790e-10  1.74288e-09
 2497.700  7.76364e-28  5.65000e-20  2.26866e-10  1.76560e-09
 2497.800  7.89212e-28  5.65000e-20  2.28884e-10  1.78805e-09
 2497.900  8.02058e-28  5.65000e-20  2.30842e-10  1.81024e-09
 2498.000  8.14904e-28  5.65000e-20  2.32744e-10  1.83218e-09
 2498.100  8.27749e-28  5.65000e-20  2.34588e-10  1.85387e-09
 2498.200  8.22702e-28  5.65000e-20  2.31343e-10  1.83538e-09
 2498.300  8.16225e-28  5.65000e-20  2.27724e-10  1.81378e-09
 2498.400  8.09748e-28  5.65000e-20  2.24132e-10  1.79227e-09
 2498.500  8.03272e-28  5.65000e-20  2.20568e-10  1.77084e-09
 2498.600  7.96797e-28  5.65000e-20  2.17032e-10  1.74949e-09
 2498.700  7.90314e-28  5.65000e-20  2.13522e-10  1.72821e-09
 2498.800  7.83839e-28  5.65000e-20  2.10045e-10  1.70705e-09
 2498.900  7.77365e-28  5.65000e-20  2.06595e-10  1.68596e-09
 2499.000  7.70892e-28  5.65000e-20  2.03173e-10  1.66497e-09
 2499.100  7.64419e-28  5.65000e-20  1.99844e-10  1.64432e-09
 2499.200  7.57938e-28  5.65000e-20  1.96538e-10  1.62374e-09
 2499.300  7.51467e-28  5.65000e-20  1.93265e-10  1.60327e-09
 2499.400  7.44995e-28  5.65000e-20  1.90018e-10  1.58289e-09
 2499.500  7.38524e-28  5.65000e-20  1.86799e-10  1.56259e-09
 2499.600  7.32054e-28  5.65000e-20  1.83606e-10  1.54238e-09
 2499.700  7.29821e-28  5.65000e-20  1.81493e-10  1.53114e-09
 2499.800  7.32981e-28  5.65000e-20  1.80723e-10  1.53119e-09
 2499.900  7.36141e-28  5.65000e-20  1.79937e-10  1.53114e-09
 2500.000  7.39301e-28  5.65000e-20  1.79137e-10  1.53101e-09
 2500.100  7.42460e-28  5.65000e-20  1.78323e-10  1.53079e-09
 2500.200  7.45623e-28  5.65000e-20  1.77495e-10  1.53048e-09
 2500.300  7.48782e-28  5.65000e-20  1.76656e-10  1.53009e-09
 2500.400  7.51941e-28  5.65000e-20  1.75801e-10  1.52960e-09
 2500.500  7.55099e-28  5.65000e-20  1.74932e-10  1.52902e-09
 2500.600  7.58257e-28  5.65000e-20  1.74050e-10  1.52834e-09
 2500.700  7.61419e-28  5.65000e-20  1.73153e-10  1.52758e-09
 2500.800  7.64577e-28  5.65000e-20  1.72245e-10  1.52672e-09
 2500.900  7.67734e-28  5.65000e-20  1.71321e-10  1.52576e-09
 2501.000  7.70891e-28  5.65000e-20  1.70384e-10  1.52471e-09
 2501.100  7.74048e-28  5.65000e-20  1.69497e-10  1.52384e-09
 2501.200  7.77209e-28  5.65000e-20  1.68596e-10  1.52289e-09
 2501.300  7.76882e-28  5.65000e-20  1.66936e-10  1.51505e-09
 2501.400  7.76381e-28  5.65000e-20  1.65238e-10  1.50684e-09
 2501.500  7.75880e-28  5.65000e-20  1.63542e-10  1.49861e-09
 2501.600  7.75380e-28  5.65000e-20  1.61848e-10  1.49034e-09
 2501.700  7.74878e-28  5.65000e-20  1.60154e-10  1.48205e-09
 2501.800  7.74378e-28  5.65000e-20  1.58465e-10  1.47373e-09
 2501.900  7.73877e-28  5.65000e-20  1.56776e-10  1.46539e-09
 2502.000  7.73377e-28  5.65000e-20  1.55089e-10  1.45701e-09
 2502.100  7.72876e-28  5.65000e-20  1.53404e-10  1.44860e-09
 2502.200  7.72375e-28  5.65000e-20  1.51719e-10  1.44016e-09
 2502.300  7.71875e-28  5.65000e-20  1.50039e-10  1.43170e-09
 2502.400  7.71374e-28  5.65000e-20  1.48360e-10  1.42320e-09
 2502.500  7.70874e-28  5.65000e-20  1.46682e-10  1.41467e-09
 2502.600  7.70373e-28  5.65000e-20  1.45006e-10  1.40611e-09
 2502.700  7.69872e-28  5.65000e-20  1.43330e-10  1.39750e-09
 2502.800  7.74270e-28  5.65000e-20  1.42561e-10  1.39773e-09
 2502.900  7.84270e-28  5.65000e-20  1.42792e-10  1.40786e-09
 2503.000  7.94269e-28  5.65000e-20  1.42981e-10  1.41775e-09
 2503.100  8.04267e-28  5.65000e-20  1.55852e-10  1.48947e-09
 2503.200  8.14277e-28  5.65000e-20  1.69013e-10  1.56071e-09
 2503.300  8.24274e-28  5.65000e-20  1.82426e-10  1.63138e-09
 2503.400  8.34270e-28  5.65000e-20  1.96127e-10  1.70176e-09
 2503.500  8.44265e-28  5.65000e-20  2.10105e-10  1.77188e-09
 2503.600  8.54259e-28  5.65000e-20  2.24360e-10  1.84180e-09
 2503.700  8.64265e-28  5.65000e-20  2.38908e-10  1.91168e-09
 2503.800  8.74258e-28  5.65000e-20  2.53705e-10  1.98135e-09
 2503.900  8.84250e-28  5.65000e-20  2.68792e-10  2.05103e-09
 2504.000  8.94241e-28  5.65000e-20  2.84156e-10  2.12071e-09
 2504.100  9.04231e-28  5.65000e-20  2.99797e-10  2.19043e-09
 2504.200  9.14233e-28  5.65000e-20  3.15732e-10  2.26028e-09
 2504.300  9.24222e-28  5.65000e-20  3.31914e-10  2.33011e-09
 2504.400  9.26024e-28  5.65000e-20  3.45335e-10  2.37907e-09
 2504.500  9.27663e-28  5.65000e-20  3.58743e-10  2.42696e-09
 2504.600  9.29302e-28  5.65000e-20  3.72199e-10  2.47424e-09
 2504.700  9.30943e-28  5.65000e-20  3.85716e-10  2.52099e-09
 2504.800  9.32582e-28  5.65000e-20  3.99254e-10  2.56711e-09
 2504.900  9.34220e-28  5.65000e-20  4.12852e-10  2.61275e-09
 2505.000  9.35859e-28  5.65000e-20  4.26497e-10  2.65790e-09
 2505.100  9.37497e-28  5.65000e-20  4.27875e-10  2.66452e-09
 2505.200  9.39137e-28  5.65000e-20  4.29257e-10  2.67115e-09
 2505.300  9.40776e-28  5.65000e-20  4.30639e-10  2.67778e-09
 2505.400  9.42414e-28  5.65000e-20  4.32023e-10  2.68442e-09
 2505.500  9.44051e-28  5.65000e-20  4.33410e-10  2.69106e-09
 2505.600  9.45689e-28  5.65000e-20  4.34799e-10  2.69771e-09
 2505.700  9.47329e-28  5.65000e-20  4.36193e-10  2.70436e-09
 2505.800  9.48966e-28  5.65000e-20  4.37586e-10  2.71102e-09
 2505.900  9.51524e-28  5.65000e-20  4.39407e-10  2.72031e-09
 2506.000  9.55033e-28  5.65000e-20  4.41671e-10  2.73234e-09
 2506.100  9.58541e-28  5.65000e-20  4.43940e-10  2.74438e-09
 2506.200  9.62054e-28  5.65000e-20  4.46217e-10  2.75644e-09
 2506.300  9.65562e-28  5.65000e-20  4.48494e-10  2.76850e-09
 2506.400  9.69069e-28  5.65000e-20  4.50778e-10  2.78057e-09
 2506.500  9.72576e-28  5.65000e-20  4.53065e-10  2.79266e-09
 2506.600  9.76083e-28  5.65000e-20  4.55358e-10  2.80476e-09
 2506.700  9.79594e-28  5.65000e-20  4.57658e-10  2.81689e-09
 2506.800  9.83101e-28  5.65000e-20  4.59959e-10  2.82901e-09
 2506.900  9.86607e-28  5.65000e-20  4.62266e-10  2.84115e-09
 2507.000  9.90113e-28  5.65000e-20  4.64577e-10  2.85330e-09
 2507.100  9.93618e-28  5.65000e-20  4.66847e-10  2.86532e-09
 2507.200  9.97128e-28  5.65000e-20  4.69125e-10  2.87737e-09
 2507.300  1.00063e-27  5.65000e-20  4.71403e-10  2.88941e-09
 2507.400  1.00411e-27  5.65000e-20  4.73673e-10  2.90138e-09
 2507.500  1.00278e-27  5.65000e-20  4.73679e-10  2.89949e-09
 2507.600  1.00146e-27  5.65000e-20  4.73683e-10  2.89758e-09
 2507.700  1.00013e-27  5.65000e-20  4.73686e-10  2.89567e-09
 2507.800  9.98802e-28  5.65000e-20  4.73686e-10  2.89375e-09
 2507.900  9.97476e-28  5.65000e-20  4.73686e-10  2.89183e-09
 2508.000  9.96150e-28  5.65000e-20  4.73684e-10  2.88990e-09
 2508.100  9.94824e-28  5.65000e-20  4.73681e-10  2.88796e-09
 2508.200  9.93497e-28  5.65000e-20  4.73676e-10  2.88602e-09
 2508.300  9.92171e-28  5.65000e-20  4.73669e-10  2.88407e-09
 2508.400  9.90846e-28  5.65000e-20  4.73661e-10  2.88212e-09
 2508.500  9.89520e-28  5.65000e-20  4.73652e-10  2.88017e-09
 2508.600  9.88195e-28  5.65000e-20  4.73641e-10  2.87820e-09
 2508.700  9.86868e-28  5.65000e-20  4.73628e-10  2.87623e-09
 2508.800  9.85543e-28  5.65000e-20  4.73614e-10  2.87426e-09
 2508.900  9.84218e-28  5.65000e-20  4.73598e-10  2.87228e-09
 2509.000  9.87569e-28  5.65000e-20  4.75834e-10  2.88395e-09
 2509.100  9.95276e-28  5.65000e-20  4.80149e-10  2.90827e-09
 2509.200  1.00299e-27  5.65000e-20  4.84478e-10  2.93266e-09
 2509.300  1.01070e-27  5.65000e-20  4.88811e-10  2.95704e-09
 2509.400  1.01840e-27  5.65000e-20  4.93153e-10  2.98144e-09
 2509.500  1.02611e-27  5.65000e-20  4.97504e-10  3.00587e-09
 2509.600  1.03381e-27  5.65000e-20  5.01865e-10  3.03033e-09
 2509.700  1.04152e-27  5.65000e-20  5.06240e-10  3.05484e-09
 2509.800  1.04922e-27  5.65000e-20  5.10618e-10  3.07934e-09
 2509.900  1.05693e-27  5.65000e-20  5.15006e-10  3.10387e-09
 2510.000  1.06463e-27  5.65000e-20  5.19403e-10  3.12843e-09
 2510.100  1.07233e-27  5.65000e-20  5.23809e-10  3.15301e-09
 2510.200  1.08004e-27  5.65000e-20  5.28230e-10  3.17765e-09
 2510.300  1.08773e-27  5.65000e-20  5.32654e-10  3.20228e-09
 2510.400  1.09543e-27  5.65000e-20  5.37087e-10  3.22694e-09
 2510.500  1.10283e-27  5.65000e-20  5.41383e-10  3.25074e-09
 2510.600  1.10109e-27  5.65000e-20  5.41195e-10  3.24761e-09
 2510.700  1.09935e-27  5.65000e-20  5.41005e-10  3.24447e-09
 2510.800  1.09760e-27  5.65000e-20  5.40812e-10  3.24132e-09
 2510.900  1.09586e-27  5.65000e-20  5.40618e-10  3.23817e-09
 2511.000  1.09412e-27  5.65000e-20  5.40423e-10  3.23501e-09
 2511.100  1.09238e-27  5.65000e-20  5.40200e-10  3.23177e-09
 2511.200  1.09064e-27  5.65000e-20  5.39975e-10  3.22851e-09
 2511.300  1.08890e-27  5.65000e-20  5.39748e-10  3.22526e-09
 2511.400  1.08716e-27  5.65000e-20  5.39520e-10  3.22200e-09
 2511.500  1.08541e-27  5.65000e-20  5.39290e-10  3.21873e-09
 2511.600  1.08367e-27  5.65000e-20  5.39058e-10  3.21546e-09
 2511.700  1.08193e-27  5.65000e-20  5.38824e-10  3.21217e-09
 2511.800  1.08019e-27  5.65000e-20  5.38587e-10  3.20889e-09
 2511.900  1.07845e-27  5.65000e-20  5.38350e-10  3.20559e-09
 2512.000  1.07671e-27  5.65000e-20  5.38110e-10  3.20229e-09
 2512.100  1.07941e-27  5.65000e-20  5.40090e-10  3.21220e-09
 2512.200  1.08585e-27  5.65000e-20  5.43946e-10  3.23324e-09
 2512.300  1.09227e-27  5.65000e-20  5.47804e-10  3.25428e-09
 2512.400  1.09870e-27  5.65000e-20  5.51670e-10  3.27533e-09
 2512.500  1.10513e-27  5.65000e-20  5.55543e-10  3.29641e-09
 2512.600  1.11156e-27  5.65000e-20  5.59424e-10  3.31751e-09
 2512.700  1.11799e-27  5.65000e-20  5.63317e-10  3.33865e-09
 2512.800  1.12442e-27  5.65000e-20  5.67212e-10  3.35979e-09
 2512.900  1.13084e-27  5.65000e-20  5.71115e-10  3.38095e-09
 2513.000  1.13727e-27  5.65000e-20  5.75025e-10  3.40213e-09
 2513.100  1.14369e-27  5.65000e-20  5.78894e-10  3.42318e-09
 2513.200  1.15012e-27  5.65000e-20  5.82774e-10  3.44428e-09
 2513.300  1.15655e-27  5.65000e-20  5.86656e-10  3.46537e-09
 2513.400  1.16297e-27  5.65000e-20  5.90546e-10  3.48647e-09
 2513.500  1.16939e-27  5.65000e-20  5.94442e-10  3.50760e-09
 2513.600  1.17494e-27  5.65000e-20  5.97899e-10  3.52612e-09
 2513.700  1.16541e-27  5.65000e-20  5.93686e-10  3.49940e-09
 2513.800  1.15590e-27  5.65000e-20  5.89467e-10  3.47268e-09
 2513.900  1.14639e-27  5.65000e-20  5.85239e-10  3.44594e-09
 2514.000  1.13687e-27  5.65000e-20  5.81001e-10  3.41917e-09
 2514.100  1.12736e-27  5.65000e-20  5.76753e-10  3.39236e-09
 2514.200  1.11784e-27  5.65000e-20  5.72490e-10  3.36550e-09
 2514.300  1.10833e-27  5.65000e-20  5.68222e-10  3.33864e-09
 2514.400  1.09882e-27  5.65000e-20  5.63944e-10  3.31175e-09
 2514.500  1.08931e-27  5.65000e-20  5.59657e-10  3.28483e-09
 2514.600  1.07981e-27  5.65000e-20  5.55360e-10  3.25789e-09
 2514.700  1.07029e-27  5.65000e-20  5.51047e-10  3.23088e-09
 2514.800  1.06078e-27  5.65000e-20  5.46730e-10  3.20387e-09
 2514.900  1.05128e-27  5.65000e-20  5.42403e-10  3.17684e-09
 2515.000  1.04177e-27  5.65000e-20  5.38066e-10  3.14978e-09
 2515.100  1.03227e-27  5.65000e-20  5.32708e-10  3.11973e-09
 2515.200  1.03741e-27  5.65000e-20  5.34909e-10  3.13394e-09
 2515.300  1.05361e-27  5.65000e-20  5.42801e-10  3.18153e-09
 2515.400  1.06980e-27  5.65000e-20  5.50679e-10  3.22907e-09
 2515.500  1.08600e-27  5.65000e-20  5.58541e-10  3.27656e-09
 2515.600  1.10219e-27  5.65000e-20  5.66389e-10  3.32400e-09
 2515.700  1.11840e-27  5.65000e-20  5.74232e-10  3.37146e-09
 2515.800  1.13459e-27  5.65000e-20  5.82050e-10  3.41882e-09
 2515.900  1.15078e-27  5.65000e-20  5.89853e-10  3.46613e-09
 2516.000  1.16697e-27  5.65000e-20  5.97642e-10  3.51339e-09
 2516.100  1.18316e-27  5.65000e-20  6.05415e-10  3.56060e-09
 2516.200  1.19936e-27  5.65000e-20  6.13183e-10  3.60783e-09
 2516.300  1.21555e-27  5.65000e-20  6.20927e-10  3.65495e-09
 2516.400  1.23173e-27  5.65000e-20  6.28656e-10  3.70203e-09
 2516.500  1.24791e-27  5.65000e-20  6.36370e-10  3.74906e-09
 2516.600  1.26409e-27  5.65000e-20  6.44069e-10  3.79604e-09
 2516.700  1.27714e-27  5.65000e-20  6.50162e-10  3.83360e-09
 2516.800  1.25488e-27  5.65000e-20  6.38281e-10  3.76516e-09
 2516.900  1.23262e-27  5.65000e-20  6.26420e-10  3.69678e-09
 2517.000  1.21036e-27  5.65000e-20  6.14579e-10  3.62846e-09
 2517.100  1.18811e-27  5.65000e-20  6.02174e-10  3.55848e-09
 2517.200  1.16582e-27  5.65000e-20  5.89795e-10  3.48853e-09
 2517.300  1.14357e-27  5.65000e-20  5.77475e-10  3.41880e-09
 2517.400  1.12132e-27  5.65000e-20  5.65196e-10  3.34919e-09
 2517.500  1.09907e-27  5.65000e-20  5.52958e-10  3.27971e-09
 2517.600  1.07682e-27  5.65000e-20  5.40763e-10  3.21034e-09
 2517.700  1.05455e-27  5.65000e-20  5.28596e-10  3.14102e-09
 2517.800  1.03231e-27  5.65000e-20  5.16486e-10  3.07191e-09
 2517.900  1.01006e-27  5.65000e-20  5.04417e-10  3.00293e-09
 2518.000  9.87822e-28  5.65000e-20  4.92391e-10  2.93407e-09
 2518.100  9.65584e-28  5.65000e-20  4.80406e-10  2.86533e-09
 2518.200  9.43319e-28  5.65000e-20  4.68450e-10  2.79664e-09
 2518.300  9.40320e-28  5.65000e-20  4.66085e-10  2.78514e-09
 2518.400  9.50501e-28  5.65000e-20  4.70246e-10  2.81264e-09
 2518.500  9.60681e-28  5.65000e-20  4.74387e-10  2.84009e-09
 2518.600  9.70860e-28  5.65000e-20  4.78509e-10  2.86747e-09
 2518.700  9.81051e-28  5.65000e-20  4.82617e-10  2.89483e-09
 2518.800  9.91229e-28  5.65000e-20  4.86700e-10  2.92209e-09
 2518.900  1.00141e-27  5.65000e-20  4.90764e-10  2.94929e-09
 2519.000  1.01158e-27  5.65000e-20  4.94807e-10  2.97642e-09
 2519.100  1.02176e-27  5.65000e-20  4.98883e-10  3.00365e-09
 2519.200  1.03194e-27  5.65000e-20  5.02945e-10  3.03085e-09
 2519.300  1.04212e-27  5.65000e-20  5.06984e-10  3.05796e-09
 2519.400  1.05229e-27  5.65000e-20  5.11004e-10  3.08500e-09
 2519.500  1.06246e-27  5.65000e-20  5.15006e-10  3.11199e-09
 2519.600  1.07263e-27  5.65000e-20  5.18989e-10  3.13892e-09
 2519.700  1.08282e-27  5.65000e-20  5.22958e-10  3.16582e-09
 2519.800  1.08904e-27  5.65000e-20  5.25004e-10  3.18112e-09
 2519.900  1.06252e-27  5.65000e-20  5.11277e-10  3.10079e-09
 2520.000  1.03599e-27  5.65000e-20  4.97598e-10  3.02060e-09
 2520.100  1.00947e-27  5.65000e-20  4.83967e-10  2.94056e-09
 2520.200  9.82917e-28  5.65000e-20  4.70367e-10  2.86057e-09
 2520.300  9.56399e-28  5.65000e-20  4.56833e-10  2.78083e-09
 2520.400  9.29883e-28  5.65000e-20  4.43345e-10  2.70122e-09
 2520.500  9.03369e-28  5.65000e-20  4.29904e-10  2.62177e-09
 2520.600  8.76857e-28  5.65000e-20  4.16512e-10  2.54246e-09
 2520.700  8.50315e-28  5.65000e-20  4.03151e-10  2.46320e-09
 2520.800  8.23807e-28  5.65000e-20  3.89855e-10  2.38419e-09
 2520.900  7.97302e-28  5.65000e-20  3.76606e-10  2.30532e-09
 2521.000  7.70798e-28  5.65000e-20  3.63405e-10  2.22660e-09
 2521.100  7.44297e-28  5.65000e-20  3.50286e-10  2.14813e-09
 2521.200  7.17765e-28  5.65000e-20  3.37197e-10  2.06971e-09
 2521.300  6.91268e-28  5.65000e-20  3.24169e-10  1.99152e-09
 2521.400  6.95496e-28  5.65000e-20  3.25568e-10  2.00191e-09
 2521.500  7.18628e-28  5.65000e-20  3.35793e-10  2.06664e-09
 2521.600  7.41758e-28  5.65000e-20  3.45979e-10  2.13124e-09
 2521.700  7.64915e-28  5.65000e-20  3.56137e-10  2.19579e-09
 2521.800  7.88042e-28  5.65000e-20  3.66243e-10  2.26014e-09
 2521.900  8.11167e-28  5.65000e-20  3.76309e-10  2.32436e-09
 2522.000  8.34290e-28  5.65000e-20  3.86336e-10  2.38845e-09
 2522.100  8.57412e-28  5.65000e-20  3.96322e-10  2.45242e-09
 2522.200  8.80559e-28  5.65000e-20  4.06281e-10  2.51633e-09
 2522.300  9.03677e-28  5.65000e-20  4.16188e-10  2.58005e-09
 2522.400  9.26793e-28  5.65000e-20  4.26055e-10  2.64363e-09
 2522.500  9.49907e-28  5.65000e-20  4.35882e-10  2.70708e-09
 2522.600  9.73019e-28  5.65000e-20  4.45669e-10  2.77040e-09
 2522.700  9.96157e-28  5.65000e-20  4.55429e-10  2.83368e-09
 2522.800  1.01927e-27  5.65000e-20  4.65137e-10  2.89674e-09
 2522.900  1.03864e-27  5.65000e-20  4.73102e-10  2.94907e-09
 2523.000  1.03313e-27  5.65000e-20  4.69727e-10  2.93074e-09
 2523.100  1.02763e-27  5.65000e-20  4.67934e-10  2.91734e-09
 2523.200  1.02213e-27  5.65000e-20  4.66131e-10  2.90390e-09
 2523.300  1.01663e-27  5.65000e-20  4.64322e-10  2.89046e-09
 2523.400  1.01113e-27  5.65000e-20  4.62507e-10  2.87699e-09
 2523.500  1.00563e-27  5.65000e-20  4.60685e-10  2.86350e-09
 2523.600  1.00013e-27  5.65000e-20  4.58855e-10  2.84998e-09
 2523.700  9.94627e-28  5.65000e-20  4.57015e-10  2.83642e-09
 2523.800  9.89129e-28  5.65000e-20  4.55170e-10  2.82286e-09
 2523.900  9.83632e-28  5.65000e-20  4.53319e-10  2.80927e-09
 2524.000  9.78136e-28  5.65000e-20  4.51460e-10  2.79566e-09
 2524.100  9.72639e-28  5.65000e-20  4.49594e-10  2.78203e-09
 2524.200  9.67137e-28  5.65000e-20  4.47718e-10  2.76836e-09
 2524.300  9.61642e-28  5.65000e-20  4.45837e-10  2.75467e-09
 2524.400  9.56147e-28  5.65000e-20  4.43949e-10  2.74097e-09
 2524.500  9.60955e-28  5.65000e-20  4.46844e-10  2.75680e-09
 2524.600  9.71501e-28  5.65000e-20  4.52418e-10  2.78912e-09
 2524.700  9.82059e-28  5.65000e-20  4.58013e-10  2.82152e-09
 2524.800  9.92603e-28  5.65000e-20  4.63615e-10  2.85393e-09
 2524.900  1.00315e-27  5.65000e-20  4.69233e-10  2.88637e-09
 2525.000  1.01369e-27  5.65000e-20  4.74864e-10  2.91886e-09
 2525.100  1.02423e-27  5.65000e-20  4.81796e-10  2.95533e-09
 2525.200  1.03479e-27  5.65000e-20  4.88776e-10  2.99196e-09
 2525.300  1.04533e-27  5.65000e-20  4.95788e-10  3.02865e-09
 2525.400  1.05586e-27  5.65000e-20  5.02842e-10  3.06546e-09
 2525.500  1.06640e-27  5.65000e-20  5.09938e-10  3.10238e-09
 2525.600  1.07694e-27  5.65000e-20  5.17074e-10  3.13941e-09
 2525.700  1.08749e-27  5.65000e-20  5.24260e-10  3.17660e-09
 2525.800  1.09803e-27  5.65000e-20  5.31477e-10  3.21384e-09
 2525.900  1.10856e-27  5.65000e-20  5.38736e-10  3.25120e-09
 2526.000  1.12244e-27  5.65000e-20  5.47668e-10  3.29850e-09
 2526.100  1.15470e-27  5.65000e-20  5.65661e-10  3.40008e-09
 2526.200  1.18701e-27  5.65000e-20  5.83802e-10  3.50215e-09
 2526.300  1.21927e-27  5.65000e-20  6.02043e-10  3.60445e-09
 2526.400  1.25152e-27  5.65000e-20  6.20411e-10  3.70711e-09
 2526.500  1.28378e-27  5.65000e-20  6.38905e-10  3.81012e-09
 2526.600  1.31603e-27  5.65000e-20  6.57523e-10  3.91349e-09
 2526.700  1.34832e-27  5.65000e-20  6.76288e-10  4.01734e-09
 2526.800  1.38057e-27  5.65000e-20  6.95154e-10  4.12140e-09
 2526.900  1.41281e-27  5.65000e-20  7.14147e-10  4.22583e-09
 2527.000  1.44505e-27  5.65000e-20  7.33266e-10  4.33060e-09
 2527.100  1.47729e-27  5.65000e-20  7.49506e-10  4.42687e-09
 2527.200  1.50957e-27  5.65000e-20  7.65761e-10  4.52323e-09
 2527.300  1.54180e-27  5.65000e-20  7.81989e-10  4.61945e-09
 2527.400  1.57403e-27  5.65000e-20  7.98210e-10  4.71565e-09
 2527.500  1.60626e-27  5.65000e-20  8.14425e-10  4.81182e-09
 2527.600  1.61061e-27  5.65000e-20  8.16500e-10  4.82446e-09
 2527.700  1.60093e-27  5.65000e-20  8.11463e-10  4.79509e-09
 2527.800  1.59126e-27  5.65000e-20  8.06435e-10  4.76575e-09
 2527.900  1.58159e-27  5.65000e-20  8.01409e-10  4.73642e-09
 2528.000  1.57193e-27  5.65000e-20  7.96385e-10  4.70710e-09
 2528.100  1.56226e-27  5.65000e-20  7.91362e-10  4.67778e-09
 2528.200  1.55258e-27  5.65000e-20  7.86335e-10  4.64844e-09
 2528.300  1.54292e-27  5.65000e-20  7.81317e-10  4.61914e-09
 2528.400  1.53326e-27  5.65000e-20  7.76300e-10  4.58984e-09
 2528.500  1.52359e-27  5.65000e-20  7.71285e-10  4.56056e-09
 2528.600  1.51393e-27  5.65000e-20  7.66272e-10  4.53127e-09
 2528.700  1.50426e-27  5.65000e-20  7.61255e-10  4.50196e-09
 2528.800  1.49460e-27  5.65000e-20  7.56246e-10  4.47270e-09
 2528.900  1.48494e-27  5.65000e-20  7.51239e-10  4.44344e-09
 2529.000  1.47528e-27  5.65000e-20  7.46234e-10  4.41418e-09
 2529.100  1.46426e-27  5.65000e-20  7.40277e-10  4.38008e-09
 2529.200  1.44689e-27  5.65000e-20  7.31117e-10  4.32700e-09
 2529.300  1.42954e-27  5.65000e-20  7.21978e-10  4.27402e-09
 2529.400  1.41220e-27  5.65000e-20  7.12849e-10  4.22106e-09
 2529.500  1.39485e-27  5.65000e-20  7.03729e-10  4.16814e-09
 2529.600  1.37751e-27  5.65000e-20  6.94619e-10  4.11525e-09
 2529.700  1.36015e-27  5.65000e-20  6.85507e-10  4.06232e-09
 2529.800  1.34280e-27  5.65000e-20  6.76417e-10  4.00949e-09
 2529.900  1.32547e-27  5.65000e-20  6.67336e-10  3.95669e-09
 2530.000  1.30813e-27  5.65000e-20  6.58265e-10  3.90392e-09
 2530.100  1.29079e-27  5.65000e-20  6.49203e-10  3.85118e-09
 2530.200  1.27344e-27  5.65000e-20  6.40140e-10  3.79841e-09
 2530.300  1.25610e-27  5.65000e-20  6.31098e-10  3.74573e-09
 2530.400  1.23877e-27  5.65000e-20  6.22066e-10  3.69308e-09
 2530.500  1.22144e-27  5.65000e-20  6.13043e-10  3.64047e-09
 2530.600  1.20411e-27  5.65000e-20  6.04030e-10  3.58788e-09
 2530.700  1.18595e-27  5.65000e-20  5.94612e-10  3.53286e-09
 2530.800  1.16746e-27  5.65000e-20  5.85034e-10  3.47686e-09
 2530.900  1.14897e-27  5.65000e-20  5.75466e-10  3.42090e-09
 2531.000  1.13048e-27  5.65000e-20  5.65909e-10  3.36496e-09
 2531.100  1.11199e-27  5.65000e-20  5.54325e-10  3.30300e-09
 2531.200  1.09348e-27  5.65000e-20  5.42805e-10  3.24118e-09
 2531.300  1.07499e-27  5.65000e-20  5.31380e-10  3.17966e-09
 2531.400  1.05651e-27  5.65000e-20  5.20029e-10  3.11836e-09
 2531.500  1.03802e-27  5.65000e-20  5.08757e-10  3.05727e-09
 2531.600  1.01954e-27  5.65000e-20  4.97562e-10  2.99641e-09
 2531.700  1.00104e-27  5.65000e-20  4.86432e-10  2.93570e-09
 2531.800  9.82559e-28  5.65000e-20  4.75395e-10  2.87529e-09
 2531.900  9.64081e-28  5.65000e-20  4.64434e-10  2.81510e-09
 2532.000  9.45605e-28  5.65000e-20  4.53550e-10  2.75514e-09
 2532.100  9.27130e-28  5.65000e-20  4.42745e-10  2.69540e-09
 2532.200  9.16609e-28  5.65000e-20  4.35796e-10  2.65895e-09
 2532.300  9.37717e-28  5.65000e-20  4.43867e-10  2.71418e-09
 2532.400  9.58824e-28  5.65000e-20  4.51846e-10  2.76911e-09
 2532.500  9.79929e-28  5.65000e-20  4.59735e-10  2.82375e-09
 2532.600  1.00103e-27  5.65000e-20  4.67535e-10  2.87811e-09
 2532.700  1.02216e-27  5.65000e-20  4.75255e-10  2.93223e-09
 2532.800  1.04326e-27  5.65000e-20  4.82878e-10  2.98600e-09
 2532.900  1.06436e-27  5.65000e-20  4.90408e-10  3.03947e-09
 2533.000  1.08545e-27  5.65000e-20  4.97849e-10  3.09265e-09
 2533.100  1.10655e-27  5.65000e-20  5.05262e-10  3.14572e-09
 2533.200  1.12767e-27  5.65000e-20  5.12597e-10  3.19856e-09
 2533.300  1.14876e-27  5.65000e-20  5.19838e-10  3.25106e-09
 2533.400  1.16985e-27  5.65000e-20  5.26989e-10  3.30325e-09
 2533.500  1.19094e-27  5.65000e-20  5.34052e-10  3.35515e-09
 2533.600  1.21203e-27  5.65000e-20  5.41028e-10  3.40676e-09
 2533.700  1.23314e-27  5.65000e-20  5.47926e-10  3.45814e-09
 2533.800  1.24195e-27  5.65000e-20  5.49302e-10  3.47483e-09
 2533.900  1.24582e-27  5.65000e-20  5.48466e-10  3.47759e-09
 2534.000  1.24970e-27  5.65000e-20  5.47613e-10  3.48029e-09
 2534.100  1.25357e-27  5.65000e-20  5.46744e-10  3.48291e-09
 2534.200  1.25745e-27  5.65000e-20  5.45858e-10  3.48547e-09
 2534.300  1.26133e-27  5.65000e-20  5.44959e-10  3.48796e-09
 2534.400  1.26520e-27  5.65000e-20  5.44040e-10  3.49036e-09
 2534.500  1.26907e-27  5.65000e-20  5.43105e-10  3.49270e-09
 2534.600  1.27294e-27  5.65000e-20  5.42154e-10  3.49496e-09
 2534.700  1.27682e-27  5.65000e-20  5.41186e-10  3.49715e-09
 2534.800  1.28069e-27  5.65000e-20  5.40204e-10  3.49927e-09
 2534.900  1.28457e-27  5.65000e-20  5.39204e-10  3.50131e-09
 2535.000  1.28844e-27  5.65000e-20  5.38187e-10  3.50327e-09
 2535.100  1.29231e-27  5.65000e-20  5.37225e-10  3.50539e-09
 2535.200  1.29618e-27  5.65000e-20  5.36246e-10  3.50745e-09
 2535.300  1.30177e-27  5.65000e-20  5.35961e-10  3.51406e-09
 2535.400  1.31327e-27  5.65000e-20  5.38075e-10  3.53651e-09
 2535.500  1.32478e-27  5.65000e-20  5.40142e-10  3.55878e-09
 2535.600  1.33628e-27  5.65000e-20  5.42163e-10  3.58087e-09
 2535.700  1.34779e-27  5.65000e-20  5.44139e-10  3.60282e-09
 2535.800  1.35929e-27  5.65000e-20  5.46069e-10  3.62457e-09
 2535.900  1.37079e-27  5.65000e-20  5.47950e-10  3.64613e-09
 2536.000  1.38229e-27  5.65000e-20  5.49783e-10  3.66751e-09
 2536.100  1.39379e-27  5.65000e-20  5.51570e-10  3.68871e-09
 2536.200  1.40530e-27  5.65000e-20  5.53313e-10  3.70976e-09
 2536.300  1.41679e-27  5.65000e-20  5.55009e-10  3.73060e-09
 2536.400  1.42829e-27  5.65000e-20  5.56655e-10  3.75126e-09
 2536.500  1.43978e-27  5.65000e-20  5.58255e-10  3.77173e-09
 2536.600  1.45127e-27  5.65000e-20  5.59808e-10  3.79201e-09
 2536.700  1.46278e-27  5.65000e-20  5.61316e-10  3.81214e-09
 2536.800  1.47427e-27  5.65000e-20  5.62778e-10  3.83207e-09
 2536.900  1.46949e-27  5.65000e-20  5.58010e-10  3.80960e-09
 2537.000  1.45887e-27  5.65000e-20  5.51058e-10  3.77210e-09
 2537.100  1.44825e-27  5.65000e-20  5.44122e-10  3.73462e-09
 2537.200  1.43763e-27  5.65000e-20  5.37220e-10  3.69722e-09
 2537.300  1.42701e-27  5.65000e-20  5.30372e-10  3.65999e-09
 2537.400  1.41640e-27  5.65000e-20  5.23564e-10  3.62288e-09
 2537.500  1.40579e-27  5.65000e-20  5.16798e-10  3.58588e-09
 2537.600  1.39518e-27  5.65000e-20  5.10076e-10  3.54901e-09
 2537.700  1.38455e-27  5.65000e-20  5.03388e-10  3.51222e-09
 2537.800  1.37395e-27  5.65000e-20  4.96754e-10  3.47561e-09
 2537.900  1.36334e-27  5.65000e-20  4.90159e-10  3.43911e-09
 2538.000  1.35273e-27  5.65000e-20  4.83608e-10  3.40273e-09
 2538.100  1.34212e-27  5.65000e-20  4.77099e-10  3.36648e-09
 2538.200  1.33150e-27  5.65000e-20  4.70626e-10  3.33031e-09
 2538.300  1.32090e-27  5.65000e-20  4.64206e-10  3.29432e-09
 2538.400  1.31866e-27  5.65000e-20  4.60748e-10  3.27924e-09
 2538.500  1.34180e-27  5.65000e-20  4.66117e-10  3.32711e-09
 2538.600  1.36495e-27  5.65000e-20  4.71391e-10  3.37461e-09
 2538.700  1.38811e-27  5.65000e-20  4.76577e-10  3.42180e-09
 2538.800  1.41125e-27  5.65000e-20  4.81665e-10  3.46857e-09
 2538.900  1.43439e-27  5.65000e-20  4.86654e-10  3.51495e-09
 2539.000  1.45753e-27  5.65000e-20  4.91549e-10  3.56096e-09
 2539.100  1.48066e-27  5.65000e-20  4.96382e-10  3.60671e-09
 2539.200  1.50382e-27  5.65000e-20  5.01128e-10  3.65214e-09
 2539.300  1.52695e-27  5.65000e-20  5.05777e-10  3.69715e-09
 2539.400  1.55008e-27  5.65000e-20  5.10329e-10  3.74177e-09
 2539.500  1.57320e-27  5.65000e-20  5.14787e-10  3.78601e-09
 2539.600  1.59633e-27  5.65000e-20  5.19151e-10  3.82987e-09
 2539.700  1.61948e-27  5.65000e-20  5.23427e-10  3.87339e-09
 2539.800  1.64260e-27  5.65000e-20  5.27607e-10  3.91649e-09
 2539.900  1.66572e-27  5.65000e-20  5.31689e-10  3.95918e-09
 2540.000  1.66059e-27  5.65000e-20  5.26720e-10  3.93457e-09
 2540.100  1.64641e-27  5.65000e-20  5.18914e-10  3.88859e-09
 2540.200  1.63220e-27  5.65000e-20  5.11156e-10  3.84272e-09
 2540.300  1.61802e-27  5.65000e-20  5.03467e-10  3.79710e-09
 2540.400  1.60383e-27  5.65000e-20  4.95831e-10  3.75165e-09
 2540.500  1.58965e-27  5.65000e-20  4.88253e-10  3.70637e-09
 2540.600  1.57547e-27  5.65000e-20  4.80731e-10  3.66127e-09
 2540.700  1.56127e-27  5.65000e-20  4.73257e-10  3.61629e-09
 2540.800  1.54709e-27  5.65000e-20  4.65852e-10  3.57155e-09
 2540.900  1.53291e-27  5.65000e-20  4.58501e-10  3.52699e-09
 2541.000  1.51873e-27  5.65000e-20  4.51207e-10  3.48260e-09
 2541.100  1.50455e-27  5.65000e-20  4.44068e-10  3.43878e-09
 2541.200  1.49036e-27  5.65000e-20  4.36977e-10  3.39509e-09
 2541.300  1.47619e-27  5.65000e-20  4.29952e-10  3.35163e-09
 2541.400  1.46201e-27  5.65000e-20  4.22979e-10  3.30834e-09
 2541.500  1.45040e-27  5.65000e-20  4.16796e-10  3.27101e-09
 2541.600  1.44576e-27  5.65000e-20  4.12649e-10  3.24948e-09
 2541.700  1.44111e-27  5.65000e-20  4.08514e-10  3.22796e-09
 2541.800  1.43647e-27  5.65000e-20  4.04404e-10  3.20651e-09
 2541.900  1.43183e-27  5.65000e-20  4.00309e-10  3.18508e-09
 2542.000  1.42719e-27  5.65000e-20  3.96232e-10  3.16368e-09
 2542.100  1.42256e-27  5.65000e-20  3.92173e-10  3.14231e-09
 2542.200  1.41791e-27  5.65000e-20  3.88127e-10  3.12095e-09
 2542.300  1.41327e-27  5.65000e-20  3.84106e-10  3.09966e-09
 2542.400  1.40863e-27  5.65000e-20  3.80100e-10  3.07839e-09
 2542.500  1.40400e-27  5.65000e-20  3.76112e-10  3.05715e-09
 2542.600  1.39936e-27  5.65000e-20  3.72141e-10  3.03595e-09
 2542.700  1.39472e-27  5.65000e-20  3.68184e-10  3.01475e-09
 2542.800  1.39008e-27  5.65000e-20  3.64252e-10  2.99362e-09
 2542.900  1.38544e-27  5.65000e-20  3.60335e-10  2.97251e-09
 2543.000  1.38081e-27  5.65000e-20  3.56435e-10  2.95143e-09
 2543.100  1.37146e-27  5.65000e-20  3.51411e-10  2.92062e-09
 2543.200  1.36078e-27  5.65000e-20  3.46078e-10  2.88706e-09
 2543.300  1.35010e-27  5.65000e-20  3.40795e-10  2.85368e-09
 2543.400  1.33943e-27  5.65000e-20  3.35549e-10  2.82042e-09
 2543.500  1.32876e-27  5.65000e-20  3.30344e-10  2.78729e-09
 2543.600  1.31809e-27  5.65000e-20  3.25179e-10  2.75429e-09
 2543.700  1.30741e-27  5.65000e-20  3.20050e-10  2.72139e-09
 2543.800  1.29674e-27  5.65000e-20  3.14969e-10  2.68866e-09
 2543.900  1.28608e-27  5.65000e-20  3.09925e-10  2.65606e-09
 2544.000  1.27541e-27  5.65000e-20  3.04923e-10  2.62359e-09
 2544.100  1.26475e-27  5.65000e-20  2.99961e-10  2.59125e-09
 2544.200  1.25407e-27  5.65000e-20  2.95033e-10  2.55901e-09
 2544.300  1.24340e-27  5.65000e-20  2.90155e-10  2.52695e-09
 2544.400  1.23274e-27  5.65000e-20  2.85314e-10  2.49502e-09
 2544.500  1.22208e-27  5.65000e-20  2.80514e-10  2.46322e-09
 2544.600  1.21608e-27  5.65000e-20  2.76816e-10  2.44092e-09
 2544.700  1.22141e-27  5.65000e-20  2.75695e-10  2.44130e-09
 2544.800  1.22673e-27  5.65000e-20  2.74556e-10  2.44155e-09
 2544.900  1.23205e-27  5.65000e-20  2.73394e-10  2.44166e-09
 2545.000  1.23738e-27  5.65000e-20  2.72211e-10  2.44163e-09
 2545.100  1.24270e-27  5.65000e-20  2.71066e-10  2.44172e-09
 2545.200  1.24802e-27  5.65000e-20  2.69899e-10  2.44167e-09
 2545.300  1.25334e-27  5.65000e-20  2.68714e-10  2.44150e-09
 2545.400  1.25866e-27  5.65000e-20  2.67508e-10  2.44117e-09
 2545.500  1.26398e-27  5.65000e-20  2.66281e-10  2.44071e-09
 2545.600  1.26930e-27  5.65000e-20  2.65033e-10  2.44010e-09
 2545.700  1.27463e-27  5.65000e-20  2.63765e-10  2.43936e-09
 2545.800  1.27994e-27  5.65000e-20  2.62479e-10  2.43848e-09
 2545.900  1.28526e-27  5.65000e-20  2.61171e-10  2.43744e-09
 2546.000  1.29058e-27  5.65000e-20  2.59842e-10  2.43625e-09
 2546.100  1.29589e-27  5.65000e-20  2.58493e-10  2.43492e-09
 2546.200  1.29026e-27  5.65000e-20  2.54957e-10  2.41294e-09
 2546.300  1.28191e-27  5.65000e-20  2.50916e-10  2.38599e-09
 2546.400  1.27357e-27  5.65000e-20  2.46904e-10  2.35912e-09
 2546.500  1.26522e-27  5.65000e-20  2.42923e-10  2.33235e-09
 2546.600  1.25688e-27  5.65000e-20  2.38972e-10  2.30566e-09
 2546.700  1.24852e-27  5.65000e-20  2.35048e-10  2.27904e-09
 2546.800  1.24018e-27  5.65000e-20  2.31162e-10  2.25256e-09
 2546.900  1.23184e-27  5.65000e-20  2.27305e-10  2.22616e-09
 2547.000  1.22350e-27  5.65000e-20  2.23478e-10  2.19986e-09
 2547.100  1.21516e-27  5.65000e-20  2.37833e-10  2.26166e-09
 2547.200  1.20681e-27  5.65000e-20  2.51986e-10  2.31997e-09
 2547.300  1.19847e-27  5.65000e-20  2.65894e-10  2.37489e-09
 2547.400  1.19013e-27  5.65000e-20  2.79602e-10  2.42685e-09
 2547.500  1.18179e-27  5.65000e-20  2.93095e-10  2.47600e-09
 2547.600  1.17345e-27  5.65000e-20  3.06373e-10  2.52251e-09
 2547.700  1.17167e-27  5.65000e-20  3.21247e-10  2.58106e-09
 2547.800  1.18425e-27  5.65000e-20  3.40174e-10  2.67023e-09
 2547.900  1.19684e-27  5.65000e-20  3.59447e-10  2.75938e-09
 2548.000  1.20942e-27  5.65000e-20  3.79051e-10  2.84848e-09
 2548.100  1.22200e-27  5.65000e-20  3.98987e-10  2.93759e-09
 2548.200  1.23460e-27  5.65000e-20  4.19276e-10  3.02683e-09
 2548.300  1.24718e-27  5.65000e-20  4.39859e-10  3.11599e-09
 2548.400  1.25976e-27  5.65000e-20  4.60790e-10  3.20531e-09
 2548.500  1.27233e-27  5.65000e-20  4.82052e-10  3.29476e-09
 2548.600  1.28491e-27  5.65000e-20  5.03647e-10  3.38435e-09
 2548.700  1.29750e-27  5.65000e-20  5.25596e-10  3.47420e-09
 2548.800  1.31008e-27  5.65000e-20  5.47836e-10  3.56410e-09
 2548.900  1.32265e-27  5.65000e-20  5.70426e-10  3.65425e-09
 2549.000  1.33522e-27  5.65000e-20  5.93347e-10  3.74461e-09
 2549.100  1.34779e-27  5.65000e-20  6.00142e-10  3.78368e-09
 2549.200  1.36038e-27  5.65000e-20  6.06968e-10  3.82286e-09
 2549.300  1.37062e-27  5.65000e-20  6.12766e-10  3.85551e-09
 2549.400  1.38036e-27  5.65000e-20  6.18359e-10  3.88681e-09
 2549.500  1.39010e-27  5.65000e-20  6.23970e-10  3.91815e-09
 2549.600  1.39984e-27  5.65000e-20  6.29598e-10  3.94954e-09
 2549.700  1.40959e-27  5.65000e-20  6.35249e-10  3.98103e-09
 2549.800  1.41933e-27  5.65000e-20  6.40911e-10  4.01251e-09
 2549.900  1.42907e-27  5.65000e-20  6.46591e-10  4.04406e-09
 2550.000  1.43881e-27  5.65000e-20  6.52288e-10  4.07565e-09
 2550.100  1.44854e-27  5.65000e-20  6.58003e-10  4.10729e-09
 2550.200  1.45829e-27  5.65000e-20  6.63741e-10  4.13902e-09
 2550.300  1.46802e-27  5.65000e-20  6.69489e-10  4.17075e-09
 2550.400  1.47776e-27  5.65000e-20  6.75256e-10  4.20254e-09
 2550.500  1.48749e-27  5.65000e-20  6.81040e-10  4.23437e-09
 2550.600  1.49722e-27  5.65000e-20  6.86841e-10  4.26626e-09
 2550.700  1.50697e-27  5.65000e-20  6.92666e-10  4.29823e-09
 2550.800  1.50946e-27  5.65000e-20  6.95166e-10  4.30953e-09
 2550.900  1.49754e-27  5.65000e-20  6.91024e-10  4.27968e-09
 2551.000  1.48562e-27  5.65000e-20  6.86862e-10  4.24976e-09
 2551.100  1.47371e-27  5.65000e-20  6.82674e-10  4.21976e-09
 2551.200  1.46178e-27  5.65000e-20  6.78460e-10  4.18966e-09
 2551.300  1.44987e-27  5.65000e-20  6.74229e-10  4.15953e-09
 2551.400  1.43796e-27  5.65000e-20  6.69979e-10  4.12933e-09
 2551.500  1.42604e-27  5.65000e-20  6.65709e-10  4.09906e-09
 2551.600  1.41414e-27  5.65000e-20  6.61417e-10  4.06873e-09
 2551.700  1.40221e-27  5.65000e-20  6.57100e-10  4.03830e-09
 2551.800  1.39030e-27  5.65000e-20  6.52765e-10  4.00783e-09
 2551.900  1.37840e-27  5.65000e-20  6.48412e-10  3.97730e-09
 2552.000  1.36649e-27  5.65000e-20  6.44037e-10  3.94670e-09
 2552.100  1.35458e-27  5.65000e-20  6.39642e-10  3.91604e-09
 2552.200  1.34267e-27  5.65000e-20  6.35221e-10  3.88528e-09
 2552.300  1.33076e-27  5.65000e-20  6.30783e-10  3.85448e-09
 2552.400  1.32423e-27  5.65000e-20  6.28874e-10  3.83918e-09
 2552.500  1.31869e-27  5.65000e-20  6.27427e-10  3.82673e-09
 2552.600  1.31315e-27  5.65000e-20  6.25970e-10  3.81425e-09
 2552.700  1.30760e-27  5.65000e-20  6.24502e-10  3.80172e-09
 2552.800  1.30206e-27  5.65000e-20  6.23025e-10  3.78917e-09
 2552.900  1.29652e-27  5.65000e-20  6.21540e-10  3.77659e-09
 2553.000  1.29098e-27  5.65000e-20  6.20045e-10  3.76398e-09
 2553.100  1.28544e-27  5.65000e-20  6.18515e-10  3.75126e-09
 2553.200  1.27990e-27  5.65000e-20  6.16974e-10  3.73849e-09
 2553.300  1.27436e-27  5.65000e-20  6.15424e-10  3.72571e-09
 2553.400  1.26882e-27  5.65000e-20  6.13866e-10  3.71290e-09
 2553.500  1.26329e-27  5.65000e-20  6.12298e-10  3.70005e-09
 2553.600  1.25775e-27  5.65000e-20  6.10722e-10  3.68718e-09
 2553.700  1.25221e-27  5.65000e-20  6.09133e-10  3.67426e-09
 2553.800  1.24667e-27  5.65000e-20  6.07537e-10  3.66132e-09
 2553.900  1.24344e-27  5.65000e-20  6.07056e-10  3.65513e-09
 2554.000  1.24439e-27  5.65000e-20  6.08613e-10  3.66120e-09
 2554.100  1.24533e-27  5.65000e-20  6.10172e-10  3.66728e-09
 2554.200  1.24628e-27  5.65000e-20  6.11734e-10  3.67337e-09
 2554.300  1.24722e-27  5.65000e-20  6.13296e-10  3.67945e-09
 2554.400  1.24817e-27  5.65000e-20  6.14860e-10  3.68554e-09
 2554.500  1.24911e-27  5.65000e-20  6.16426e-10  3.69162e-09
 2554.600  1.25006e-27  5.65000e-20  6.17994e-10  3.69771e-09
 2554.700  1.25101e-27  5.65000e-20  6.19566e-10  3.70381e-09
 2554.800  1.25195e-27  5.65000e-20  6.21136e-10  3.70991e-09
 2554.900  1.25290e-27  5.65000e-20  6.22710e-10  3.71600e-09
 2555.000  1.25384e-27  5.65000e-20  6.24285e-10  3.72210e-09
 2555.100  1.25479e-27  5.65000e-20  6.25834e-10  3.72812e-09
 2555.200  1.25573e-27  5.65000e-20  6.27387e-10  3.73415e-09
 2555.300  1.25668e-27  5.65000e-20  6.28939e-10  3.74017e-09
 2555.400  1.25762e-27  5.65000e-20  6.30494e-10  3.74620e-09
 2555.500  1.26099e-27  5.65000e-20  6.33270e-10  3.75947e-09
 2555.600  1.26475e-27  5.65000e-20  6.36243e-10  3.77389e-09
 2555.700  1.26851e-27  5.65000e-20  6.39227e-10  3.78835e-09
 2555.800  1.27226e-27  5.65000e-20  6.42213e-10  3.80280e-09
 2555.900  1.27601e-27  5.65000e-20  6.45206e-10  3.81727e-09
 2556.000  1.27977e-27  5.65000e-20  6.48205e-10  3.83175e-09
 2556.100  1.28352e-27  5.65000e-20  6.51211e-10  3.84625e-09
 2556.200  1.28728e-27  5.65000e-20  6.54227e-10  3.86079e-09
 2556.300  1.29103e-27  5.65000e-20  6.57245e-10  3.87532e-09
 2556.400  1.29478e-27  5.65000e-20  6.60271e-10  3.88987e-09
 2556.500  1.29853e-27  5.65000e-20  6.63303e-10  3.90443e-09
 2556.600  1.30228e-27  5.65000e-20  6.66341e-10  3.91901e-09
 2556.700  1.30604e-27  5.65000e-20  6.69390e-10  3.93363e-09
 2556.800  1.30979e-27  5.65000e-20  6.72440e-10  3.94824e-09
 2556.900  1.31354e-27  5.65000e-20  6.75498e-10  3.96287e-09
 2557.000  1.30963e-27  5.65000e-20  6.74617e-10  3.95439e-09
 2557.100  1.29288e-27  5.65000e-20  6.67080e-10  3.90701e-09
 2557.200  1.27612e-27  5.65000e-20  6.59505e-10  3.85949e-09
 2557.300  1.25937e-27  5.65000e-20  6.51912e-10  3.81195e-09
 2557.400  1.24263e-27  5.65000e-20  6.44292e-10  3.76433e-09
 2557.500  1.22589e-27  5.65000e-20  6.36645e-10  3.71663e-09
 2557.600  1.20915e-27  5.65000e-20  6.28970e-10  3.66885e-09
 2557.700  1.19239e-27  5.65000e-20  6.21258e-10  3.62093e-09
 2557.800  1.17565e-27  5.65000e-20  6.13528e-10  3.57299e-09
 2557.900  1.15891e-27  5.65000e-20  6.05771e-10  3.52497e-09
 2558.000  1.14217e-27  5.65000e-20  5.97987e-10  3.47687e-09
 2558.100  1.12544e-27  5.65000e-20  5.90175e-10  3.42868e-09
 2558.200  1.10869e-27  5.65000e-20  5.82326e-10  3.38036e-09
 2558.300  1.09196e-27  5.65000e-20  5.74459e-10  3.33202e-09
 2558.400  1.07522e-27  5.65000e-20  5.66565e-10  3.28360e-09
 2558.500  1.05850e-27  5.65000e-20  5.58644e-10  3.23510e-09
 2558.600  1.05787e-27  5.65000e-20  5.59208e-10  3.23578e-09
 2558.700  1.05934e-27  5.65000e-20  5.60880e-10  3.24286e-09
 2558.800  1.06081e-27  5.65000e-20  5.62551e-10  3.24993e-09
 2558.900  1.06227e-27  5.65000e-20  5.64225e-10  3.25701e-09
 2559.000  1.06374e-27  5.65000e-20  5.65902e-10  3.26410e-09
 2559.100  1.06520e-27  5.65000e-20  5.67106e-10  3.26982e-09
 2559.200  1.06667e-27  5.65000e-20  5.68312e-10  3.27555e-09
 2559.300  1.06813e-27  5.65000e-20  5.69517e-10  3.28127e-09
 2559.400  1.06960e-27  5.65000e-20  5.70724e-10  3.28700e-09
 2559.500  1.07106e-27  5.65000e-20  5.71933e-10  3.29273e-09
 2559.600  1.07253e-27  5.65000e-20  5.73142e-10  3.29846e-09
 2559.700  1.07399e-27  5.65000e-20  5.74354e-10  3.30420e-09
 2559.800  1.07546e-27  5.65000e-20  5.75565e-10  3.30994e-09
 2559.900  1.07692e-27  5.65000e-20  5.76778e-10  3.31568e-09
 2560.000  1.07839e-27  5.65000e-20  5.77992e-10  3.32142e-09
 2560.100  1.08321e-27  5.65000e-20  5.81009e-10  3.33752e-09
 2560.200  1.09320e-27  5.65000e-20  5.86806e-10  3.36956e-09
 2560.300  1.10318e-27  5.65000e-20  5.92603e-10  3.40159e-09
 2560.400  1.11316e-27  5.65000e-20  5.98407e-10  3.43363e-09
 2560.500  1.12314e-27  5.65000e-20  6.04220e-10  3.46570e-09
 2560.600  1.13312e-27  5.65000e-20  6.10040e-10  3.49778e-09
 2560.700  1.14311e-27  5.65000e-20  6.15875e-10  3.52993e-09
 2560.800  1.15309e-27  5.65000e-20  6.21709e-10  3.56205e-09
 2560.900  1.16306e-27  5.65000e-20  6.27552e-10  3.59420e-09
 2561.000  1.17304e-27  5.65000e-20  6.33403e-10  3.62637e-09
 2561.100  1.18301e-27  5.65000e-20  6.38060e-10  3.65512e-09
 2561.200  1.19300e-27  5.65000e-20  6.42711e-10  3.68386e-09
 2561.300  1.20297e-27  5.65000e-20  6.47343e-10  3.71253e-09
 2561.400  1.21294e-27  5.65000e-20  6.51962e-10  3.74117e-09
 2561.500  1.22291e-27  5.65000e-20  6.56569e-10  3.76976e-09
 2561.600  1.23288e-27  5.65000e-20  6.61162e-10  3.79831e-09
 2561.700  1.24787e-27  5.65000e-20  6.68429e-10  3.84227e-09
 2561.800  1.26337e-27  5.65000e-20  6.75954e-10  3.88776e-09
 2561.900  1.27887e-27  5.65000e-20  6.83458e-10  3.93319e-09
 2562.000  1.29437e-27  5.65000e-20  6.90942e-10  3.97855e-09
 2562.100  1.30986e-27  5.65000e-20  6.98407e-10  4.02386e-09
 2562.200  1.32538e-27  5.65000e-20  7.05861e-10  4.06916e-09
 2562.300  1.34087e-27  5.65000e-20  7.13286e-10  4.11435e-09
 2562.400  1.35636e-27  5.65000e-20  7.20691e-10  4.15947e-09
 2562.500  1.37185e-27  5.65000e-20  7.28076e-10  4.20454e-09
 2562.600  1.38734e-27  5.65000e-20  7.35441e-10  4.24954e-09
 2562.700  1.40285e-27  5.65000e-20  7.42795e-10  4.29454e-09
 2562.800  1.41834e-27  5.65000e-20  7.50121e-10  4.33942e-09
 2562.900  1.43383e-27  5.65000e-20  7.57426e-10  4.38424e-09
 2563.000  1.44931e-27  5.65000e-20  7.64711e-10  4.42900e-09
 2563.100  1.46480e-27  5.65000e-20  7.71985e-10  4.47372e-09
 2563.200  1.47198e-27  5.65000e-20  7.74870e-10  4.49305e-09
 2563.300  1.46749e-27  5.65000e-20  7.71608e-10  4.47674e-09
 2563.400  1.46300e-27  5.65000e-20  7.68350e-10  4.46043e-09
 2563.500  1.45851e-27  5.65000e-20  7.65098e-10  4.44415e-09
 2563.600  1.45401e-27  5.65000e-20  7.61852e-10  4.42788e-09
 2563.700  1.44952e-27  5.65000e-20  7.58607e-10  4.41160e-09
 2563.800  1.44503e-27  5.65000e-20  7.55373e-10  4.39536e-09
 2563.900  1.44054e-27  5.65000e-20  7.52143e-10  4.37913e-09
 2564.000  1.43605e-27  5.65000e-20  7.48919e-10  4.36292e-09
 2564.100  1.43156e-27  5.65000e-20  7.45700e-10  4.34673e-09
 2564.200  1.42706e-27  5.65000e-20  7.42483e-10  4.33053e-09
 2564.300  1.42257e-27  5.65000e-20  7.39277e-10  4.31436e-09
 2564.400  1.41808e-27  5.65000e-20  7.36075e-10  4.29821e-09
 2564.500  1.41360e-27  5.65000e-20  7.32878e-10  4.28208e-09
 2564.600  1.40911e-27  5.65000e-20  7.29687e-10  4.26596e-09
 2564.700  1.40462e-27  5.65000e-20  7.26498e-10  4.24983e-09
 2564.800  1.38827e-27  5.65000e-20  7.17194e-10  4.19790e-09
 2564.900  1.37098e-27  5.65000e-20  7.07418e-10  4.14313e-09
 2565.000  1.35368e-27  5.65000e-20  6.97663e-10  4.08844e-09
 2565.100  1.33639e-27  5.65000e-20  6.87944e-10  4.03384e-09
 2565.200  1.31908e-27  5.65000e-20  6.78234e-10  3.97925e-09
 2565.300  1.30179e-27  5.65000e-20  6.68559e-10  3.92478e-09
 2565.400  1.28450e-27  5.65000e-20  6.58904e-10  3.87038e-09
 2565.500  1.26721e-27  5.65000e-20  6.49270e-10  3.81604e-09
 2565.600  1.24993e-27  5.65000e-20  6.39658e-10  3.76177e-09
 2565.700  1.23262e-27  5.65000e-20  6.30055e-10  3.70749e-09
 2565.800  1.21534e-27  5.65000e-20  6.20487e-10  3.65334e-09
 2565.900  1.19805e-27  5.65000e-20  6.10939e-10  3.59926e-09
 2566.000  1.18077e-27  5.65000e-20  6.01413e-10  3.54524e-09
 2566.100  1.16349e-27  5.65000e-20  5.91908e-10  3.49128e-09
 2566.200  1.14620e-27  5.65000e-20  5.82413e-10  3.43733e-09
 2566.300  1.13482e-27  5.65000e-20  5.75948e-10  3.40119e-09
 2566.400  1.13113e-27  5.65000e-20  5.73387e-10  3.38809e-09
 2566.500  1.12743e-27  5.65000e-20  5.70831e-10  3.37500e-09
 2566.600  1.12373e-27  5.65000e-20  5.68279e-10  3.36193e-09
 2566.700  1.12003e-27  5.65000e-20  5.65729e-10  3.34885e-09
 2566.800  1.11634e-27  5.65000e-20  5.63187e-10  3.33580e-09
 2566.900  1.11264e-27  5.65000e-20  5.60649e-10  3.32276e-09
 2567.000  1.10895e-27  5.65000e-20  5.58115e-10  3.30973e-09
 2567.100  1.10525e-27  5.65000e-20  5.56957e-10  3.30078e-09
 2567.200  1.10155e-27  5.65000e-20  5.55793e-10  3.29181e-09
 2567.300  1.09786e-27  5.65000e-20  5.54625e-10  3.28283e-09
 2567.400  1.09416e-27  5.65000e-20  5.53453e-10  3.27384e-09
 2567.500  1.09047e-27  5.65000e-20  5.52278e-10  3.26484e-09
 2567.600  1.08678e-27  5.65000e-20  5.51097e-10  3.25582e-09
 2567.700  1.08308e-27  5.65000e-20  5.49911e-10  3.24677e-09
 2567.800  1.07939e-27  5.65000e-20  5.48721e-10  3.23773e-09
 2567.900  1.06543e-27  5.65000e-20  5.42304e-10  3.19786e-09
 2568.000  1.05087e-27  5.65000e-20  5.35558e-10  3.15612e-09
 2568.100  1.03630e-27  5.65000e-20  5.28795e-10  3.11432e-09
 2568.200  1.02172e-27  5.65000e-20  5.22005e-10  3.07242e-09
 2568.300  1.00716e-27  5.65000e-20  5.15206e-10  3.03051e-09
 2568.400  9.92603e-28  5.65000e-20  5.08389e-10  2.98856e-09
 2568.500  9.78044e-28  5.65000e-20  5.01554e-10  2.94655e-09
 2568.600  9.63487e-28  5.65000e-20  4.94701e-10  2.90449e-09
 2568.700  9.48913e-28  5.65000e-20  4.87822e-10  2.86233e-09
 2568.800  9.34357e-28  5.65000e-20  4.80934e-10  2.82017e-09
 2568.900  9.19803e-28  5.65000e-20  4.74027e-10  2.77795e-09
 2569.000  9.05250e-28  5.65000e-20  4.67104e-10  2.73569e-09
 2569.100  8.90698e-28  5.65000e-20  4.61238e-10  2.69652e-09
 2569.200  8.76129e-28  5.65000e-20  4.55312e-10  2.65714e-09
 2569.300  8.61580e-28  5.65000e-20  4.49339e-10  2.61764e-09
 2569.400  8.62421e-28  5.65000e-20  4.51370e-10  2.62483e-09
 2569.500  8.81845e-28  5.65000e-20  4.63164e-10  2.68868e-09
 2569.600  9.01268e-28  5.65000e-20  4.75029e-10  2.75272e-09
 2569.700  9.20713e-28  5.65000e-20  4.86980e-10  2.81704e-09
 2569.800  9.40133e-28  5.65000e-20  4.98986e-10  2.88147e-09
 2569.900  9.59551e-28  5.65000e-20  5.11065e-10  2.94610e-09
 2570.000  9.78968e-28  5.65000e-20  5.23215e-10  3.01092e-09
 2570.100  9.98383e-28  5.65000e-20  5.35436e-10  3.07594e-09
 2570.200  1.01782e-27  5.65000e-20  5.47743e-10  3.14123e-09
 2570.300  1.03723e-27  5.65000e-20  5.60105e-10  3.20663e-09
 2570.400  1.05664e-27  5.65000e-20  5.72540e-10  3.27222e-09
 2570.500  1.07605e-27  5.65000e-20  5.85046e-10  3.33801e-09
 2570.600  1.09546e-27  5.65000e-20  5.97624e-10  3.40399e-09
 2570.700  1.11489e-27  5.65000e-20  6.10287e-10  3.47024e-09
 2570.800  1.13429e-27  5.65000e-20  6.23006e-10  3.53659e-09
 2570.900  1.15370e-27  5.65000e-20  6.35797e-10  3.60314e-09
 2571.000  1.16587e-27  5.65000e-20  6.44661e-10  3.64725e-09
 2571.100  1.17775e-27  5.65000e-20  6.52148e-10  3.68702e-09
 2571.200  1.18965e-27  5.65000e-20  6.59662e-10  3.72688e-09
 2571.300  1.20153e-27  5.65000e-20  6.67184e-10  3.76674e-09
 2571.400  1.21341e-27  5.65000e-20  6.74726e-10  3.80666e-09
 2571.500  1.22529e-27  5.65000e-20  6.82285e-10  3.84662e-09
 2571.600  1.23717e-27  5.65000e-20  6.89863e-10  3.88662e-09
 2571.700  1.24907e-27  5.65000e-20  6.97468e-10  3.92672e-09
 2571.800  1.26094e-27  5.65000e-20  7.05080e-10  3.96682e-09
 2571.900  1.27282e-27  5.65000e-20  7.12712e-10  4.00697e-09
 2572.000  1.28470e-27  5.65000e-20  7.20363e-10  4.04717e-09
 2572.100  1.29657e-27  5.65000e-20  7.28031e-10  4.08742e-09
 2572.200  1.30846e-27  5.65000e-20  7.35726e-10  4.12776e-09
 2572.300  1.32033e-27  5.65000e-20  7.43430e-10  4.16809e-09
 2572.400  1.33221e-27  5.65000e-20  7.51152e-10  4.20848e-09
 2572.500  1.33806e-27  5.65000e-20  7.55497e-10  4.22990e-09
 2572.600  1.33717e-27  5.65000e-20  7.56037e-10  4.23001e-09
 2572.700  1.33628e-27  5.65000e-20  7.56576e-10  4.23010e-09
 2572.800  1.33539e-27  5.65000e-20  7.57112e-10  4.23019e-09
 2572.900  1.33450e-27  5.65000e-20  7.57648e-10  4.23028e-09
 2573.000  1.33361e-27  5.65000e-20  7.58183e-10  4.23036e-09
 2573.100  1.33272e-27  5.65000e-20  7.57311e-10  4.22652e-09
 2573.200  1.33183e-27  5.65000e-20  7.56438e-10  4.22267e-09
 2573.300  1.33094e-27  5.65000e-20  7.55567e-10  4.21883e-09
 2573.400  1.33005e-27  5.65000e-20  7.54697e-10  4.21499e-09
 2573.500  1.32917e-27  5.65000e-20  7.53826e-10  4.21115e-09
 2573.600  1.32828e-27  5.65000e-20  7.52957e-10  4.20731e-09
 2573.700  1.32739e-27  5.65000e-20  7.52086e-10  4.20347e-09
 2573.800  1.32650e-27  5.65000e-20  7.51218e-10  4.19964e-09
 2573.900  1.32561e-27  5.65000e-20  7.50349e-10  4.19580e-09
 2574.000  1.32472e-27  5.65000e-20  7.49481e-10  4.19197e-09
 2574.100  1.32132e-27  5.65000e-20  7.47191e-10  4.18018e-09
 2574.200  1.31786e-27  5.65000e-20  7.44872e-10  4.16822e-09
 2574.300  1.31440e-27  5.65000e-20  7.42558e-10  4.15628e-09
 2574.400  1.31095e-27  5.65000e-20  7.40245e-10  4.14435e-09
 2574.500  1.30750e-27  5.65000e-20  7.37935e-10  4.13242e-09
 2574.600  1.30404e-27  5.65000e-20  7.35626e-10  4.12050e-09
 2574.700  1.30058e-27  5.65000e-20  7.33317e-10  4.10857e-09
 2574.800  1.29713e-27  5.65000e-20  7.31013e-10  4.09667e-09
 2574.900  1.29368e-27  5.65000e-20  7.28711e-10  4.08476e-09
 2575.000  1.29023e-27  5.65000e-20  7.26410e-10  4.07286e-09
 2575.100  1.28678e-27  5.65000e-20  7.23882e-10  4.06033e-09
 2575.200  1.28332e-27  5.65000e-20  7.21354e-10  4.04779e-09
 2575.300  1.27987e-27  5.65000e-20  7.18833e-10  4.03527e-09
 2575.400  1.27642e-27  5.65000e-20  7.16314e-10  4.02276e-09
 2575.500  1.27297e-27  5.65000e-20  7.13799e-10  4.01026e-09
 2575.600  1.29141e-27  5.65000e-20  7.23556e-10  4.06672e-09
 2575.700  1.33274e-27  5.65000e-20  7.46102e-10  4.19515e-09
 2575.800  1.37401e-27  5.65000e-20  7.68581e-10  4.32330e-09
 2575.900  1.41527e-27  5.65000e-20  7.91021e-10  4.45133e-09
 2576.000  1.45654e-27  5.65000e-20  8.13421e-10  4.57925e-09
 2576.100  1.49780e-27  5.65000e-20  8.35781e-10  4.70705e-09
 2576.200  1.53910e-27  5.65000e-20  8.58129e-10  4.83489e-09
 2576.300  1.58036e-27  5.65000e-20  8.80411e-10  4.96245e-09
 2576.400  1.62161e-27  5.65000e-20  9.02653e-10  5.08990e-09
 2576.500  1.66286e-27  5.65000e-20  9.24856e-10  5.21723e-09
 2576.600  1.70410e-27  5.65000e-20  9.47019e-10  5.34445e-09
 2576.700  1.74539e-27  5.65000e-20  9.69170e-10  5.47170e-09
 2576.800  1.78663e-27  5.65000e-20  9.91255e-10  5.59868e-09
 2576.900  1.82786e-27  5.65000e-20  1.01330e-09  5.72554e-09
 2577.000  1.86909e-27  5.65000e-20  1.03530e-09  5.85228e-09
 2577.100  1.91041e-27  5.65000e-20  1.05423e-09  5.97045e-09
 2577.200  1.87926e-27  5.65000e-20  1.03314e-09  5.86204e-09
 2577.300  1.84814e-27  5.65000e-20  1.01221e-09  5.75412e-09
 2577.400  1.81703e-27  5.65000e-20  9.91406e-10  5.64655e-09
 2577.500  1.78593e-27  5.65000e-20  9.70730e-10  5.53932e-09
 2577.600  1.75482e-27  5.65000e-20  9.50184e-10  5.43245e-09
 2577.700  1.72368e-27  5.65000e-20  9.29744e-10  5.32581e-09
 2577.800  1.69258e-27  5.65000e-20  9.09461e-10  5.21966e-09
 2577.900  1.66148e-27  5.65000e-20  8.89305e-10  5.11386e-09
 2578.000  1.63038e-27  5.65000e-20  8.69278e-10  5.00841e-09
 2578.100  1.59929e-27  5.65000e-20  8.49381e-10  4.90332e-09
 2578.200  1.56816e-27  5.65000e-20  8.29590e-10  4.79847e-09
 2578.300  1.53707e-27  5.65000e-20  8.09956e-10  4.69412e-09
 2578.400  1.50599e-27  5.65000e-20  7.90449e-10  4.59011e-09
 2578.500  1.47490e-27  5.65000e-20  7.71071e-10  4.48647e-09
 2578.600  1.44382e-27  5.65000e-20  7.51824e-10  4.38319e-09
 2578.700  1.42911e-27  5.65000e-20  7.41191e-10  4.32985e-09
 2578.800  1.43025e-27  5.65000e-20  7.38813e-10  4.32462e-09
 2578.900  1.43138e-27  5.65000e-20  7.36427e-10  4.31935e-09
 2579.000  1.43252e-27  5.65000e-20  7.34036e-10  4.31405e-09
 2579.100  1.43366e-27  5.65000e-20  7.31661e-10  4.30878e-09
 2579.200  1.43480e-27  5.65000e-20  7.29279e-10  4.30347e-09
 2579.300  1.43594e-27  5.65000e-20  7.26898e-10  4.29814e-09
 2579.400  1.43707e-27  5.65000e-20  7.24508e-10  4.29276e-09
 2579.500  1.43821e-27  5.65000e-20  7.22112e-10  4.28736e-09
 2579.600  1.43935e-27  5.65000e-20  7.19712e-10  4.28192e-09
 2579.700  1.44049e-27  5.65000e-20  7.17304e-10  4.27644e-09
 2579.800  1.44163e-27  5.65000e-20  7.14896e-10  4.27094e-09
 2579.900  1.44276e-27  5.65000e-20  7.12480e-10  4.26540e-09
 2580.000  1.44390e-27  5.65000e-20  7.10059e-10  4.25982e-09
 2580.100  1.44504e-27  5.65000e-20  7.07633e-10  4.25421e-09
 2580.200  1.44625e-27  5.65000e-20  7.05232e-10  4.24877e-09
 2580.300  1.45171e-27  5.65000e-20  7.04901e-10  4.25579e-09
 2580.400  1.45718e-27  5.65000e-20  7.04544e-10  4.26272e-09
 2580.500  1.46265e-27  5.65000e-20  7.04163e-10  4.26955e-09
 2580.600  1.46811e-27  5.65000e-20  7.03759e-10  4.27629e-09
 2580.700  1.47359e-27  5.65000e-20  7.03332e-10  4.28296e-09
 2580.800  1.47905e-27  5.65000e-20  7.02884e-10  4.28953e-09
 2580.900  1.48452e-27  5.65000e-20  7.02410e-10  4.29599e-09
 2581.000  1.48998e-27  5.65000e-20  7.01913e-10  4.30237e-09
 2581.100  1.49545e-27  5.65000e-20  7.01416e-10  4.30873e-09
 2581.200  1.50092e-27  5.65000e-20  7.00895e-10  4.31500e-09
 2581.300  1.50638e-27  5.65000e-20  7.00355e-10  4.32118e-09
 2581.400  1.51184e-27  5.65000e-20  6.99788e-10  4.32725e-09
 2581.500  1.51731e-27  5.65000e-20  6.99198e-10  4.33324e-09
 2581.600  1.52277e-27  5.65000e-20  6.98585e-10  4.33913e-09
 2581.700  1.52824e-27  5.65000e-20  6.97949e-10  4.34493e-09
 2581.800  1.52621e-27  5.65000e-20  6.93888e-10  4.32939e-09
 2581.900  1.51740e-27  5.65000e-20  6.86765e-10  4.29467e-09
 2582.000  1.50860e-27  5.65000e-20  6.79678e-10  4.26005e-09
 2582.100  1.49980e-27  5.65000e-20  6.72626e-10  4.22551e-09
 2582.200  1.49098e-27  5.65000e-20  6.65603e-10  4.19102e-09
 2582.300  1.48218e-27  5.65000e-20  6.58628e-10  4.15668e-09
 2582.400  1.47338e-27  5.65000e-20  6.51685e-10  4.12242e-09
 2582.500  1.46458e-27  5.65000e-20  6.44778e-10  4.08825e-09
 2582.600  1.45578e-27  5.65000e-20  6.37907e-10  4.05418e-09
 2582.700  1.44697e-27  5.65000e-20  6.31064e-10  4.02016e-09
 2582.800  1.43818e-27  5.65000e-20  6.24269e-10  3.98628e-09
 2582.900  1.42938e-27  5.65000e-20  6.17506e-10  3.95248e-09
 2583.000  1.42058e-27  5.65000e-20  6.10780e-10  3.91878e-09
 2583.100  1.41179e-27  5.65000e-20  6.03993e-10  3.88487e-09
 2583.200  1.40298e-27  5.65000e-20  5.97236e-10  3.85101e-09
 2583.300  1.39562e-27  5.65000e-20  5.91136e-10  3.82123e-09
 2583.400  1.42886e-27  5.65000e-20  6.02171e-10  3.90239e-09
 2583.500  1.46209e-27  5.65000e-20  6.13062e-10  3.98304e-09
 2583.600  1.49532e-27  5.65000e-20  6.23810e-10  4.06321e-09
 2583.700  1.52859e-27  5.65000e-20  6.34429e-10  4.14298e-09
 2583.800  1.56181e-27  5.65000e-20  6.44894e-10  4.22216e-09
 2583.900  1.59503e-27  5.65000e-20  6.55213e-10  4.30082e-09
 2584.000  1.62825e-27  5.65000e-20  6.65389e-10  4.37899e-09
 2584.100  1.66147e-27  5.65000e-20  6.75421e-10  4.45665e-09
 2584.200  1.69472e-27  5.65000e-20  6.85323e-10  4.53391e-09
 2584.300  1.72793e-27  5.65000e-20  6.95072e-10  4.61057e-09
 2584.400  1.76114e-27  5.65000e-20  7.04675e-10  4.68670e-09
 2584.500  1.79435e-27  5.65000e-20  7.14134e-10  4.76233e-09
 2584.600  1.82755e-27  5.65000e-20  7.23450e-10  4.83743e-09
 2584.700  1.86079e-27  5.65000e-20  7.32635e-10  4.91212e-09
 2584.800  1.89399e-27  5.65000e-20  7.41668e-10  4.98620e-09
 2584.900  1.96055e-27  5.65000e-20  7.63546e-10  5.14733e-09
 2585.000  2.05513e-27  5.65000e-20  7.95994e-10  5.38084e-09
 2585.100  2.14970e-27  5.65000e-20  8.28048e-10  5.61297e-09
 2585.200  2.24439e-27  5.65000e-20  8.59735e-10  5.84395e-09
 2585.300  2.33895e-27  5.65000e-20  8.90980e-10  6.07323e-09
 2585.400  2.43350e-27  5.65000e-20  9.21815e-10  6.30105e-09
 2585.500  2.52804e-27  5.65000e-20  9.52243e-10  6.52743e-09
 2585.600  2.62258e-27  5.65000e-20  9.82264e-10  6.75234e-09
 2585.700  2.71723e-27  5.65000e-20  1.01192e-09  6.97608e-09
 2585.800  2.81175e-27  5.65000e-20  1.04113e-09  7.19809e-09
 2585.900  2.90627e-27  5.65000e-20  1.06993e-09  7.41860e-09
 2586.000  3.00078e-27  5.65000e-20  1.09833e-09  7.63763e-09
 2586.100  3.09528e-27  5.65000e-20  1.12631e-09  7.85517e-09
 2586.200  3.18989e-27  5.65000e-20  1.15393e-09  8.07149e-09
 2586.300  3.28438e-27  5.65000e-20  1.18111e-09  8.28606e-09
 2586.400  3.37203e-27  5.65000e-20  1.20544e-09  8.48191e-09
 2586.500  3.33003e-27  5.65000e-20  1.18332e-09  8.35123e-09
 2586.600  3.28804e-27  5.65000e-20  1.16138e-09  8.22112e-09
 2586.700  3.24599e-27  5.65000e-20  1.13959e-09  8.09142e-09
 2586.800  3.20401e-27  5.65000e-20  1.11802e-09  7.96246e-09
 2586.900  3.16202e-27  5.65000e-20  1.09662e-09  7.83404e-09
 2587.000  3.12004e-27  5.65000e-20  1.07539e-09  7.70619e-09
 2587.100  3.07806e-27  5.65000e-20  1.05442e-09  7.57916e-09
 2587.200  3.03604e-27  5.65000e-20  1.03360e-09  7.45255e-09
 2587.300  2.99407e-27  5.65000e-20  1.01298e-09  7.32669e-09
 2587.400  2.95210e-27  5.65000e-20  9.92541e-10  7.20138e-09
 2587.500  2.91013e-27  5.65000e-20  9.72276e-10  7.07664e-09
 2587.600  2.86817e-27  5.65000e-20  9.52188e-10  6.95248e-09
 2587.700  2.82616e-27  5.65000e-20  9.32256e-10  6.82876e-09
 2587.800  2.78421e-27  5.65000e-20  9.12530e-10  6.70579e-09
 2587.900  2.74226e-27  5.65000e-20  8.92976e-10  6.58339e-09
 2588.000  2.69710e-27  5.65000e-20  8.72562e-10  6.45390e-09
 2588.100  2.64942e-27  5.65000e-20  8.51526e-10  6.31903e-09
 2588.200  2.60168e-27  5.65000e-20  8.30669e-10  6.18468e-09
 2588.300  2.55401e-27  5.65000e-20  8.10044e-10  6.05120e-09
 2588.400  2.50634e-27  5.65000e-20  7.89615e-10  5.91839e-09
 2588.500  2.45867e-27  5.65000e-20  7.69389e-10  5.78628e-09
 2588.600  2.41101e-27  5.65000e-20  7.49365e-10  5.65486e-09
 2588.700  2.36329e-27  5.65000e-20  7.29521e-10  5.52400e-09
 2588.800  2.31564e-27  5.65000e-20  7.09907e-10  5.39401e-09
 2588.900  2.26799e-27  5.65000e-20  6.90490e-10  5.26472e-09
 2589.000  2.22034e-27  5.65000e-20  6.71276e-10  5.13613e-09
 2589.100  2.17270e-27  5.65000e-20  6.52295e-10  5.00838e-09
 2589.200  2.12500e-27  5.65000e-20  6.33493e-10  4.88119e-09
 2589.300  2.07736e-27  5.65000e-20  6.14919e-10  4.75489e-09
 2589.400  2.02973e-27  5.65000e-20  5.96542e-10  4.62930e-09
 2589.500  1.98272e-27  5.65000e-20  5.78548e-10  4.50585e-09
 2589.600  1.94425e-27  5.65000e-20  5.63224e-10  4.40243e-09
 2589.700  1.90574e-27  5.65000e-20  5.48044e-10  4.29947e-09
 2589.800  1.86727e-27  5.65000e-20  5.33049e-10  4.19723e-09
 2589.900  1.82881e-27  5.65000e-20  5.18212e-10  4.09556e-09
 2590.000  1.79035e-27  5.65000e-20  5.03537e-10  3.99448e-09
 2590.100  1.75189e-27  5.65000e-20  4.89025e-10  3.89399e-09
 2590.200  1.71339e-27  5.65000e-20  4.74659e-10  3.79398e-09
 2590.300  1.67494e-27  5.65000e-20  4.60476e-10  3.69470e-09
 2590.400  1.63649e-27  5.65000e-20  4.46452e-10  3.59600e-09
 2590.500  1.59805e-27  5.65000e-20  4.32590e-10  3.49791e-09
 2590.600  1.55961e-27  5.65000e-20  4.18891e-10  3.40043e-09
 2590.700  1.52112e-27  5.65000e-20  4.05339e-10  3.30344e-09
 2590.800  1.48268e-27  5.65000e-20  3.91968e-10  3.20720e-09
 2590.900  1.44425e-27  5.65000e-20  3.78757e-10  3.11156e-09
 2591.000  1.40582e-27  5.65000e-20  3.65709e-10  3.01654e-09
 2591.100  1.38823e-27  5.65000e-20  3.58226e-10  2.96678e-09
 2591.200  1.38604e-27  5.65000e-20  3.54754e-10  2.95004e-09
 2591.300  1.38386e-27  5.65000e-20  3.51297e-10  2.93331e-09
 2591.400  1.38167e-27  5.65000e-20  3.47846e-10  2.91656e-09
 2591.500  1.37948e-27  5.65000e-20  3.44404e-10  2.89980e-09
 2591.600  1.37730e-27  5.65000e-20  3.40970e-10  2.88302e-09
 2591.700  1.37511e-27  5.65000e-20  3.37542e-10  2.86621e-09
 2591.800  1.37292e-27  5.65000e-20  3.34129e-10  2.84942e-09
 2591.900  1.37074e-27  5.65000e-20  3.30722e-10  2.83259e-09
 2592.000  1.36855e-27  5.65000e-20  3.27324e-10  2.81576e-09
 2592.100  1.36636e-27  5.65000e-20  3.23934e-10  2.79890e-09
 2592.200  1.36418e-27  5.65000e-20  3.20550e-10  2.78201e-09
 2592.300  1.36199e-27  5.65000e-20  3.17181e-10  2.76513e-09
 2592.400  1.35980e-27  5.65000e-20  3.13818e-10  2.74823e-09
 2592.500  1.35762e-27  5.65000e-20  3.10463e-10  2.73130e-09
 2592.600  1.35687e-27  5.65000e-20  3.07443e-10  2.71724e-09
 2592.700  1.37176e-27  5.65000e-20  3.07932e-10  2.73427e-09
 2592.800  1.38662e-27  5.65000e-20  3.08360e-10  2.75096e-09
 2592.900  1.40149e-27  5.65000e-20  3.08722e-10  2.76729e-09
 2593.000  1.41635e-27  5.65000e-20  3.09020e-10  2.78327e-09
 2593.100  1.43122e-27  5.65000e-20  3.34840e-10  2.91238e-09
 2593.200  1.44610e-27  5.65000e-20  3.61160e-10  3.04035e-09
 2593.300  1.46096e-27  5.65000e-20  3.87902e-10  3.16705e-09
 2593.400  1.47582e-27  5.65000e-20  4.15139e-10  3.29298e-09
 2593.500  1.49068e-27  5.65000e-20  4.42848e-10  3.41818e-09
 2593.600  1.50553e-27  5.65000e-20  4.71030e-10  3.54279e-09
 2593.700  1.52041e-27  5.65000e-20  4.99714e-10  3.66705e-09
 2593.800  1.53526e-27  5.65000e-20  5.28817e-10  3.79070e-09
 2593.900  1.55012e-27  5.65000e-20  5.58416e-10  3.91415e-09
 2594.000  1.56497e-27  5.65000e-20  5.88488e-10  4.03736e-09
 2594.100  1.57982e-27  5.65000e-20  6.19032e-10  4.16041e-09
 2594.200  1.59995e-27  5.65000e-20  6.52227e-10  4.29763e-09
 2594.300  1.62369e-27  5.65000e-20  6.87538e-10  4.44503e-09
 2594.400  1.64742e-27  5.65000e-20  7.23626e-10  4.59341e-09
 2594.500  1.67115e-27  5.65000e-20  7.60469e-10  4.74268e-09
 2594.600  1.69488e-27  5.65000e-20  7.98065e-10  4.89287e-09
 2594.700  1.71863e-27  5.65000e-20  8.36456e-10  5.04416e-09
 2594.800  1.74236e-27  5.65000e-20  8.75532e-10  5.19613e-09
 2594.900  1.76608e-27  5.65000e-20  9.15390e-10  5.34914e-09
 2595.000  1.78980e-27  5.65000e-20  9.56001e-10  5.50310e-09
 2595.100  1.81352e-27  5.65000e-20  9.70795e-10  5.58214e-09
 2595.200  1.83727e-27  5.65000e-20  9.85661e-10  5.66142e-09
 2595.300  1.86098e-27  5.65000e-20  1.00056e-09  5.74076e-09
 2595.400  1.88470e-27  5.65000e-20  1.01552e-09  5.82024e-09
 2595.500  1.90841e-27  5.65000e-20  1.03054e-09  5.89987e-09
 2595.600  1.93212e-27  5.65000e-20  1.04560e-09  5.97965e-09
 2595.700  1.95635e-27  5.65000e-20  1.06101e-09  6.06120e-09
 2595.800  1.98490e-27  5.65000e-20  1.07882e-09  6.15629e-09
 2595.900  2.01344e-27  5.65000e-20  1.09670e-09  6.25157e-09
 2596.000  2.04199e-27  5.65000e-20  1.11464e-09  6.34702e-09
 2596.100  2.07053e-27  5.65000e-20  1.13265e-09  6.44265e-09
 2596.200  2.09911e-27  5.65000e-20  1.15075e-09  6.53858e-09
 2596.300  2.12764e-27  5.65000e-20  1.16889e-09  6.63455e-09
 2596.400  2.15618e-27  5.65000e-20  1.18710e-09  6.73072e-09
 2596.500  2.18472e-27  5.65000e-20  1.20537e-09  6.82706e-09
 2596.600  2.21325e-27  5.65000e-20  1.22371e-09  6.92357e-09
 2596.700  2.24181e-27  5.65000e-20  1.24214e-09  7.02038e-09
 2596.800  2.27034e-27  5.65000e-20  1.26061e-09  7.11724e-09
 2596.900  2.29887e-27  5.65000e-20  1.27915e-09  7.21428e-09
 2597.000  2.32739e-27  5.65000e-20  1.29775e-09  7.31150e-09
 2597.100  2.35591e-27  5.65000e-20  1.31638e-09  7.40875e-09
 2597.200  2.38446e-27  5.65000e-20  1.33509e-09  7.50630e-09
 2597.300  2.49039e-27  5.65000e-20  1.39727e-09  7.84783e-09
 2597.400  2.64620e-27  5.65000e-20  1.48775e-09  8.34742e-09
 2597.500  2.80201e-27  5.65000e-20  1.57858e-09  8.84797e-09
 2597.600  2.95780e-27  5.65000e-20  1.66977e-09  9.34948e-09
 2597.700  3.11376e-27  5.65000e-20  1.76142e-09  9.85257e-09
 2597.800  3.26953e-27  5.65000e-20  1.85331e-09  1.03560e-08
 2597.900  3.42529e-27  5.65000e-20  1.94555e-09  1.08604e-08
 2598.000  3.58103e-27  5.65000e-20  2.03815e-09  1.13657e-08
 2598.100  3.73676e-27  5.65000e-20  2.13111e-09  1.18721e-08
 2598.200  3.89267e-27  5.65000e-20  2.22453e-09  1.23799e-08
 2598.300  4.04837e-27  5.65000e-20  2.31819e-09  1.28881e-08
 2598.400  4.20407e-27  5.65000e-20  2.41220e-09  1.33973e-08
 2598.500  4.35975e-27  5.65000e-20  2.50658e-09  1.39074e-08
 2598.600  4.51542e-27  5.65000e-20  2.60130e-09  1.44185e-08
 2598.700  4.67127e-27  5.65000e-20  2.69649e-09  1.49311e-08
 2598.800  4.81700e-27  5.65000e-20  2.78619e-09  1.54124e-08
 2598.900  4.88631e-27  5.65000e-20  2.83193e-09  1.56497e-08
 2599.000  4.95560e-27  5.65000e-20  2.87783e-09  1.58875e-08
 2599.100  5.02489e-27  5.65000e-20  2.92361e-09  1.61250e-08
 2599.200  5.09426e-27  5.65000e-20  2.96960e-09  1.63631e-08
 2599.300  5.16354e-27  5.65000e-20  3.01568e-09  1.66013e-08
 2599.400  5.23281e-27  5.65000e-20  3.06192e-09  1.68399e-08
 2599.500  5.30208e-27  5.65000e-20  3.10830e-09  1.70789e-08
 2599.600  5.37135e-27  5.65000e-20  3.15484e-09  1.73183e-08
 2599.700  5.44069e-27  5.65000e-20  3.20158e-09  1.75584e-08
 2599.800  5.50994e-27  5.65000e-20  3.24841e-09  1.77986e-08
 2599.900  5.57919e-27  5.65000e-20  3.29540e-09  1.80391e-08
 2600.000  5.64843e-27  5.65000e-20  3.34254e-09  1.82801e-08
 2600.100  5.71767e-27  5.65000e-20  3.38983e-09  1.85214e-08
 2600.200  5.78698e-27  5.65000e-20  3.43733e-09  1.87634e-08
 2600.300  5.85621e-27  5.65000e-20  3.48492e-09  1.90055e-08
 2600.400  5.80856e-27  5.65000e-20  3.46298e-09  1.88684e-08
 2600.500  5.69047e-27  5.65000e-20  3.39887e-09  1.85019e-08
 2600.600  5.57238e-27  5.65000e-20  3.33450e-09  1.81348e-08
 2600.700  5.45417e-27  5.65000e-20  3.26980e-09  1.77664e-08
 2600.800  5.33610e-27  5.65000e-20  3.20492e-09  1.73979e-08
 2600.900  5.21805e-27  5.65000e-20  3.13979e-09  1.70286e-08
 2601.000  5.10000e-27  5.65000e-20  3.07440e-09  1.66587e-08
 2601.100  4.98196e-27  5.65000e-20  3.00846e-09  1.62873e-08
 2601.200  4.86379e-27  5.65000e-20  2.94221e-09  1.59147e-08
 2601.300  4.74577e-27  5.65000e-20  2.87578e-09  1.55420e-08
 2601.400  4.62776e-27  5.65000e-20  2.80912e-09  1.51686e-08
 2601.500  4.50976e-27  5.65000e-20  2.74222e-09  1.47946e-08
 2601.600  4.39177e-27  5.65000e-20  2.67508e-09  1.44200e-08
 2601.700  4.27364e-27  5.65000e-20  2.60762e-09  1.40442e-08
 2601.800  4.15567e-27  5.65000e-20  2.53999e-09  1.36682e-08
 2601.900  4.04207e-27  5.65000e-20  2.47480e-09  1.33060e-08
 2602.000  3.95758e-27  5.65000e-20  2.42722e-09  1.30390e-08
 2602.100  3.87309e-27  5.65000e-20  2.37946e-09  1.27716e-08
 2602.200  3.78850e-27  5.65000e-20  2.33148e-09  1.25033e-08
 2602.300  3.70402e-27  5.65000e-20  2.28337e-09  1.22349e-08
 2602.400  3.61955e-27  5.65000e-20  2.23510e-09  1.19661e-08
 2602.500  3.53509e-27  5.65000e-20  2.18665e-09  1.16968e-08
 2602.600  3.45063e-27  5.65000e-20  2.13804e-09  1.14270e-08
 2602.700  3.36608e-27  5.65000e-20  2.08919e-09  1.11565e-08
 2602.800  3.28163e-27  5.65000e-20  2.04022e-09  1.08858e-08
 2602.900  3.19720e-27  5.65000e-20  1.99108e-09  1.06146e-08
 2603.000  3.11276e-27  5.65000e-20  1.94177e-09  1.03430e-08
 2603.100  3.02834e-27  5.65000e-20  1.89221e-09  1.00708e-08
 2603.200  2.94382e-27  5.65000e-20  1.84241e-09  9.79771e-09
 2603.300  2.85940e-27  5.65000e-20  1.79251e-09  9.52454e-09
 2603.400  2.77500e-27  5.65000e-20  1.74243e-09  9.25093e-09
 2603.500  2.71789e-27  5.65000e-20  1.70936e-09  9.06792e-09
 2603.600  2.67630e-27  5.65000e-20  1.68594e-09  8.93644e-09
 2603.700  2.63467e-27  5.65000e-20  1.66242e-09  8.80458e-09
 2603.800  2.59309e-27  5.65000e-20  1.63884e-09  8.67265e-09
 2603.900  2.55151e-27  5.65000e-20  1.61517e-09  8.54052e-09
 2604.000  2.50994e-27  5.65000e-20  1.59143e-09  8.40816e-09
 2604.100  2.46837e-27  5.65000e-20  1.56760e-09  8.27559e-09
 2604.200  2.42675e-27  5.65000e-20  1.54366e-09  8.14263e-09
 2604.300  2.38519e-27  5.65000e-20  1.51967e-09  8.00961e-09
 2604.400  2.34363e-27  5.65000e-20  1.49559e-09  7.87638e-09
 2604.500  2.30207e-27  5.65000e-20  1.47143e-09  7.74293e-09
 2604.600  2.26052e-27  5.65000e-20  1.44719e-09  7.60926e-09
 2604.700  2.21891e-27  5.65000e-20  1.42284e-09  7.47521e-09
 2604.800  2.17737e-27  5.65000e-20  1.39843e-09  7.34111e-09
 2604.900  2.13582e-27  5.65000e-20  1.37394e-09  7.20679e-09
 2605.000  2.10866e-27  5.65000e-20  1.35863e-09  7.12082e-09
 2605.100  2.16693e-27  5.65000e-20  1.39777e-09  7.32176e-09
 2605.200  2.22526e-27  5.65000e-20  1.43704e-09  7.52316e-09
 2605.300  2.28352e-27  5.65000e-20  1.47634e-09  7.72452e-09
 2605.400  2.34177e-27  5.65000e-20  1.51573e-09  7.92609e-09
 2605.500  2.40002e-27  5.65000e-20  1.55520e-09  8.12786e-09
 2605.600  2.45826e-27  5.65000e-20  1.59476e-09  8.32985e-09
 2605.700  2.51657e-27  5.65000e-20  1.63445e-09  8.53229e-09
 2605.800  2.57480e-27  5.65000e-20  1.67417e-09  8.73468e-09
 2605.900  2.63303e-27  5.65000e-20  1.71397e-09  8.93729e-09
 2606.000  2.69126e-27  5.65000e-20  1.75386e-09  9.14010e-09
 2606.100  2.74948e-27  5.65000e-20  1.79383e-09  9.34312e-09
 2606.200  2.80777e-27  5.65000e-20  1.83394e-09  9.54659e-09
 2606.300  2.86598e-27  5.65000e-20  1.87407e-09  9.75002e-09
 2606.400  2.92419e-27  5.65000e-20  1.91429e-09  9.95366e-09
 2606.500  2.98239e-27  5.65000e-20  1.95460e-09  1.01575e-08
 2606.600  3.00346e-27  5.65000e-20  1.97062e-09  1.02350e-08
 2606.700  3.00481e-27  5.65000e-20  1.97374e-09  1.02454e-08
 2606.800  3.00616e-27  5.65000e-20  1.97684e-09  1.02558e-08
 2606.900  3.00751e-27  5.65000e-20  1.97995e-09  1.02661e-08
 2607.000  3.00886e-27  5.65000e-20  1.98307e-09  1.02765e-08
 2607.100  3.01021e-27  5.65000e-20  1.98172e-09  1.02753e-08
 2607.200  3.01156e-27  5.65000e-20  1.98037e-09  1.02741e-08
 2607.300  3.01292e-27  5.65000e-20  1.97903e-09  1.02729e-08
 2607.400  3.01427e-27  5.65000e-20  1.97767e-09  1.02717e-08
 2607.500  3.01562e-27  5.65000e-20  1.97632e-09  1.02705e-08
 2607.600  3.01697e-27  5.65000e-20  1.97496e-09  1.02693e-08
 2607.700  3.01832e-27  5.65000e-20  1.97360e-09  1.02680e-08
 2607.800  3.01967e-27  5.65000e-20  1.97224e-09  1.02668e-08
 2607.900  3.02102e-27  5.65000e-20  1.97088e-09  1.02655e-08
 2608.000  3.02237e-27  5.65000e-20  1.96951e-09  1.02643e-08
 2608.100  3.02092e-27  5.65000e-20  1.96632e-09  1.02535e-08
 2608.200  3.00473e-27  5.65000e-20  1.95354e-09  1.01927e-08
 2608.300  2.98857e-27  5.65000e-20  1.94081e-09  1.01321e-08
 2608.400  2.97240e-27  5.65000e-20  1.92810e-09  1.00715e-08
 2608.500  2.95624e-27  5.65000e-20  1.91542e-09  1.00110e-08
 2608.600  2.94008e-27  5.65000e-20  1.90276e-09  9.95055e-09
 2608.700  2.92390e-27  5.65000e-20  1.89011e-09  9.89010e-09
 2608.800  2.90774e-27  5.65000e-20  1.87750e-09  9.82978e-09
 2608.900  2.89158e-27  5.65000e-20  1.86492e-09  9.76952e-09
 2609.000  2.87543e-27  5.65000e-20  1.85235e-09  9.70932e-09
 2609.100  2.85927e-27  5.65000e-20  1.83973e-09  9.64896e-09
 2609.200  2.84310e-27  5.65000e-20  1.82712e-09  9.58860e-09
 2609.300  2.82695e-27  5.65000e-20  1.81455e-09  9.52838e-09
 2609.400  2.81080e-27  5.65000e-20  1.80200e-09  9.46821e-09
 2609.500  2.79465e-27  5.65000e-20  1.78948e-09  9.40812e-09
 2609.600  2.77850e-27  5.65000e-20  1.77698e-09  9.34808e-09
 2609.700  2.77284e-27  5.65000e-20  1.77121e-09  9.32338e-09
 2609.800  2.77243e-27  5.65000e-20  1.76880e-09  9.31634e-09
 2609.900  2.77202e-27  5.65000e-20  1.76639e-09  9.30929e-09
 2610.000  2.77160e-27  5.65000e-20  1.76397e-09  9.30223e-09
 2610.100  2.77119e-27  5.65000e-20  1.76156e-09  9.29518e-09
 2610.200  2.77078e-27  5.65000e-20  1.75914e-09  9.28811e-09
 2610.300  2.77037e-27  5.65000e-20  1.75673e-09  9.28106e-09
 2610.400  2.76996e-27  5.65000e-20  1.75432e-09  9.27399e-09
 2610.500  2.76955e-27  5.65000e-20  1.75191e-09  9.26693e-09
 2610.600  2.76913e-27  5.65000e-20  1.74950e-09  9.25986e-09
 2610.700  2.76872e-27  5.65000e-20  1.74708e-09  9.25278e-09
 2610.800  2.76831e-27  5.65000e-20  1.74467e-09  9.24571e-09
 2610.900  2.76790e-27  5.65000e-20  1.74226e-09  9.23863e-09
 2611.000  2.76749e-27  5.65000e-20  1.73985e-09  9.23155e-09
 2611.100  2.76708e-27  5.65000e-20  1.73736e-09  9.22426e-09
 2611.200  2.78152e-27  5.65000e-20  1.74419e-09  9.26647e-09
 2611.300  2.86622e-27  5.65000e-20  1.79499e-09  9.54249e-09
 2611.400  2.95090e-27  5.65000e-20  1.84565e-09  9.81811e-09
 2611.500  3.03559e-27  5.65000e-20  1.89617e-09  1.00933e-08
 2611.600  3.12026e-27  5.65000e-20  1.94654e-09  1.03682e-08
 2611.700  3.20503e-27  5.65000e-20  1.99684e-09  1.06430e-08
 2611.800  3.28969e-27  5.65000e-20  2.04693e-09  1.09171e-08
 2611.900  3.37435e-27  5.65000e-20  2.09689e-09  1.11907e-08
 2612.000  3.45899e-27  5.65000e-20  2.14670e-09  1.14640e-08
 2612.100  3.54364e-27  5.65000e-20  2.19637e-09  1.17369e-08
 2612.200  3.62838e-27  5.65000e-20  2.24596e-09  1.20097e-08
 2612.300  3.71300e-27  5.65000e-20  2.29535e-09  1.22818e-08
 2612.400  3.79763e-27  5.65000e-20  2.34460e-09  1.25535e-08
 2612.500  3.88224e-27  5.65000e-20  2.39370e-09  1.28248e-08
 2612.600  3.96685e-27  5.65000e-20  2.44267e-09  1.30958e-08
 2612.700  4.05156e-27  5.65000e-20  2.49155e-09  1.33666e-08
 2612.800  4.05914e-27  5.65000e-20  2.49294e-09  1.33828e-08
 2612.900  4.03070e-27  5.65000e-20  2.47221e-09  1.32803e-08
 2613.000  4.00225e-27  5.65000e-20  2.45153e-09  1.31779e-08
 2613.100  3.97382e-27  5.65000e-20  2.43645e-09  1.30906e-08
 2613.200  3.94535e-27  5.65000e-20  2.42131e-09  1.30030e-08
 2613.300  3.91691e-27  5.65000e-20  2.40616e-09  1.29154e-08
 2613.400  3.88848e-27  5.65000e-20  2.39097e-09  1.28278e-08
 2613.500  3.86005e-27  5.65000e-20  2.37576e-09  1.27401e-08
 2613.600  3.83162e-27  5.65000e-20  2.36051e-09  1.26523e-08
 2613.700  3.80316e-27  5.65000e-20  2.34522e-09  1.25643e-08
 2613.800  3.77474e-27  5.65000e-20  2.32990e-09  1.24764e-08
 2613.900  3.74632e-27  5.65000e-20  2.31456e-09  1.23883e-08
 2614.000  3.71790e-27  5.65000e-20  2.29919e-09  1.23002e-08
 2614.100  3.68948e-27  5.65000e-20  2.28379e-09  1.22120e-08
 2614.200  3.66104e-27  5.65000e-20  2.26833e-09  1.21236e-08
 2614.300  3.62770e-27  5.65000e-20  2.24981e-09  1.20189e-08
 2614.400  3.57313e-27  5.65000e-20  2.21807e-09  1.18437e-08
 2614.500  3.51856e-27  5.65000e-20  2.18626e-09  1.16683e-08
 2614.600  3.46400e-27  5.65000e-20  2.15439e-09  1.14928e-08
 2614.700  3.40937e-27  5.65000e-20  2.12243e-09  1.13169e-08
 2614.800  3.35482e-27  5.65000e-20  2.09044e-09  1.11411e-08
 2614.900  3.30026e-27  5.65000e-20  2.05839e-09  1.09651e-08
 2615.000  3.24572e-27  5.65000e-20  2.02628e-09  1.07890e-08
 2615.100  3.19117e-27  5.65000e-20  1.99836e-09  1.06240e-08
 2615.200  3.13657e-27  5.65000e-20  1.97021e-09  1.04583e-08
 2615.300  3.08203e-27  5.65000e-20  1.94188e-09  1.02921e-08
 2615.400  3.02750e-27  5.65000e-20  1.91335e-09  1.01255e-08
 2615.500  2.97298e-27  5.65000e-20  1.88462e-09  9.95825e-09
 2615.600  2.91845e-27  5.65000e-20  1.85567e-09  9.79045e-09
 2615.700  2.86387e-27  5.65000e-20  1.82649e-09  9.62189e-09
 2615.800  2.80935e-27  5.65000e-20  1.79713e-09  9.45297e-09
 2615.900  2.80439e-27  5.65000e-20  1.79935e-09  9.45046e-09
 2616.000  2.82119e-27  5.65000e-20  1.81557e-09  9.52135e-09
 2616.100  2.83800e-27  5.65000e-20  1.83185e-09  9.59239e-09
 2616.200  2.85482e-27  5.65000e-20  1.84822e-09  9.66366e-09
 2616.300  2.87162e-27  5.65000e-20  1.86462e-09  9.73497e-09
 2616.400  2.88842e-27  5.65000e-20  1.88110e-09  9.80645e-09
 2616.500  2.90522e-27  5.65000e-20  1.89764e-09  9.87807e-09
 2616.600  2.92201e-27  5.65000e-20  1.91425e-09  9.94983e-09
 2616.700  2.93883e-27  5.65000e-20  1.93094e-09  1.00218e-08
 2616.800  2.95562e-27  5.65000e-20  1.94767e-09  1.00939e-08
 2616.900  2.97241e-27  5.65000e-20  1.96447e-09  1.01661e-08
 2617.000  2.98920e-27  5.65000e-20  1.98133e-09  1.02384e-08
 2617.100  3.00599e-27  5.65000e-20  1.99562e-09  1.03041e-08
 2617.200  3.02280e-27  5.65000e-20  2.00995e-09  1.03699e-08
 2617.300  3.03959e-27  5.65000e-20  2.02430e-09  1.04357e-08
 2617.400  3.06292e-27  5.65000e-20  2.04305e-09  1.05240e-08
 2617.500  3.11218e-27  5.65000e-20  2.07917e-09  1.07017e-08
 2617.600  3.16143e-27  5.65000e-20  2.11539e-09  1.08796e-08
 2617.700  3.21074e-27  5.65000e-20  2.15176e-09  1.10580e-08
 2617.800  3.25999e-27  5.65000e-20  2.18818e-09  1.12364e-08
 2617.900  3.30923e-27  5.65000e-20  2.22471e-09  1.14150e-08
 2618.000  3.35847e-27  5.65000e-20  2.26134e-09  1.15939e-08
 2618.100  3.40770e-27  5.65000e-20  2.29807e-09  1.17730e-08
 2618.200  3.45699e-27  5.65000e-20  2.33494e-09  1.19526e-08
 2618.300  3.50622e-27  5.65000e-20  2.37187e-09  1.21322e-08
 2618.400  3.55545e-27  5.65000e-20  2.40891e-09  1.23121e-08
 2618.500  3.60467e-27  5.65000e-20  2.44604e-09  1.24922e-08
 2618.600  3.65388e-27  5.65000e-20  2.48328e-09  1.26726e-08
 2618.700  3.70315e-27  5.65000e-20  2.52066e-09  1.28534e-08
 2618.800  3.75236e-27  5.65000e-20  2.55810e-09  1.30343e-08
 2618.900  3.80157e-27  5.65000e-20  2.59564e-09  1.32154e-08
 2619.000  3.81826e-27  5.65000e-20  2.61105e-09  1.32836e-08
 2619.100  3.82156e-27  5.65000e-20  2.60973e-09  1.32860e-08
 2619.200  3.82486e-27  5.65000e-20  2.60840e-09  1.32883e-08
 2619.300  3.82815e-27  5.65000e-20  2.60707e-09  1.32907e-08
 2619.400  3.83145e-27  5.65000e-20  2.60572e-09  1.32929e-08
 2619.500  3.83474e-27  5.65000e-20  2.60437e-09  1.32952e-08
 2619.600  3.83804e-27  5.65000e-20  2.60301e-09  1.32975e-08
 2619.700  3.84134e-27  5.65000e-20  2.60165e-09  1.32997e-08
 2619.800  3.84463e-27  5.65000e-20  2.60028e-09  1.33019e-08
 2619.900  3.84793e-27  5.65000e-20  2.59890e-09  1.33040e-08
 2620.000  3.85122e-27  5.65000e-20  2.59751e-09  1.33062e-08
 2620.100  3.85451e-27  5.65000e-20  2.59612e-09  1.33083e-08
 2620.200  3.85781e-27  5.65000e-20  2.59472e-09  1.33104e-08
 2620.300  3.86111e-27  5.65000e-20  2.59332e-09  1.33125e-08
 2620.400  3.86440e-27  5.65000e-20  2.59190e-09  1.33145e-08
 2620.500  3.86762e-27  5.65000e-20  2.59044e-09  1.33163e-08
 2620.600  3.87060e-27  5.65000e-20  2.58880e-09  1.33172e-08
 2620.700  3.87358e-27  5.65000e-20  2.58715e-09  1.33181e-08
 2620.800  3.87656e-27  5.65000e-20  2.58551e-09  1.33190e-08
 2620.900  3.87954e-27  5.65000e-20  2.58385e-09  1.33198e-08
 2621.000  3.88251e-27  5.65000e-20  2.58219e-09  1.33207e-08
 2621.100  3.88549e-27  5.65000e-20  2.57988e-09  1.33198e-08
 2621.200  3.88847e-27  5.65000e-20  2.57756e-09  1.33189e-08
 2621.300  3.89144e-27  5.65000e-20  2.57524e-09  1.33180e-08
 2621.400  3.89442e-27  5.65000e-20  2.57291e-09  1.33171e-08
 2621.500  3.89739e-27  5.65000e-20  2.57058e-09  1.33161e-08
 2621.600  3.90037e-27  5.65000e-20  2.56823e-09  1.33151e-08
 2621.700  3.90335e-27  5.65000e-20  2.56588e-09  1.33141e-08
 2621.800  3.90632e-27  5.65000e-20  2.56352e-09  1.33131e-08
 2621.900  3.90930e-27  5.65000e-20  2.56115e-09  1.33120e-08
 2622.000  3.91227e-27  5.65000e-20  2.55878e-09  1.33109e-08
 2622.100  3.90587e-27  5.65000e-20  2.55027e-09  1.32779e-08
 2622.200  3.89579e-27  5.65000e-20  2.53938e-09  1.32324e-08
 2622.300  3.88572e-27  5.65000e-20  2.52853e-09  1.31870e-08
 2622.400  3.87566e-27  5.65000e-20  2.51770e-09  1.31417e-08
 2622.500  3.86559e-27  5.65000e-20  2.50688e-09  1.30964e-08
 2622.600  3.85553e-27  5.65000e-20  2.49609e-09  1.30511e-08
 2622.700  3.84545e-27  5.65000e-20  2.48531e-09  1.30059e-08
 2622.800  3.83539e-27  5.65000e-20  2.47457e-09  1.29608e-08
 2622.900  3.82533e-27  5.65000e-20  2.46384e-09  1.29157e-08
 2623.000  3.81527e-27  5.65000e-20  2.45314e-09  1.28706e-08
 2623.100  3.80521e-27  5.65000e-20  2.44197e-09  1.28243e-08
 2623.200  3.79514e-27  5.65000e-20  2.43080e-09  1.27781e-08
 2623.300  3.78508e-27  5.65000e-20  2.41968e-09  1.27319e-08
 2623.400  3.77502e-27  5.65000e-20  2.40858e-09  1.26858e-08
 2623.500  3.76497e-27  5.65000e-20  2.39751e-09  1.26397e-08
 2623.600  3.76778e-27  5.65000e-20  2.39463e-09  1.26368e-08
 2623.700  3.81474e-27  5.65000e-20  2.41975e-09  1.27818e-08
 2623.800  3.86163e-27  5.65000e-20  2.44472e-09  1.29263e-08
 2623.900  3.90853e-27  5.65000e-20  2.46957e-09  1.30705e-08
 2624.000  3.95541e-27  5.65000e-20  2.49429e-09  1.32143e-08
 2624.100  4.00230e-27  5.65000e-20  2.51890e-09  1.33578e-08
 2624.200  4.04924e-27  5.65000e-20  2.54342e-09  1.35012e-08
 2624.300  4.09612e-27  5.65000e-20  2.56780e-09  1.36440e-08
 2624.400  4.14299e-27  5.65000e-20  2.59205e-09  1.37865e-08
 2624.500  4.18987e-27  5.65000e-20  2.61618e-09  1.39287e-08
 2624.600  4.23673e-27  5.65000e-20  2.64019e-09  1.40705e-08
 2624.700  4.28365e-27  5.65000e-20  2.66411e-09  1.42121e-08
 2624.800  4.33052e-27  5.65000e-20  2.68789e-09  1.43533e-08
 2624.900  4.37737e-27  5.65000e-20  2.71154e-09  1.44941e-08
 2625.000  4.42423e-27  5.65000e-20  2.73508e-09  1.46346e-08
 2625.100  4.47108e-27  5.65000e-20  2.75277e-09  1.47593e-08
 2625.200  4.55959e-27  5.65000e-20  2.79576e-09  1.50207e-08
 2625.300  4.66314e-27  5.65000e-20  2.84751e-09  1.53302e-08
 2625.400  4.76667e-27  5.65000e-20  2.89871e-09  1.56382e-08
 2625.500  4.87020e-27  5.65000e-20  2.94939e-09  1.59447e-08
 2625.600  4.97372e-27  5.65000e-20  2.99953e-09  1.62496e-08
 2625.700  5.07736e-27  5.65000e-20  3.04921e-09  1.65535e-08
 2625.800  5.18087e-27  5.65000e-20  3.09831e-09  1.68554e-08
 2625.900  5.28437e-27  5.65000e-20  3.14687e-09  1.71558e-08
 2626.000  5.38786e-27  5.65000e-20  3.19490e-09  1.74547e-08
 2626.100  5.49134e-27  5.65000e-20  3.24240e-09  1.77520e-08
 2626.200  5.59494e-27  5.65000e-20  3.28943e-09  1.80482e-08
 2626.300  5.69840e-27  5.65000e-20  3.33588e-09  1.83425e-08
 2626.400  5.80186e-27  5.65000e-20  3.38180e-09  1.86352e-08
 2626.500  5.90531e-27  5.65000e-20  3.42718e-09  1.89263e-08
 2626.600  6.00875e-27  5.65000e-20  3.47203e-09  1.92159e-08
 2626.700  6.07989e-27  5.65000e-20  3.49776e-09  1.94007e-08
 2626.800  6.04852e-27  5.65000e-20  3.46444e-09  1.92583e-08
 2626.900  6.01716e-27  5.65000e-20  3.43127e-09  1.91161e-08
 2627.000  5.98580e-27  5.65000e-20  3.39825e-09  1.89743e-08
 2627.100  5.95444e-27  5.65000e-20  3.36573e-09  1.88337e-08
 2627.200  5.92305e-27  5.65000e-20  3.33332e-09  1.86933e-08
 2627.300  5.89169e-27  5.65000e-20  3.30111e-09  1.85535e-08
 2627.400  5.86034e-27  5.65000e-20  3.26905e-09  1.84140e-08
 2627.500  5.82899e-27  5.65000e-20  3.23714e-09  1.82748e-08
 2627.600  5.79764e-27  5.65000e-20  3.20539e-09  1.81360e-08
 2627.700  5.76626e-27  5.65000e-20  3.17375e-09  1.79974e-08
 2627.800  5.73492e-27  5.65000e-20  3.14232e-09  1.78593e-08
 2627.900  5.70358e-27  5.65000e-20  3.11102e-09  1.77215e-08
 2628.000  5.67224e-27  5.65000e-20  3.07989e-09  1.75841e-08
 2628.100  5.64091e-27  5.65000e-20  3.04890e-09  1.74471e-08
 2628.200  5.60954e-27  5.65000e-20  3.01804e-09  1.73102e-08
 2628.300  5.60133e-27  5.65000e-20  2.99976e-09  1.72451e-08
 2628.400  5.60105e-27  5.65000e-20  2.98573e-09  1.72043e-08
 2628.500  5.60077e-27  5.65000e-20  2.97170e-09  1.71634e-08
 2628.600  5.60048e-27  5.65000e-20  2.95767e-09  1.71224e-08
 2628.700  5.60020e-27  5.65000e-20  2.94363e-09  1.70812e-08
 2628.800  5.59992e-27  5.65000e-20  2.92961e-09  1.70401e-08
 2628.900  5.59963e-27  5.65000e-20  2.91558e-09  1.69988e-08
 2629.000  5.59935e-27  5.65000e-20  2.90154e-09  1.69574e-08
 2629.100  5.59907e-27  5.65000e-20  2.88760e-09  1.69162e-08
 2629.200  5.59878e-27  5.65000e-20  2.87365e-09  1.68748e-08
 2629.300  5.59850e-27  5.65000e-20  2.85972e-09  1.68335e-08
 2629.400  5.59822e-27  5.65000e-20  2.84577e-09  1.67919e-08
 2629.500  5.59793e-27  5.65000e-20  2.83183e-09  1.67503e-08
 2629.600  5.59765e-27  5.65000e-20  2.81789e-09  1.67086e-08
 2629.700  5.59737e-27  5.65000e-20  2.80393e-09  1.66668e-08
 2629.800  5.61459e-27  5.65000e-20  2.79872e-09  1.66769e-08
 2629.900  5.68389e-27  5.65000e-20  2.81925e-09  1.68409e-08
 2630.000  5.75319e-27  5.65000e-20  2.83942e-09  1.70038e-08
 2630.100  5.82248e-27  5.65000e-20  2.85925e-09  1.71655e-08
 2630.200  5.89185e-27  5.65000e-20  2.87877e-09  1.73263e-08
 2630.300  5.96113e-27  5.65000e-20  2.89792e-09  1.74857e-08
 2630.400  6.03041e-27  5.65000e-20  2.91671e-09  1.76439e-08
 2630.500  6.09968e-27  5.65000e-20  2.93515e-09  1.78010e-08
 2630.600  6.16894e-27  5.65000e-20  2.95325e-09  1.79569e-08
 2630.700  6.23829e-27  5.65000e-20  2.97103e-09  1.81118e-08
 2630.800  6.30754e-27  5.65000e-20  2.98844e-09  1.82654e-08
 2630.900  6.37679e-27  5.65000e-20  3.00550e-09  1.84177e-08
 2631.000  6.44604e-27  5.65000e-20  3.02221e-09  1.85688e-08
 2631.100  6.51527e-27  5.65000e-20  3.03827e-09  1.87178e-08
 2631.200  6.58459e-27  5.65000e-20  3.05400e-09  1.88658e-08
 2631.300  6.65382e-27  5.65000e-20  3.06937e-09  1.90124e-08
 2631.400  6.63691e-27  5.65000e-20  3.04485e-09  1.89122e-08
 2631.500  6.59253e-27  5.65000e-20  3.00789e-09  1.87341e-08
 2631.600  6.54816e-27  5.65000e-20  2.97115e-09  1.85566e-08
 2631.700  6.50374e-27  5.65000e-20  2.93459e-09  1.83794e-08
 2631.800  6.45937e-27  5.65000e-20  2.89831e-09  1.82030e-08
 2631.900  6.41501e-27  5.65000e-20  2.86223e-09  1.80271e-08
 2632.000  6.37065e-27  5.65000e-20  2.82638e-09  1.78518e-08
 2632.100  6.32630e-27  5.65000e-20  2.79075e-09  1.76771e-08
 2632.200  6.28189e-27  5.65000e-20  2.75531e-09  1.75027e-08
 2632.300  6.23754e-27  5.65000e-20  2.72014e-09  1.73292e-08
 2632.400  6.19320e-27  5.65000e-20  2.68518e-09  1.71562e-08
 2632.500  6.14886e-27  5.65000e-20  2.65044e-09  1.69837e-08
 2632.600  6.10452e-27  5.65000e-20  2.61593e-09  1.68118e-08
 2632.700  6.06013e-27  5.65000e-20  2.58160e-09  1.66403e-08
 2632.800  6.01580e-27  5.65000e-20  2.54754e-09  1.64696e-08
 2632.900  5.95824e-27  5.65000e-20  2.50813e-09  1.62633e-08
 2633.000  5.86353e-27  5.65000e-20  2.45345e-09  1.59567e-08
 2633.100  5.76882e-27  5.65000e-20  2.39963e-09  1.56528e-08
 2633.200  5.67400e-27  5.65000e-20  2.34622e-09  1.53499e-08
 2633.300  5.57930e-27  5.65000e-20  2.29334e-09  1.50487e-08
 2633.400  5.48462e-27  5.65000e-20  2.24092e-09  1.47490e-08
 2633.500  5.38994e-27  5.65000e-20  2.18897e-09  1.44507e-08
 2633.600  5.29526e-27  5.65000e-20  2.13748e-09  1.41537e-08
 2633.700  5.20048e-27  5.65000e-20  2.08640e-09  1.38579e-08
 2633.800  5.10582e-27  5.65000e-20  2.03587e-09  1.35639e-08
 2633.900  5.01117e-27  5.65000e-20  1.98578e-09  1.32712e-08
 2634.000  4.91653e-27  5.65000e-20  1.93616e-09  1.29800e-08
 2634.100  4.82189e-27  5.65000e-20  1.88701e-09  1.26903e-08
 2634.200  4.72714e-27  5.65000e-20  1.83827e-09  1.24017e-08
 2634.300  4.63252e-27  5.65000e-20  1.79007e-09  1.21149e-08
 2634.400  4.53791e-27  5.65000e-20  1.74232e-09  1.18295e-08
 2634.500  4.42980e-27  5.65000e-20  1.68990e-09  1.15106e-08
 2634.600  4.31767e-27  5.65000e-20  1.63647e-09  1.11829e-08
 2634.700  4.20540e-27  5.65000e-20  1.58354e-09  1.08566e-08
 2634.800  4.09328e-27  5.65000e-20  1.53123e-09  1.05325e-08
 2634.900  3.98116e-27  5.65000e-20  1.47947e-09  1.02102e-08
 2635.000  3.86906e-27  5.65000e-20  1.42826e-09  9.88968e-09
 2635.100  3.75696e-27  5.65000e-20  1.37786e-09  9.57185e-09
 2635.200  3.64474e-27  5.65000e-20  1.32793e-09  9.25542e-09
 2635.300  3.53266e-27  5.65000e-20  1.27861e-09  8.94120e-09
 2635.400  3.42058e-27  5.65000e-20  1.22983e-09  8.62875e-09
 2635.500  3.30852e-27  5.65000e-20  1.18158e-09  8.31811e-09
 2635.600  3.19647e-27  5.65000e-20  1.13388e-09  8.00929e-09
 2635.700  3.08429e-27  5.65000e-20  1.08666e-09  7.70193e-09
 2635.800  2.97225e-27  5.65000e-20  1.04004e-09  7.39680e-09
 2635.900  2.86022e-27  5.65000e-20  9.93961e-10  7.09349e-09
 2636.000  2.77917e-27  5.65000e-20  9.59108e-10  6.86858e-09
 2636.100  2.78037e-27  5.65000e-20  9.52834e-10  6.84756e-09
 2636.200  2.78158e-27  5.65000e-20  9.46547e-10  6.82642e-09
 2636.300  2.78279e-27  5.65000e-20  9.40266e-10  6.80521e-09
 2636.400  2.78400e-27  5.65000e-20  9.33971e-10  6.78386e-09
 2636.500  2.78521e-27  5.65000e-20  9.27670e-10  6.76240e-09
 2636.600  2.78641e-27  5.65000e-20  9.21361e-10  6.74083e-09
 2636.700  2.78762e-27  5.65000e-20  9.15040e-10  6.71912e-09
 2636.800  2.78883e-27  5.65000e-20  9.08724e-10  6.69735e-09
 2636.900  2.79004e-27  5.65000e-20  9.02395e-10  6.67543e-09
 2637.000  2.79124e-27  5.65000e-20  8.96060e-10  6.65339e-09
 2637.100  2.79245e-27  5.65000e-20  8.89898e-10  6.63191e-09
 2637.200  2.79366e-27  5.65000e-20  8.83723e-10  6.61029e-09
 2637.300  2.79486e-27  5.65000e-20  8.77554e-10  6.58860e-09
 2637.400  2.79607e-27  5.65000e-20  8.71372e-10  6.56677e-09
 2637.500  2.79728e-27  5.65000e-20  8.65183e-10  6.54482e-09
 2637.600  2.81179e-27  5.65000e-20  8.63073e-10  6.55377e-09
 2637.700  2.83008e-27  5.65000e-20  8.62036e-10  6.57110e-09
 2637.800  2.84834e-27  5.65000e-20  8.60918e-10  6.58799e-09
 2637.900  2.86661e-27  5.65000e-20  8.59706e-10  6.60442e-09
 2638.000  2.88487e-27  5.65000e-20  8.58407e-10  6.62042e-09
 2638.100  2.90313e-27  5.65000e-20  8.57021e-10  6.63597e-09
 2638.200  2.92141e-27  5.65000e-20  8.55547e-10  6.65110e-09
 2638.300  2.93966e-27  5.65000e-20  8.53993e-10  6.66579e-09
 2638.400  2.95792e-27  5.65000e-20  8.52345e-10  6.68000e-09
 2638.500  2.97617e-27  5.65000e-20  8.50610e-10  6.69376e-09
 2638.600  2.99442e-27  5.65000e-20  8.48787e-10  6.70705e-09
 2638.700  3.01270e-27  5.65000e-20  8.46876e-10  6.71991e-09
 2638.800  3.03095e-27  5.65000e-20  8.44886e-10  6.73231e-09
 2638.900  3.04919e-27  5.65000e-20  8.42802e-10  6.74421e-09
 2639.000  3.06744e-27  5.65000e-20  8.40630e-10  6.75564e-09
 2639.100  3.07908e-27  5.65000e-20  8.36769e-10  6.75287e-09
 2639.200  3.07408e-27  5.65000e-20  8.28364e-10  6.71343e-09
 2639.300  3.06909e-27  5.65000e-20  8.19998e-10  6.67402e-09
 2639.400  3.06411e-27  5.65000e-20  8.11646e-10  6.63454e-09
 2639.500  3.05912e-27  5.65000e-20  8.03316e-10  6.59504e-09
 2639.600  3.05413e-27  5.65000e-20  7.95008e-10  6.55550e-09
 2639.700  3.04914e-27  5.65000e-20  7.86714e-10  6.51588e-09
 2639.800  3.04415e-27  5.65000e-20  7.78457e-10  6.47629e-09
 2639.900  3.03917e-27  5.65000e-20  7.70214e-10  6.43663e-09
 2640.000  3.03418e-27  5.65000e-20  7.61994e-10  6.39694e-09
 2640.100  3.02920e-27  5.65000e-20  7.53795e-10  6.35721e-09
 2640.200  3.02421e-27  5.65000e-20  7.45610e-10  6.31739e-09
 2640.300  3.01922e-27  5.65000e-20  7.37463e-10  6.27760e-09
 2640.400  3.01424e-27  5.65000e-20  7.29330e-10  6.23773e-09
 2640.500  3.00925e-27  5.65000e-20  7.21219e-10  6.19782e-09
 2640.600  3.00427e-27  5.65000e-20  7.13130e-10  6.15786e-09
 2640.700  2.99730e-27  5.65000e-20  7.04588e-10  6.11376e-09
 2640.800  2.98980e-27  5.65000e-20  6.95969e-10  6.06864e-09
 2640.900  2.98230e-27  5.65000e-20  6.87376e-10  6.02350e-09
 2641.000  2.97481e-27  5.65000e-20  6.78817e-10  5.97835e-09
 2641.100  2.96731e-27  5.65000e-20  7.27970e-10  6.18321e-09
 2641.200  2.95981e-27  5.65000e-20  7.76921e-10  6.37964e-09
 2641.300  2.95231e-27  5.65000e-20  8.25524e-10  6.56783e-09
 2641.400  2.94482e-27  5.65000e-20  8.73929e-10  6.74906e-09
 2641.500  2.93733e-27  5.65000e-20  9.22084e-10  6.92368e-09
 2641.600  2.92983e-27  5.65000e-20  9.69991e-10  7.09220e-09
 2641.700  2.92233e-27  5.65000e-20  1.01769e-09  7.25520e-09
 2641.800  2.91484e-27  5.65000e-20  1.06505e-09  7.41257e-09
 2641.900  2.90735e-27  5.65000e-20  1.11221e-09  7.56515e-09
 2642.000  2.89986e-27  5.65000e-20  1.15912e-09  7.71309e-09
 2642.100  2.89237e-27  5.65000e-20  1.20578e-09  7.85663e-09
 2642.200  2.87759e-27  5.65000e-20  1.24907e-09  7.97597e-09
 2642.300  2.84555e-27  5.65000e-20  1.28398e-09  8.04151e-09
 2642.400  2.81351e-27  5.65000e-20  1.31784e-09  8.10088e-09
 2642.500  2.78148e-27  5.65000e-20  1.35062e-09  8.15417e-09
 2642.600  2.74944e-27  5.65000e-20  1.38230e-09  8.20161e-09
 2642.700  2.71737e-27  5.65000e-20  1.41291e-09  8.24344e-09
 2642.800  2.68535e-27  5.65000e-20  1.44236e-09  8.27967e-09
 2642.900  2.65332e-27  5.65000e-20  1.47077e-09  8.31079e-09
 2643.000  2.62130e-27  5.65000e-20  1.49808e-09  8.33683e-09
 2643.100  2.58928e-27  5.65000e-20  1.48226e-09  8.24190e-09
 2643.200  2.55722e-27  5.65000e-20  1.46636e-09  8.14669e-09
 2643.300  2.52521e-27  5.65000e-20  1.45043e-09  8.05141e-09
 2643.400  2.49319e-27  5.65000e-20  1.43443e-09  7.95598e-09
 2643.500  2.46118e-27  5.65000e-20  1.41838e-09  7.86038e-09
 2643.600  2.42918e-27  5.65000e-20  1.40226e-09  7.76461e-09
 2643.700  2.39713e-27  5.65000e-20  1.38607e-09  7.66856e-09
 2643.800  2.38463e-27  5.65000e-20  1.38112e-09  7.63487e-09
 2643.900  2.37697e-27  5.65000e-20  1.37897e-09  7.61666e-09
 2644.000  2.36931e-27  5.65000e-20  1.37680e-09  7.59840e-09
 2644.100  2.36165e-27  5.65000e-20  1.37462e-09  7.58009e-09
 2644.200  2.35398e-27  5.65000e-20  1.37242e-09  7.56172e-09
 2644.300  2.34632e-27  5.65000e-20  1.37021e-09  7.54333e-09
 2644.400  2.33867e-27  5.65000e-20  1.36798e-09  7.52489e-09
 2644.500  2.33101e-27  5.65000e-20  1.36574e-09  7.50642e-09
 2644.600  2.32336e-27  5.65000e-20  1.36349e-09  7.48790e-09
 2644.700  2.31569e-27  5.65000e-20  1.36122e-09  7.46931e-09
 2644.800  2.30804e-27  5.65000e-20  1.35894e-09  7.45070e-09
 2644.900  2.30038e-27  5.65000e-20  1.35665e-09  7.43206e-09
 2645.000  2.29273e-27  5.65000e-20  1.35434e-09  7.41337e-09
 2645.100  2.28508e-27  5.65000e-20  1.35191e-09  7.39436e-09
 2645.200  2.27742e-27  5.65000e-20  1.34947e-09  7.37530e-09
 2645.300  2.26549e-27  5.65000e-20  1.34449e-09  7.34236e-09
 2645.400  2.24385e-27  5.65000e-20  1.33370e-09  7.27783e-09
 2645.500  2.22220e-27  5.65000e-20  1.32288e-09  7.21320e-09
 2645.600  2.20056e-27  5.65000e-20  1.31202e-09  7.14846e-09
 2645.700  2.17889e-27  5.65000e-20  1.30110e-09  7.08353e-09
 2645.800  2.15725e-27  5.65000e-20  1.29016e-09  7.01857e-09
 2645.900  2.13562e-27  5.65000e-20  1.27918e-09  6.95351e-09
 2646.000  2.11398e-27  5.65000e-20  1.26817e-09  6.88834e-09
 2646.100  2.09235e-27  5.65000e-20  1.25711e-09  6.82307e-09
 2646.200  2.07069e-27  5.65000e-20  1.24601e-09  6.75761e-09
 2646.300  2.04906e-27  5.65000e-20  1.23487e-09  6.69212e-09
 2646.400  2.02743e-27  5.65000e-20  1.22370e-09  6.62653e-09
 2646.500  2.00580e-27  5.65000e-20  1.21249e-09  6.56084e-09
 2646.600  1.98417e-27  5.65000e-20  1.20125e-09  6.49504e-09
 2646.700  1.96252e-27  5.65000e-20  1.18995e-09  6.42905e-09
 2646.800  1.94090e-27  5.65000e-20  1.17862e-09  6.36303e-09
 2646.900  1.95634e-27  5.65000e-20  1.18980e-09  6.41850e-09
 2647.000  1.98049e-27  5.65000e-20  1.20631e-09  6.50266e-09
 2647.100  2.00464e-27  5.65000e-20  1.22279e-09  6.58673e-09
 2647.200  2.02882e-27  5.65000e-20  1.23933e-09  6.67099e-09
 2647.300  2.05297e-27  5.65000e-20  1.25589e-09  6.75526e-09
 2647.400  2.07712e-27  5.65000e-20  1.27249e-09  6.83964e-09
 2647.500  2.10126e-27  5.65000e-20  1.28913e-09  6.92413e-09
 2647.600  2.12541e-27  5.65000e-20  1.30582e-09  7.00872e-09
 2647.700  2.14958e-27  5.65000e-20  1.32257e-09  7.09351e-09
 2647.800  2.17372e-27  5.65000e-20  1.33934e-09  7.17831e-09
 2647.900  2.19786e-27  5.65000e-20  1.35615e-09  7.26322e-09
 2648.000  2.22199e-27  5.65000e-20  1.37300e-09  7.34823e-09
 2648.100  2.24613e-27  5.65000e-20  1.38990e-09  7.43334e-09
 2648.200  2.27029e-27  5.65000e-20  1.40685e-09  7.51867e-09
 2648.300  2.29442e-27  5.65000e-20  1.42383e-09  7.60399e-09
 2648.400  2.32314e-27  5.65000e-20  1.44370e-09  7.70464e-09
 2648.500  2.36178e-27  5.65000e-20  1.46980e-09  7.83835e-09
 2648.600  2.40041e-27  5.65000e-20  1.49597e-09  7.97223e-09
 2648.700  2.43910e-27  5.65000e-20  1.52223e-09  8.10644e-09
 2648.800  2.47773e-27  5.65000e-20  1.54853e-09  8.24065e-09
 2648.900  2.51635e-27  5.65000e-20  1.57489e-09  8.37504e-09
 2649.000  2.55498e-27  5.65000e-20  1.60132e-09  8.50960e-09
 2649.100  2.59360e-27  5.65000e-20  1.62774e-09  8.64409e-09
 2649.200  2.63227e-27  5.65000e-20  1.65425e-09  8.77891e-09
 2649.300  2.67088e-27  5.65000e-20  1.68079e-09  8.91373e-09
 2649.400  2.70950e-27  5.65000e-20  1.70739e-09  9.04871e-09
 2649.500  2.74811e-27  5.65000e-20  1.73406e-09  9.18385e-09
 2649.600  2.78672e-27  5.65000e-20  1.76080e-09  9.31916e-09
 2649.700  2.82537e-27  5.65000e-20  1.78763e-09  9.45479e-09
 2649.800  2.86397e-27  5.65000e-20  1.81449e-09  9.59040e-09
 2649.900  2.90257e-27  5.65000e-20  1.84142e-09  9.72619e-09
 2650.000  2.89145e-27  5.65000e-20  1.83683e-09  9.69546e-09
 2650.100  2.86947e-27  5.65000e-20  1.82531e-09  9.62819e-09
 2650.200  2.84746e-27  5.65000e-20  1.81374e-09  9.56074e-09
 2650.300  2.82548e-27  5.65000e-20  1.80214e-09  9.49328e-09
 2650.400  2.80350e-27  5.65000e-20  1.79051e-09  9.42572e-09
 2650.500  2.78152e-27  5.65000e-20  1.77885e-09  9.35807e-09
 2650.600  2.75954e-27  5.65000e-20  1.76715e-09  9.29032e-09
 2650.700  2.73754e-27  5.65000e-20  1.75539e-09  9.22239e-09
 2650.800  2.71557e-27  5.65000e-20  1.74362e-09  9.15444e-09
 2650.900  2.69360e-27  5.65000e-20  1.73181e-09  9.08640e-09
 2651.000  2.67163e-27  5.65000e-20  1.71996e-09  9.01827e-09
 2651.100  2.64966e-27  5.65000e-20  1.70799e-09  8.94981e-09
 2651.200  2.62766e-27  5.65000e-20  1.69597e-09  8.88117e-09
 2651.300  2.60570e-27  5.65000e-20  1.68393e-09  8.81253e-09
 2651.400  2.58374e-27  5.65000e-20  1.67186e-09  8.74379e-09
 2651.500  2.57527e-27  5.65000e-20  1.66850e-09  8.72068e-09
 2651.600  2.59487e-27  5.65000e-20  1.68333e-09  8.79262e-09
 2651.700  2.61450e-27  5.65000e-20  1.69821e-09  8.86472e-09
 2651.800  2.63409e-27  5.65000e-20  1.71310e-09  8.93681e-09
 2651.900  2.65369e-27  5.65000e-20  1.72802e-09  9.00898e-09
 2652.000  2.67328e-27  5.65000e-20  1.74298e-09  9.08122e-09
 2652.100  2.69288e-27  5.65000e-20  1.75796e-09  9.15354e-09
 2652.200  2.71249e-27  5.65000e-20  1.77300e-09  9.22602e-09
 2652.300  2.73208e-27  5.65000e-20  1.78805e-09  9.29849e-09
 2652.400  2.75167e-27  5.65000e-20  1.80313e-09  9.37104e-09
 2652.500  2.77126e-27  5.65000e-20  1.81824e-09  9.44366e-09
 2652.600  2.79084e-27  5.65000e-20  1.83339e-09  9.51636e-09
 2652.700  2.81045e-27  5.65000e-20  1.84858e-09  9.58922e-09
 2652.800  2.83003e-27  5.65000e-20  1.86379e-09  9.66207e-09
 2652.900  2.84961e-27  5.65000e-20  1.87903e-09  9.73499e-09
 2653.000  2.86919e-27  5.65000e-20  1.89430e-09  9.80800e-09
 2653.100  2.86968e-27  5.65000e-20  1.89638e-09  9.81421e-09
 2653.200  2.86623e-27  5.65000e-20  1.89586e-09  9.80695e-09
 2653.300  2.86278e-27  5.65000e-20  1.89533e-09  9.79969e-09
 2653.400  2.85933e-27  5.65000e-20  1.89480e-09  9.79241e-09
 2653.500  2.85589e-27  5.65000e-20  1.89426e-09  9.78513e-09
 2653.600  2.85244e-27  5.65000e-20  1.89373e-09  9.77783e-09
 2653.700  2.84899e-27  5.65000e-20  1.89318e-09  9.77051e-09
 2653.800  2.84554e-27  5.65000e-20  1.89264e-09  9.76319e-09
 2653.900  2.84209e-27  5.65000e-20  1.89209e-09  9.75586e-09
 2654.000  2.83865e-27  5.65000e-20  1.89153e-09  9.74851e-09
 2654.100  2.83520e-27  5.65000e-20  1.89098e-09  9.74116e-09
 2654.200  2.83175e-27  5.65000e-20  1.89041e-09  9.73379e-09
 2654.300  2.82831e-27  5.65000e-20  1.88985e-09  9.72640e-09
 2654.400  2.82486e-27  5.65000e-20  1.88928e-09  9.71902e-09
 2654.500  2.82142e-27  5.65000e-20  1.88871e-09  9.71162e-09
 2654.600  2.82196e-27  5.65000e-20  1.89080e-09  9.71794e-09
 2654.700  2.83049e-27  5.65000e-20  1.89826e-09  9.75178e-09
 2654.800  2.83901e-27  5.65000e-20  1.90571e-09  9.78560e-09
 2654.900  2.84752e-27  5.65000e-20  1.91318e-09  9.81945e-09
 2655.000  2.85604e-27  5.65000e-20  1.92065e-09  9.85332e-09
 2655.100  2.86456e-27  5.65000e-20  1.92372e-09  9.87587e-09
 2655.200  2.87308e-27  5.65000e-20  1.92677e-09  9.89839e-09
 2655.300  2.88160e-27  5.65000e-20  1.92980e-09  9.92085e-09
 2655.400  2.89011e-27  5.65000e-20  1.93281e-09  9.94325e-09
 2655.500  2.89863e-27  5.65000e-20  1.93581e-09  9.96560e-09
 2655.600  2.90714e-27  5.65000e-20  1.93879e-09  9.98790e-09
 2655.700  2.91566e-27  5.65000e-20  1.94176e-09  1.00102e-08
 2655.800  2.92418e-27  5.65000e-20  1.94470e-09  1.00324e-08
 2655.900  2.93269e-27  5.65000e-20  1.94763e-09  1.00545e-08
 2656.000  2.94120e-27  5.65000e-20  1.95055e-09  1.00766e-08
 2656.100  2.94971e-27  5.65000e-20  1.95344e-09  1.00987e-08
 2656.200  2.95735e-27  5.65000e-20  1.95575e-09  1.01177e-08
 2656.300  2.96481e-27  5.65000e-20  1.95792e-09  1.01361e-08
 2656.400  2.97227e-27  5.65000e-20  1.96008e-09  1.01545e-08
 2656.500  2.97974e-27  5.65000e-20  1.96222e-09  1.01728e-08
 2656.600  2.98720e-27  5.65000e-20  1.96435e-09  1.01910e-08
 2656.700  2.99466e-27  5.65000e-20  1.96646e-09  1.02092e-08
 2656.800  3.00212e-27  5.65000e-20  1.96857e-09  1.02274e-08
 2656.900  3.00958e-27  5.65000e-20  1.97065e-09  1.02455e-08
 2657.000  3.01704e-27  5.65000e-20  1.97272e-09  1.02636e-08
 2657.100  3.02450e-27  5.65000e-20  1.97483e-09  1.02817e-08
 2657.200  3.03197e-27  5.65000e-20  1.97692e-09  1.02999e-08
 2657.300  3.03942e-27  5.65000e-20  1.97900e-09  1.03180e-08
 2657.400  3.04688e-27  5.65000e-20  1.98107e-09  1.03360e-08
 2657.500  3.05433e-27  5.65000e-20  1.98312e-09  1.03540e-08
 2657.600  3.06179e-27  5.65000e-20  1.98515e-09  1.03719e-08
 2657.700  3.05781e-27  5.65000e-20  1.97977e-09  1.03512e-08
 2657.800  3.03194e-27  5.65000e-20  1.96024e-09  1.02563e-08
 2657.900  3.00606e-27  5.65000e-20  1.94076e-09  1.01616e-08
 2658.000  2.98019e-27  5.65000e-20  1.92132e-09  1.00669e-08
 2658.100  2.95431e-27  5.65000e-20  1.90193e-09  9.97243e-09
 2658.200  2.92841e-27  5.65000e-20  1.88257e-09  9.87795e-09
 2658.300  2.90254e-27  5.65000e-20  1.86328e-09  9.78371e-09
 2658.400  2.87668e-27  5.65000e-20  1.84403e-09  9.68959e-09
 2658.500  2.85081e-27  5.65000e-20  1.82484e-09  9.59560e-09
 2658.600  2.82495e-27  5.65000e-20  1.80569e-09  9.50172e-09
 2658.700  2.79906e-27  5.65000e-20  1.78657e-09  9.40787e-09
 2658.800  2.77320e-27  5.65000e-20  1.76752e-09  9.31426e-09
 2658.900  2.74734e-27  5.65000e-20  1.74852e-09  9.22076e-09
 2659.000  2.72148e-27  5.65000e-20  1.72956e-09  9.12739e-09
 2659.100  2.69563e-27  5.65000e-20  1.71075e-09  9.03439e-09
 2659.200  2.66975e-27  5.65000e-20  1.69195e-09  8.94139e-09
 2659.300  2.69426e-27  5.65000e-20  1.70511e-09  9.01719e-09
 2659.400  2.72784e-27  5.65000e-20  1.72394e-09  9.12319e-09
 2659.500  2.76142e-27  5.65000e-20  1.74272e-09  9.22903e-09
 2659.600  2.79500e-27  5.65000e-20  1.76143e-09  9.33469e-09
 2659.700  2.82862e-27  5.65000e-20  1.78011e-09  9.44030e-09
 2659.800  2.86219e-27  5.65000e-20  1.79870e-09  9.54563e-09
 2659.900  2.89576e-27  5.65000e-20  1.81723e-09  9.65077e-09
 2660.000  2.92932e-27  5.65000e-20  1.83570e-09  9.75574e-09
 2660.100  2.96289e-27  5.65000e-20  1.85411e-09  9.86054e-09
 2660.200  2.99649e-27  5.65000e-20  1.87247e-09  9.96530e-09
 2660.300  3.03005e-27  5.65000e-20  1.89076e-09  1.00698e-08
 2660.400  3.06361e-27  5.65000e-20  1.90898e-09  1.01740e-08
 2660.500  3.09716e-27  5.65000e-20  1.92714e-09  1.02781e-08
 2660.600  3.13071e-27  5.65000e-20  1.94524e-09  1.03821e-08
 2660.700  3.16430e-27  5.65000e-20  1.96330e-09  1.04860e-08
 2660.800  3.18498e-27  5.65000e-20  1.97331e-09  1.05469e-08
 2660.900  3.18193e-27  5.65000e-20  1.96859e-09  1.05293e-08
 2661.000  3.17887e-27  5.65000e-20  1.96388e-09  1.05116e-08
 2661.100  3.17582e-27  5.65000e-20  1.96523e-09  1.05102e-08
 2661.200  3.17276e-27  5.65000e-20  1.96658e-09  1.05087e-08
 2661.300  3.16970e-27  5.65000e-20  1.96792e-09  1.05073e-08
 2661.400  3.16665e-27  5.65000e-20  1.96926e-09  1.05058e-08
 2661.500  3.16360e-27  5.65000e-20  1.97059e-09  1.05042e-08
 2661.600  3.16054e-27  5.65000e-20  1.97192e-09  1.05027e-08
 2661.700  3.15749e-27  5.65000e-20  1.97324e-09  1.05011e-08
 2661.800  3.15443e-27  5.65000e-20  1.97455e-09  1.04996e-08
 2661.900  3.15138e-27  5.65000e-20  1.97586e-09  1.04980e-08
 2662.000  3.14833e-27  5.65000e-20  1.97717e-09  1.04963e-08
 2662.100  3.14528e-27  5.65000e-20  1.97846e-09  1.04947e-08
 2662.200  3.14222e-27  5.65000e-20  1.97976e-09  1.04930e-08
 2662.300  3.13917e-27  5.65000e-20  1.98104e-09  1.04913e-08
 2662.400  3.13780e-27  5.65000e-20  1.98338e-09  1.04952e-08
 2662.500  3.13671e-27  5.65000e-20  1.98590e-09  1.05001e-08
 2662.600  3.13562e-27  5.65000e-20  1.98842e-09  1.05049e-08
 2662.700  3.13453e-27  5.65000e-20  1.99094e-09  1.05097e-08
 2662.800  3.13344e-27  5.65000e-20  1.99345e-09  1.05145e-08
 2662.900  3.13235e-27  5.65000e-20  1.99597e-09  1.05193e-08
 2663.000  3.13126e-27  5.65000e-20  1.99848e-09  1.05241e-08
 2663.100  3.13017e-27  5.65000e-20  2.00083e-09  1.05285e-08
 2663.200  3.12908e-27  5.65000e-20  2.00319e-09  1.05328e-08
 2663.300  3.12799e-27  5.65000e-20  2.00554e-09  1.05372e-08
 2663.400  3.12691e-27  5.65000e-20  2.00789e-09  1.05415e-08
 2663.500  3.12582e-27  5.65000e-20  2.01024e-09  1.05459e-08
 2663.600  3.12473e-27  5.65000e-20  2.01259e-09  1.05502e-08
 2663.700  3.12364e-27  5.65000e-20  2.01494e-09  1.05545e-08
 2663.800  3.12255e-27  5.65000e-20  2.01728e-09  1.05588e-08
 2663.900  3.11521e-27  5.65000e-20  2.01558e-09  1.05419e-08
 2664.000  3.09676e-27  5.65000e-20  2.00667e-09  1.04874e-08
 2664.100  3.07832e-27  5.65000e-20  1.99772e-09  1.04328e-08
 2664.200  3.05985e-27  5.65000e-20  1.98873e-09  1.03780e-08
 2664.300  3.04141e-27  5.65000e-20  1.97971e-09  1.03232e-08
 2664.400  3.02297e-27  5.65000e-20  1.97066e-09  1.02683e-08
 2664.500  3.00453e-27  5.65000e-20  1.96157e-09  1.02133e-08
 2664.600  2.98609e-27  5.65000e-20  1.95245e-09  1.01582e-08
 2664.700  2.96763e-27  5.65000e-20  1.94328e-09  1.01030e-08
 2664.800  2.94920e-27  5.65000e-20  1.93409e-09  1.00477e-08
 2664.900  2.93076e-27  5.65000e-20  1.92486e-09  9.99232e-09
 2665.000  2.91233e-27  5.65000e-20  1.91560e-09  9.93686e-09
 2665.100  2.89390e-27  5.65000e-20  1.90616e-09  9.88092e-09
 2665.200  2.87545e-27  5.65000e-20  1.89668e-09  9.82483e-09
 2665.300  2.85702e-27  5.65000e-20  1.88716e-09  9.76871e-09
 2665.400  2.83859e-27  5.65000e-20  1.87762e-09  9.71251e-09
 2665.500  2.85229e-27  5.65000e-20  1.88933e-09  9.76623e-09
 2665.600  2.87113e-27  5.65000e-20  1.90447e-09  9.83762e-09
 2665.700  2.89000e-27  5.65000e-20  1.91967e-09  9.90918e-09
 2665.800  2.90884e-27  5.65000e-20  1.93488e-09  9.98073e-09
 2665.900  2.92768e-27  5.65000e-20  1.95012e-09  1.00524e-08
 2666.000  2.94651e-27  5.65000e-20  1.96540e-09  1.01241e-08
 2666.100  2.96535e-27  5.65000e-20  1.98072e-09  1.01959e-08
 2666.200  2.98420e-27  5.65000e-20  1.99609e-09  1.02679e-08
 2666.300  3.00304e-27  5.65000e-20  2.01147e-09  1.03398e-08
 2666.400  3.02187e-27  5.65000e-20  2.02688e-09  1.04119e-08
 2666.500  3.04070e-27  5.65000e-20  2.04234e-09  1.04840e-08
 2666.600  3.05953e-27  5.65000e-20  2.05782e-09  1.05562e-08
 2666.700  3.07838e-27  5.65000e-20  2.07336e-09  1.06286e-08
 2666.800  3.09720e-27  5.65000e-20  2.08892e-09  1.07009e-08
 2666.900  3.11602e-27  5.65000e-20  2.10451e-09  1.07734e-08
 2667.000  3.15510e-27  5.65000e-20  2.13383e-09  1.09160e-08
 2667.100  3.22920e-27  5.65000e-20  2.18127e-09  1.11655e-08
 2667.200  3.30339e-27  5.65000e-20  2.22863e-09  1.14150e-08
 2667.300  3.37749e-27  5.65000e-20  2.27582e-09  1.16638e-08
 2667.400  3.45158e-27  5.65000e-20  2.32288e-09  1.19124e-08
 2667.500  3.52566e-27  5.65000e-20  2.36981e-09  1.21605e-08
 2667.600  3.59974e-27  5.65000e-20  2.41661e-09  1.24084e-08
 2667.700  3.67390e-27  5.65000e-20  2.46334e-09  1.26562e-08
 2667.800  3.74797e-27  5.65000e-20  2.50989e-09  1.29033e-08
 2667.900  3.82203e-27  5.65000e-20  2.55631e-09  1.31501e-08
 2668.000  3.89608e-27  5.65000e-20  2.60261e-09  1.33966e-08
 2668.100  3.97013e-27  5.65000e-20  2.64877e-09  1.36427e-08
 2668.200  4.04427e-27  5.65000e-20  2.69487e-09  1.38888e-08
 2668.300  4.11831e-27  5.65000e-20  2.74078e-09  1.41342e-08
 2668.400  4.19234e-27  5.65000e-20  2.78656e-09  1.43793e-08
 2668.500  4.26637e-27  5.65000e-20  2.83222e-09  1.46241e-08
 2668.600  4.30547e-27  5.65000e-20  2.85459e-09  1.47488e-08
 2668.700  4.33941e-27  5.65000e-20  2.87348e-09  1.48558e-08
 2668.800  4.37331e-27  5.65000e-20  2.89230e-09  1.49624e-08
 2668.900  4.40721e-27  5.65000e-20  2.91105e-09  1.50689e-08
 2669.000  4.44110e-27  5.65000e-20  2.92974e-09  1.51752e-08
 2669.100  4.47499e-27  5.65000e-20  2.94736e-09  1.52788e-08
 2669.200  4.50892e-27  5.65000e-20  2.96494e-09  1.53823e-08
 2669.300  4.54281e-27  5.65000e-20  2.98242e-09  1.54854e-08
 2669.400  4.57669e-27  5.65000e-20  2.99983e-09  1.55883e-08
 2669.500  4.61057e-27  5.65000e-20  3.01716e-09  1.56911e-08
 2669.600  4.64445e-27  5.65000e-20  3.03441e-09  1.57936e-08
 2669.700  4.67837e-27  5.65000e-20  3.05162e-09  1.58960e-08
 2669.800  4.71225e-27  5.65000e-20  3.06873e-09  1.59981e-08
 2669.900  4.74612e-27  5.65000e-20  3.08577e-09  1.61000e-08
 2670.000  4.77999e-27  5.65000e-20  3.10273e-09  1.62017e-08
 2670.100  4.77105e-27  5.65000e-20  3.09187e-09  1.61582e-08
 2670.200  4.68989e-27  5.65000e-20  3.03430e-09  1.58704e-08
 2670.300  4.60883e-27  5.65000e-20  2.97698e-09  1.55833e-08
 2670.400  4.52778e-27  5.65000e-20  2.91983e-09  1.52967e-08
 2670.500  4.44673e-27  5.65000e-20  2.86286e-09  1.50105e-08
 2670.600  4.36569e-27  5.65000e-20  2.80606e-09  1.47248e-08
 2670.700  4.28456e-27  5.65000e-20  2.74936e-09  1.44393e-08
 2670.800  4.20353e-27  5.65000e-20  2.69292e-09  1.41545e-08
 2670.900  4.12251e-27  5.65000e-20  2.63664e-09  1.38702e-08
 2671.000  4.04150e-27  5.65000e-20  2.58054e-09  1.35863e-08
 2671.100  3.96049e-27  5.65000e-20  2.52426e-09  1.33020e-08
 2671.200  3.87939e-27  5.65000e-20  2.46810e-09  1.30178e-08
 2671.300  3.79839e-27  5.65000e-20  2.41220e-09  1.27345e-08
 2671.400  3.71740e-27  5.65000e-20  2.35649e-09  1.24517e-08
 2671.500  3.63641e-27  5.65000e-20  2.30096e-09  1.21693e-08
 2671.600  3.55544e-27  5.65000e-20  2.24563e-09  1.18875e-08
 2671.700  3.53999e-27  5.65000e-20  2.23179e-09  1.18251e-08
 2671.800  3.53377e-27  5.65000e-20  2.22380e-09  1.17935e-08
 2671.900  3.52756e-27  5.65000e-20  2.21583e-09  1.17620e-08
 2672.000  3.52134e-27  5.65000e-20  2.20786e-09  1.17305e-08
 2672.100  3.51512e-27  5.65000e-20  2.19991e-09  1.16990e-08
 2672.200  3.50890e-27  5.65000e-20  2.19197e-09  1.16675e-08
 2672.300  3.50268e-27  5.65000e-20  2.18405e-09  1.16361e-08
 2672.400  3.49647e-27  5.65000e-20  2.17615e-09  1.16047e-08
 2672.500  3.49025e-27  5.65000e-20  2.16825e-09  1.15734e-08
 2672.600  3.48404e-27  5.65000e-20  2.16038e-09  1.15420e-08
 2672.700  3.47782e-27  5.65000e-20  2.15250e-09  1.15107e-08
 2672.800  3.47161e-27  5.65000e-20  2.14465e-09  1.14794e-08
 2672.900  3.46539e-27  5.65000e-20  2.13682e-09  1.14482e-08
 2673.000  3.45918e-27  5.65000e-20  2.12899e-09  1.14169e-08
 2673.100  3.45297e-27  5.65000e-20  2.11896e-09  1.13798e-08
 2673.200  3.43903e-27  5.65000e-20  2.10421e-09  1.13172e-08
 2673.300  3.41260e-27  5.65000e-20  2.08191e-09  1.12137e-08
 2673.400  3.38618e-27  5.65000e-20  2.05970e-09  1.11105e-08
 2673.500  3.35977e-27  5.65000e-20  2.03758e-09  1.10075e-08
 2673.600  3.33335e-27  5.65000e-20  2.01556e-09  1.09047e-08
 2673.700  3.30690e-27  5.65000e-20  1.99361e-09  1.08021e-08
 2673.800  3.28049e-27  5.65000e-20  1.97179e-09  1.06998e-08
 2673.900  3.25408e-27  5.65000e-20  1.95005e-09  1.05977e-08
 2674.000  3.22767e-27  5.65000e-20  1.92841e-09  1.04959e-08
 2674.100  3.20127e-27  5.65000e-20  1.90687e-09  1.03943e-08
 2674.200  3.17483e-27  5.65000e-20  1.88540e-09  1.02929e-08
 2674.300  3.14843e-27  5.65000e-20  1.86405e-09  1.01918e-08
 2674.400  3.12203e-27  5.65000e-20  1.84279e-09  1.00909e-08
 2674.500  3.09563e-27  5.65000e-20  1.82163e-09  9.99034e-09
 2674.600  3.06923e-27  5.65000e-20  1.80056e-09  9.88996e-09
 2674.700  3.04281e-27  5.65000e-20  1.77957e-09  9.78971e-09
 2674.800  3.02807e-27  5.65000e-20  1.76550e-09  9.72730e-09
 2674.900  3.01487e-27  5.65000e-20  1.75236e-09  9.66990e-09
 2675.000  3.00167e-27  5.65000e-20  1.73927e-09  9.61261e-09
 2675.100  2.98847e-27  5.65000e-20  1.72466e-09  9.55106e-09
 2675.200  2.97526e-27  5.65000e-20  1.71008e-09  9.48957e-09
 2675.300  2.96206e-27  5.65000e-20  1.69559e-09  9.42831e-09
 2675.400  2.94887e-27  5.65000e-20  1.68116e-09  9.36715e-09
 2675.500  2.93567e-27  5.65000e-20  1.66678e-09  9.30613e-09
 2675.600  2.92248e-27  5.65000e-20  1.65247e-09  9.24524e-09
 2675.700  2.90927e-27  5.65000e-20  1.63820e-09  9.18442e-09
 2675.800  2.89608e-27  5.65000e-20  1.62402e-09  9.12382e-09
 2675.900  2.88289e-27  5.65000e-20  1.60989e-09  9.06333e-09
 2676.000  2.86970e-27  5.65000e-20  1.59582e-09  9.00297e-09
 2676.100  2.85651e-27  5.65000e-20  1.58181e-09  8.94275e-09
 2676.200  2.84331e-27  5.65000e-20  1.56785e-09  8.88260e-09
 2676.300  2.84117e-27  5.65000e-20  1.56004e-09  8.85711e-09
 2676.400  2.85644e-27  5.65000e-20  1.56175e-09  8.88575e-09
 2676.500  2.87171e-27  5.65000e-20  1.56339e-09  8.91414e-09
 2676.600  2.88698e-27  5.65000e-20  1.56495e-09  8.94227e-09
 2676.700  2.90227e-27  5.65000e-20  1.56644e-09  8.97020e-09
 2676.800  2.91754e-27  5.65000e-20  1.56787e-09  8.99785e-09
 2676.900  2.93280e-27  5.65000e-20  1.56921e-09  9.02522e-09
 2677.000  2.94807e-27  5.65000e-20  1.57048e-09  9.05234e-09
 2677.100  2.96333e-27  5.65000e-20  1.57183e-09  9.07963e-09
 2677.200  2.97861e-27  5.65000e-20  1.57310e-09  9.10670e-09
 2677.300  2.99388e-27  5.65000e-20  1.57431e-09  9.13350e-09
 2677.400  3.00914e-27  5.65000e-20  1.57544e-09  9.16003e-09
 2677.500  3.02440e-27  5.65000e-20  1.57649e-09  9.18631e-09
 2677.600  3.03965e-27  5.65000e-20  1.57748e-09  9.21233e-09
 2677.700  3.05493e-27  5.65000e-20  1.57840e-09  9.23813e-09
 2677.800  3.07019e-27  5.65000e-20  1.57924e-09  9.26366e-09
 2677.900  3.06926e-27  5.65000e-20  1.57173e-09  9.24019e-09
 2678.000  3.06633e-27  5.65000e-20  1.56320e-09  9.21069e-09
 2678.100  3.06340e-27  5.65000e-20  1.55468e-09  9.18117e-09
 2678.200  3.06048e-27  5.65000e-20  1.54616e-09  9.15161e-09
 2678.300  3.05755e-27  5.65000e-20  1.53767e-09  9.12210e-09
 2678.400  3.05462e-27  5.65000e-20  1.52919e-09  9.09255e-09
 2678.500  3.05170e-27  5.65000e-20  1.52072e-09  9.06299e-09
 2678.600  3.04877e-27  5.65000e-20  1.51227e-09  9.03343e-09
 2678.700  3.04585e-27  5.65000e-20  1.50381e-09  9.00382e-09
 2678.800  3.04292e-27  5.65000e-20  1.49539e-09  8.97425e-09
 2678.900  3.04000e-27  5.65000e-20  1.48697e-09  8.94465e-09
 2679.000  3.03707e-27  5.65000e-20  1.47856e-09  8.91504e-09
 2679.100  3.03415e-27  5.65000e-20  1.47011e-09  8.88525e-09
 2679.200  3.03122e-27  5.65000e-20  1.46167e-09  8.85542e-09
 2679.300  3.02830e-27  5.65000e-20  1.45325e-09  8.82563e-09
 2679.400  3.02058e-27  5.65000e-20  1.44255e-09  8.78186e-09
 2679.500  3.00550e-27  5.65000e-20  1.42838e-09  8.71678e-09
 2679.600  2.99041e-27  5.65000e-20  1.41429e-09  8.65187e-09
 2679.700  2.97531e-27  5.65000e-20  1.40024e-09  8.58705e-09
 2679.800  2.96023e-27  5.65000e-20  1.38629e-09  8.52248e-09
 2679.900  2.94516e-27  5.65000e-20  1.37240e-09  8.45806e-09
 2680.000  2.93008e-27  5.65000e-20  1.35858e-09  8.39380e-09
 2680.100  2.91500e-27  5.65000e-20  1.34483e-09  8.32970e-09
 2680.200  2.89991e-27  5.65000e-20  1.33114e-09  8.26569e-09
 2680.300  2.88483e-27  5.65000e-20  1.31753e-09  8.20194e-09
 2680.400  2.86976e-27  5.65000e-20  1.30399e-09  8.13834e-09
 2680.500  2.85469e-27  5.65000e-20  1.29052e-09  8.07490e-09
 2680.600  2.83962e-27  5.65000e-20  1.27712e-09  8.01163e-09
 2680.700  2.82453e-27  5.65000e-20  1.26377e-09  7.94845e-09
 2680.800  2.80946e-27  5.65000e-20  1.25051e-09  7.88553e-09
 2680.900  2.79439e-27  5.65000e-20  1.23732e-09  7.82275e-09
 2681.000  2.80690e-27  5.65000e-20  1.23633e-09  7.83713e-09
 2681.100  2.82259e-27  5.65000e-20  1.23677e-09  7.86040e-09
 2681.200  2.83831e-27  5.65000e-20  1.23714e-09  7.88342e-09
 2681.300  2.85400e-27  5.65000e-20  1.23744e-09  7.90613e-09
 2681.400  2.86969e-27  5.65000e-20  1.23765e-09  7.92854e-09
 2681.500  2.88539e-27  5.65000e-20  1.23780e-09  7.95065e-09
 2681.600  2.90108e-27  5.65000e-20  1.23787e-09  7.97246e-09
 2681.700  2.91678e-27  5.65000e-20  1.23787e-09  7.99401e-09
 2681.800  2.93247e-27  5.65000e-20  1.23780e-09  8.01525e-09
 2681.900  2.94816e-27  5.65000e-20  1.23765e-09  8.03617e-09
 2682.000  2.96385e-27  5.65000e-20  1.23742e-09  8.05680e-09
 2682.100  2.97953e-27  5.65000e-20  1.23712e-09  8.07711e-09
 2682.200  2.99523e-27  5.65000e-20  1.23675e-09  8.09716e-09
 2682.300  3.01092e-27  5.65000e-20  1.23632e-09  8.11689e-09
 2682.400  3.02660e-27  5.65000e-20  1.23580e-09  8.13629e-09
 2682.500  3.04711e-27  5.65000e-20  1.23717e-09  8.16834e-09
 2682.600  3.07485e-27  5.65000e-20  1.24136e-09  8.21932e-09
 2682.700  3.10262e-27  5.65000e-20  1.24543e-09  8.26987e-09
 2682.800  3.13035e-27  5.65000e-20  1.24937e-09  8.31988e-09
 2682.900  3.15808e-27  5.65000e-20  1.25317e-09  8.36936e-09
 2683.000  3.18581e-27  5.65000e-20  1.25684e-09  8.41834e-09
 2683.100  3.21354e-27  5.65000e-20  1.26053e-09  8.46727e-09
 2683.200  3.24130e-27  5.65000e-20  1.26409e-09  8.51578e-09
 2683.300  3.26902e-27  5.65000e-20  1.26753e-09  8.56374e-09
 2683.400  3.29674e-27  5.65000e-20  1.27083e-09  8.61117e-09
 2683.500  3.32446e-27  5.65000e-20  1.27401e-09  8.65809e-09
 2683.600  3.35218e-27  5.65000e-20  1.27705e-09  8.70451e-09
 2683.700  3.37993e-27  5.65000e-20  1.27998e-09  8.75047e-09
 2683.800  3.40764e-27  5.65000e-20  1.28278e-09  8.79588e-09
 2683.900  3.43535e-27  5.65000e-20  1.28545e-09  8.84075e-09
 2684.000  3.46306e-27  5.65000e-20  1.28799e-09  8.88510e-09
 2684.100  3.46551e-27  5.65000e-20  1.28107e-09  8.86431e-09
 2684.200  3.46522e-27  5.65000e-20  1.27312e-09  8.83640e-09
 2684.300  3.46494e-27  5.65000e-20  1.26518e-09  8.80846e-09
 2684.400  3.46465e-27  5.65000e-20  1.25724e-09  8.78041e-09
 2684.500  3.46437e-27  5.65000e-20  1.24930e-09  8.75227e-09
 2684.600  3.46408e-27  5.65000e-20  1.24136e-09  8.72405e-09
 2684.700  3.46379e-27  5.65000e-20  1.23341e-09  8.69572e-09
 2684.800  3.46351e-27  5.65000e-20  1.22548e-09  8.66735e-09
 2684.900  3.46322e-27  5.65000e-20  1.21754e-09  8.63887e-09
 2685.000  3.46293e-27  5.65000e-20  1.20960e-09  8.61029e-09
 2685.100  3.46265e-27  5.65000e-20  1.20181e-09  8.58218e-09
 2685.200  3.46236e-27  5.65000e-20  1.19401e-09  8.55394e-09
 2685.300  3.46208e-27  5.65000e-20  1.18623e-09  8.52568e-09
 2685.400  3.46179e-27  5.65000e-20  1.17845e-09  8.49730e-09
 2685.500  3.46150e-27  5.65000e-20  1.17066e-09  8.46883e-09
 2685.600  3.44914e-27  5.65000e-20  1.15881e-09  8.41081e-09
 2685.700  3.41892e-27  5.65000e-20  1.14106e-09  8.30948e-09
 2685.800  3.38875e-27  5.65000e-20  1.12346e-09  8.20871e-09
 2685.900  3.35858e-27  5.65000e-20  1.10599e-09  8.10830e-09
 2686.000  3.32841e-27  5.65000e-20  1.08866e-09  8.00829e-09
 2686.100  3.29824e-27  5.65000e-20  1.07146e-09  7.90869e-09
 2686.200  3.26803e-27  5.65000e-20  1.05437e-09  7.80937e-09
 2686.300  3.23787e-27  5.65000e-20  1.03745e-09  7.71060e-09
 2686.400  3.20771e-27  5.65000e-20  1.02065e-09  7.61221e-09
 2686.500  3.17755e-27  5.65000e-20  1.00398e-09  7.51423e-09
 2686.600  3.14739e-27  5.65000e-20  9.87449e-10  7.41667e-09
 2686.700  3.11720e-27  5.65000e-20  9.71033e-10  7.31940e-09
 2686.800  3.08705e-27  5.65000e-20  9.54776e-10  7.22268e-09
 2686.900  3.05690e-27  5.65000e-20  9.38646e-10  7.12635e-09
 2687.000  3.02675e-27  5.65000e-20  9.22650e-10  7.03044e-09
 2687.100  2.99661e-27  5.65000e-20  9.06920e-10  6.93546e-09
 2687.200  3.01963e-27  5.65000e-20  9.07291e-10  6.96348e-09
 2687.300  3.04814e-27  5.65000e-20  9.09207e-10  7.00365e-09
 2687.400  3.07664e-27  5.65000e-20  9.10991e-10  7.04322e-09
 2687.500  3.10514e-27  5.65000e-20  9.12649e-10  7.08220e-09
 2687.600  3.13364e-27  5.65000e-20  9.14180e-10  7.12059e-09
 2687.700  3.16217e-27  5.65000e-20  9.15588e-10  7.15844e-09
 2687.800  3.19066e-27  5.65000e-20  9.16874e-10  7.19567e-09
 2687.900  3.21915e-27  5.65000e-20  9.18027e-10  7.23227e-09
 2688.000  3.24764e-27  5.65000e-20  9.19054e-10  7.26826e-09
 2688.100  3.27613e-27  5.65000e-20  9.19955e-10  7.30364e-09
 2688.200  3.30465e-27  5.65000e-20  9.20731e-10  7.33846e-09
 2688.300  3.33313e-27  5.65000e-20  9.21387e-10  7.37264e-09
 2688.400  3.36161e-27  5.65000e-20  9.21908e-10  7.40617e-09
 2688.500  3.39009e-27  5.65000e-20  9.22304e-10  7.43907e-09
 2688.600  3.41857e-27  5.65000e-20  9.22573e-10  7.47134e-09
 2688.700  3.42678e-27  5.65000e-20  9.17286e-10  7.45884e-09
 2688.800  3.40594e-27  5.65000e-20  9.04262e-10  7.38314e-09
 2688.900  3.38510e-27  5.65000e-20  8.91321e-10  7.30766e-09
 2689.000  3.36426e-27  5.65000e-20  8.78470e-10  7.23243e-09
 2689.100  3.34342e-27  5.65000e-20  8.65888e-10  7.15817e-09
 2689.200  3.32256e-27  5.65000e-20  8.53380e-10  7.08408e-09
 2689.300  3.30173e-27  5.65000e-20  8.40982e-10  7.01035e-09
 2689.400  3.28089e-27  5.65000e-20  8.28665e-10  6.93683e-09
 2689.500  3.26006e-27  5.65000e-20  8.16436e-10  6.86357e-09
 2689.600  3.23923e-27  5.65000e-20  8.04296e-10  6.79055e-09
 2689.700  3.21838e-27  5.65000e-20  7.92231e-10  6.71769e-09
 2689.800  3.19755e-27  5.65000e-20  7.80274e-10  6.64520e-09
 2689.900  3.17673e-27  5.65000e-20  7.68399e-10  6.57293e-09
 2690.000  3.15590e-27  5.65000e-20  7.56613e-10  6.50091e-09
 2690.100  3.13508e-27  5.65000e-20  7.44915e-10  6.42915e-09
 2690.200  3.11423e-27  5.65000e-20  7.33292e-10  6.35755e-09
 2690.300  3.07370e-27  5.65000e-20  7.17178e-10  6.24626e-09
 2690.400  3.03130e-27  5.65000e-20  7.00798e-10  6.13178e-09
 2690.500  2.98890e-27  5.65000e-20  6.84599e-10  6.01797e-09
 2690.600  2.94651e-27  5.65000e-20  6.68581e-10  5.90482e-09
 2690.700  2.90407e-27  5.65000e-20  6.52727e-10  5.79222e-09
 2690.800  2.86168e-27  5.65000e-20  6.37078e-10  5.68045e-09
 2690.900  2.81929e-27  5.65000e-20  6.21604e-10  5.56933e-09
 2691.000  2.77691e-27  5.65000e-20  6.06312e-10  5.45890e-09
 2691.100  2.73453e-27  5.65000e-20  6.46396e-10  5.59328e-09
 2691.200  2.69211e-27  5.65000e-20  6.84994e-10  5.71301e-09
 2691.300  2.64973e-27  5.65000e-20  7.21986e-10  5.81891e-09
 2691.400  2.60737e-27  5.65000e-20  7.57505e-10  5.91248e-09
 2691.500  2.56500e-27  5.65000e-20  7.91502e-10  5.99439e-09
 2691.600  2.52264e-27  5.65000e-20  8.23977e-10  6.06542e-09
 2691.700  2.48023e-27  5.65000e-20  8.54957e-10  6.12623e-09
 2691.800  2.47318e-27  5.65000e-20  8.97153e-10  6.26667e-09
 2691.900  2.51589e-27  5.65000e-20  9.58091e-10  6.53168e-09
 2692.000  2.55859e-27  5.65000e-20  1.02058e-09  6.79828e-09
 2692.100  2.60129e-27  5.65000e-20  1.08461e-09  7.06655e-09
 2692.200  2.64404e-27  5.65000e-20  1.15027e-09  7.33684e-09
 2692.300  2.68674e-27  5.65000e-20  1.21735e-09  7.60845e-09
 2692.400  2.72943e-27  5.65000e-20  1.28603e-09  7.88203e-09
 2692.500  2.77212e-27  5.65000e-20  1.35627e-09  8.15744e-09
 2692.600  2.81480e-27  5.65000e-20  1.42805e-09  8.43473e-09
 2692.700  2.85753e-27  5.65000e-20  1.50146e-09  8.71421e-09
 2692.800  2.90021e-27  5.65000e-20  1.57629e-09  8.99515e-09
 2692.900  2.94289e-27  5.65000e-20  1.65272e-09  9.27817e-09
 2693.000  2.98556e-27  5.65000e-20  1.73070e-09  9.56313e-09
 2693.100  3.02823e-27  5.65000e-20  1.75880e-09  9.70907e-09
 2693.200  3.07094e-27  5.65000e-20  1.78702e-09  9.85544e-09
 2693.300  3.11361e-27  5.65000e-20  1.81529e-09  1.00019e-08
 2693.400  3.08777e-27  5.65000e-20  1.80366e-09  9.92830e-09
 2693.500  3.05573e-27  5.65000e-20  1.78833e-09  9.83462e-09
 2693.600  3.02369e-27  5.65000e-20  1.77294e-09  9.74073e-09
 2693.700  2.99162e-27  5.65000e-20  1.75746e-09  9.64654e-09
 2693.800  2.95959e-27  5.65000e-20  1.74192e-09  9.55226e-09
 2693.900  2.92756e-27  5.65000e-20  1.72632e-09  9.45780e-09
 2694.000  2.89554e-27  5.65000e-20  1.71065e-09  9.36314e-09
 2694.100  2.86351e-27  5.65000e-20  1.69491e-09  9.26828e-09
 2694.200  2.83145e-27  5.65000e-20  1.67909e-09  9.17312e-09
 2694.300  2.79943e-27  5.65000e-20  1.66321e-09  9.07787e-09
 2694.400  2.76742e-27  5.65000e-20  1.64726e-09  8.98243e-09
 2694.500  2.73540e-27  5.65000e-20  1.63124e-09  8.88680e-09
 2694.600  2.70339e-27  5.65000e-20  1.61516e-09  8.79098e-09
 2694.700  2.67134e-27  5.65000e-20  1.59898e-09  8.69485e-09
 2694.800  2.63933e-27  5.65000e-20  1.58276e-09  8.59864e-09
 2694.900  2.62118e-27  5.65000e-20  1.57478e-09  8.54742e-09
 2695.000  2.62225e-27  5.65000e-20  1.57835e-09  8.55882e-09
 2695.100  2.62333e-27  5.65000e-20  1.58183e-09  8.57002e-09
 2695.200  2.62440e-27  5.65000e-20  1.58532e-09  8.58123e-09
 2695.300  2.62547e-27  5.65000e-20  1.58881e-09  8.59242e-09
 2695.400  2.62654e-27  5.65000e-20  1.59231e-09  8.60362e-09
 2695.500  2.62762e-27  5.65000e-20  1.59580e-09  8.61482e-09
 2695.600  2.62869e-27  5.65000e-20  1.59930e-09  8.62602e-09
 2695.700  2.62976e-27  5.65000e-20  1.60281e-09  8.63723e-09
 2695.800  2.63083e-27  5.65000e-20  1.60631e-09  8.64843e-09
 2695.900  2.63190e-27  5.65000e-20  1.60982e-09  8.65963e-09
 2696.000  2.63298e-27  5.65000e-20  1.61333e-09  8.67083e-09
 2696.100  2.63405e-27  5.65000e-20  1.61684e-09  8.68203e-09
 2696.200  2.63512e-27  5.65000e-20  1.62036e-09  8.69324e-09
 2696.300  2.63619e-27  5.65000e-20  1.62387e-09  8.70443e-09
 2696.400  2.63726e-27  5.65000e-20  1.62740e-09  8.71564e-09
 2696.500  2.65348e-27  5.65000e-20  1.64028e-09  8.77695e-09
 2696.600  2.67101e-27  5.65000e-20  1.65402e-09  8.84267e-09
 2696.700  2.68856e-27  5.65000e-20  1.66780e-09  8.90857e-09
 2696.800  2.70608e-27  5.65000e-20  1.68161e-09  8.97447e-09
 2696.900  2.72360e-27  5.65000e-20  1.69545e-09  9.04046e-09
 2697.000  2.74113e-27  5.65000e-20  1.70934e-09  9.10655e-09
 2697.100  2.75865e-27  5.65000e-20  1.72318e-09  9.17253e-09
 2697.200  2.77619e-27  5.65000e-20  1.73708e-09  9.23868e-09
 2697.300  2.79370e-27  5.65000e-20  1.75100e-09  9.30483e-09
 2697.400  2.81122e-27  5.65000e-20  1.76495e-09  9.37108e-09
 2697.500  2.82873e-27  5.65000e-20  1.77895e-09  9.43742e-09
 2697.600  2.84625e-27  5.65000e-20  1.79297e-09  9.50384e-09
 2697.700  2.86378e-27  5.65000e-20  1.80706e-09  9.57043e-09
 2697.800  2.88129e-27  5.65000e-20  1.82116e-09  9.63703e-09
 2697.900  2.89880e-27  5.65000e-20  1.83530e-09  9.70371e-09
 2698.000  2.90795e-27  5.65000e-20  1.84417e-09  9.74249e-09
 2698.100  2.90567e-27  5.65000e-20  1.84581e-09  9.74299e-09
 2698.200  2.90339e-27  5.65000e-20  1.84744e-09  9.74348e-09
 2698.300  2.90112e-27  5.65000e-20  1.84907e-09  9.74394e-09
 2698.400  2.89884e-27  5.65000e-20  1.85069e-09  9.74440e-09
 2698.500  2.89657e-27  5.65000e-20  1.85231e-09  9.74483e-09
 2698.600  2.89429e-27  5.65000e-20  1.85393e-09  9.74525e-09
 2698.700  2.89201e-27  5.65000e-20  1.85554e-09  9.74565e-09
 2698.800  2.88974e-27  5.65000e-20  1.85714e-09  9.74602e-09
 2698.900  2.88746e-27  5.65000e-20  1.85874e-09  9.74639e-09
 2699.000  2.88519e-27  5.65000e-20  1.86034e-09  9.74673e-09
 2699.100  2.88291e-27  5.65000e-20  1.86191e-09  9.74700e-09
 2699.200  2.88063e-27  5.65000e-20  1.86348e-09  9.74724e-09
 2699.300  2.87836e-27  5.65000e-20  1.86503e-09  9.74746e-09
 2699.400  2.87609e-27  5.65000e-20  1.86659e-09  9.74767e-09
 2699.500  2.87381e-27  5.65000e-20  1.86814e-09  9.74786e-09
 2699.600  2.88640e-27  5.65000e-20  1.87937e-09  9.79851e-09
 2699.700  2.90023e-27  5.65000e-20  1.89143e-09  9.85342e-09
 2699.800  2.91404e-27  5.65000e-20  1.90350e-09  9.90832e-09
 2699.900  2.92785e-27  5.65000e-20  1.91561e-09  9.96330e-09
 2700.000  2.94165e-27  5.65000e-20  1.92774e-09  1.00183e-08
 2700.100  2.95546e-27  5.65000e-20  1.93990e-09  1.00735e-08
 2700.200  2.96928e-27  5.65000e-20  1.95211e-09  1.01287e-08
 2700.300  2.98309e-27  5.65000e-20  1.96433e-09  1.01839e-08
 2700.400  2.99689e-27  5.65000e-20  1.97658e-09  1.02392e-08
 2700.500  3.01069e-27  5.65000e-20  1.98886e-09  1.02946e-08
 2700.600  3.02449e-27  5.65000e-20  2.00116e-09  1.03501e-08
 2700.700  3.03831e-27  5.65000e-20  2.01352e-09  1.04056e-08
 2700.800  3.05211e-27  5.65000e-20  2.02588e-09  1.04612e-08
 2700.900  3.06590e-27  5.65000e-20  2.03827e-09  1.05169e-08
 2701.000  3.07970e-27  5.65000e-20  2.05070e-09  1.05726e-08
 2701.100  3.09868e-27  5.65000e-20  2.06658e-09  1.06461e-08
 2701.200  3.12467e-27  5.65000e-20  2.08720e-09  1.07438e-08
 2701.300  3.15062e-27  5.65000e-20  2.10784e-09  1.08416e-08
 2701.400  3.17658e-27  5.65000e-20  2.12854e-09  1.09395e-08
 2701.500  3.20253e-27  5.65000e-20  2.14929e-09  1.10375e-08
 2701.600  3.22848e-27  5.65000e-20  2.17009e-09  1.11356e-08
 2701.700  3.25446e-27  5.65000e-20  2.19097e-09  1.12340e-08
 2701.800  3.28040e-27  5.65000e-20  2.21188e-09  1.13324e-08
 2701.900  3.30635e-27  5.65000e-20  2.23285e-09  1.14309e-08
 2702.000  3.33229e-27  5.65000e-20  2.25387e-09  1.15295e-08
 2702.100  3.35823e-27  5.65000e-20  2.27494e-09  1.16283e-08
 2702.200  3.38420e-27  5.65000e-20  2.29609e-09  1.17273e-08
 2702.300  3.41014e-27  5.65000e-20  2.31727e-09  1.18263e-08
 2702.400  3.43607e-27  5.65000e-20  2.33850e-09  1.19255e-08
 2702.500  3.46200e-27  5.65000e-20  2.35979e-09  1.20247e-08
 2702.600  3.48793e-27  5.65000e-20  2.38113e-09  1.21242e-08
 2702.700  3.47644e-27  5.65000e-20  2.37695e-09  1.20935e-08
 2702.800  3.46207e-27  5.65000e-20  2.37076e-09  1.20528e-08
 2702.900  3.44770e-27  5.65000e-20  2.36454e-09  1.20120e-08
 2703.000  3.43333e-27  5.65000e-20  2.35830e-09  1.19711e-08
 2703.100  3.41896e-27  5.65000e-20  2.35105e-09  1.19276e-08
 2703.200  3.40458e-27  5.65000e-20  2.34378e-09  1.18841e-08
 2703.300  3.39021e-27  5.65000e-20  2.33649e-09  1.18405e-08
 2703.400  3.37584e-27  5.65000e-20  2.32919e-09  1.17969e-08
 2703.500  3.36148e-27  5.65000e-20  2.32186e-09  1.17533e-08
 2703.600  3.34711e-27  5.65000e-20  2.31451e-09  1.17096e-08
 2703.700  3.33273e-27  5.65000e-20  2.30713e-09  1.16657e-08
 2703.800  3.31837e-27  5.65000e-20  2.29974e-09  1.16219e-08
 2703.900  3.30401e-27  5.65000e-20  2.29233e-09  1.15780e-08
 2704.000  3.28965e-27  5.65000e-20  2.28490e-09  1.15341e-08
 2704.100  3.27529e-27  5.65000e-20  2.27744e-09  1.14901e-08
 2704.200  3.28086e-27  5.65000e-20  2.28384e-09  1.15160e-08
 2704.300  3.31276e-27  5.65000e-20  2.30859e-09  1.16344e-08
 2704.400  3.34466e-27  5.65000e-20  2.33340e-09  1.17529e-08
 2704.500  3.37656e-27  5.65000e-20  2.35826e-09  1.18716e-08
 2704.600  3.40846e-27  5.65000e-20  2.38316e-09  1.19903e-08
 2704.700  3.44040e-27  5.65000e-20  2.40814e-09  1.21093e-08
 2704.800  3.47229e-27  5.65000e-20  2.43313e-09  1.22283e-08
 2704.900  3.50418e-27  5.65000e-20  2.45818e-09  1.23474e-08
 2705.000  3.53607e-27  5.65000e-20  2.48327e-09  1.24666e-08
 2705.100  3.56795e-27  5.65000e-20  2.50320e-09  1.25728e-08
 2705.200  3.59988e-27  5.65000e-20  2.52311e-09  1.26791e-08
 2705.300  3.63176e-27  5.65000e-20  2.54295e-09  1.27851e-08
 2705.400  3.66363e-27  5.65000e-20  2.56275e-09  1.28909e-08
 2705.500  3.69551e-27  5.65000e-20  2.58250e-09  1.29967e-08
 2705.600  3.72739e-27  5.65000e-20  2.60220e-09  1.31023e-08
 2705.700  3.75930e-27  5.65000e-20  2.62188e-09  1.32079e-08
 2705.800  3.75559e-27  5.65000e-20  2.61670e-09  1.31884e-08
 2705.900  3.74933e-27  5.65000e-20  2.60975e-09  1.31599e-08
 2706.000  3.74306e-27  5.65000e-20  2.60281e-09  1.31314e-08
 2706.100  3.73680e-27  5.65000e-20  2.59587e-09  1.31029e-08
 2706.200  3.73053e-27  5.65000e-20  2.58893e-09  1.30744e-08
 2706.300  3.72427e-27  5.65000e-20  2.58202e-09  1.30459e-08
 2706.400  3.71801e-27  5.65000e-20  2.57511e-09  1.30175e-08
 2706.500  3.71174e-27  5.65000e-20  2.56820e-09  1.29891e-08
 2706.600  3.70548e-27  5.65000e-20  2.56131e-09  1.29607e-08
 2706.700  3.69921e-27  5.65000e-20  2.55442e-09  1.29323e-08
 2706.800  3.69295e-27  5.65000e-20  2.54754e-09  1.29040e-08
 2706.900  3.68669e-27  5.65000e-20  2.54067e-09  1.28756e-08
 2707.000  3.68044e-27  5.65000e-20  2.53382e-09  1.28473e-08
 2707.100  3.67418e-27  5.65000e-20  2.52698e-09  1.28191e-08
 2707.200  3.66791e-27  5.65000e-20  2.52015e-09  1.27908e-08
 2707.300  3.65578e-27  5.65000e-20  2.50931e-09  1.27422e-08
 2707.400  3.63602e-27  5.65000e-20  2.49324e-09  1.26669e-08
 2707.500  3.61626e-27  5.65000e-20  2.47721e-09  1.25918e-08
 2707.600  3.59651e-27  5.65000e-20  2.46120e-09  1.25167e-08
 2707.700  3.57672e-27  5.65000e-20  2.44520e-09  1.24416e-08
 2707.800  3.55697e-27  5.65000e-20  2.42925e-09  1.23666e-08
 2707.900  3.53722e-27  5.65000e-20  2.41332e-09  1.22918e-08
 2708.000  3.51746e-27  5.65000e-20  2.39743e-09  1.22170e-08
 2708.100  3.49771e-27  5.65000e-20  2.38156e-09  1.21422e-08
 2708.200  3.47794e-27  5.65000e-20  2.36570e-09  1.20675e-08
 2708.300  3.45819e-27  5.65000e-20  2.34989e-09  1.19929e-08
 2708.400  3.43845e-27  5.65000e-20  2.33410e-09  1.19184e-08
 2708.500  3.41870e-27  5.65000e-20  2.31834e-09  1.18439e-08
 2708.600  3.39896e-27  5.65000e-20  2.30262e-09  1.17695e-08
 2708.700  3.37919e-27  5.65000e-20  2.28689e-09  1.16951e-08
 2708.800  3.35945e-27  5.65000e-20  2.27122e-09  1.16209e-08
 2708.900  3.39922e-27  5.65000e-20  2.29577e-09  1.17525e-08
 2709.000  3.44319e-27  5.65000e-20  2.32309e-09  1.18984e-08
 2709.100  3.48715e-27  5.65000e-20  2.35043e-09  1.20444e-08
 2709.200  3.53116e-27  5.65000e-20  2.37775e-09  1.21904e-08
 2709.300  3.57512e-27  5.65000e-20  2.40498e-09  1.23361e-08
 2709.400  3.61907e-27  5.65000e-20  2.43214e-09  1.24816e-08
 2709.500  3.66302e-27  5.65000e-20  2.45925e-09  1.26269e-08
 2709.600  3.70697e-27  5.65000e-20  2.48629e-09  1.27721e-08
 2709.700  3.75097e-27  5.65000e-20  2.51330e-09  1.29172e-08
 2709.800  3.79491e-27  5.65000e-20  2.54022e-09  1.30621e-08
 2709.900  3.83884e-27  5.65000e-20  2.56708e-09  1.32067e-08
 2710.000  3.88278e-27  5.65000e-20  2.59388e-09  1.33513e-08
 2710.100  3.92671e-27  5.65000e-20  2.62062e-09  1.34956e-08
 2710.200  3.97069e-27  5.65000e-20  2.64733e-09  1.36399e-08
 2710.300  4.01461e-27  5.65000e-20  2.67394e-09  1.37839e-08
 2710.400  4.03437e-27  5.65000e-20  2.68442e-09  1.38449e-08
 2710.500  4.02286e-27  5.65000e-20  2.67408e-09  1.37985e-08
 2710.600  4.01134e-27  5.65000e-20  2.66376e-09  1.37521e-08
 2710.700  3.99982e-27  5.65000e-20  2.65344e-09  1.37057e-08
 2710.800  3.98831e-27  5.65000e-20  2.64315e-09  1.36594e-08
 2710.900  3.97680e-27  5.65000e-20  2.63288e-09  1.36131e-08
 2711.000  3.96529e-27  5.65000e-20  2.62262e-09  1.35669e-08
 2711.100  3.95378e-27  5.65000e-20  2.61975e-09  1.35398e-08
 2711.200  3.94226e-27  5.65000e-20  2.61685e-09  1.35126e-08
 2711.300  3.93075e-27  5.65000e-20  2.61392e-09  1.34853e-08
 2711.400  3.91924e-27  5.65000e-20  2.61098e-09  1.34579e-08
 2711.500  3.90774e-27  5.65000e-20  2.60800e-09  1.34305e-08
 2711.600  3.89623e-27  5.65000e-20  2.60500e-09  1.34030e-08
 2711.700  3.88472e-27  5.65000e-20  2.60197e-09  1.33754e-08
 2711.800  3.87321e-27  5.65000e-20  2.59892e-09  1.33477e-08
 2711.900  3.86171e-27  5.65000e-20  2.59584e-09  1.33200e-08
 2712.000  3.86205e-27  5.65000e-20  2.60071e-09  1.33331e-08
 2712.100  3.86318e-27  5.65000e-20  2.60611e-09  1.33489e-08
 2712.200  3.86431e-27  5.65000e-20  2.61152e-09  1.33647e-08
 2712.300  3.86544e-27  5.65000e-20  2.61692e-09  1.33805e-08
 2712.400  3.86657e-27  5.65000e-20  2.62233e-09  1.33962e-08
 2712.500  3.86770e-27  5.65000e-20  2.62775e-09  1.34120e-08
 2712.600  3.86883e-27  5.65000e-20  2.63317e-09  1.34278e-08
 2712.700  3.86996e-27  5.65000e-20  2.63860e-09  1.34436e-08
 2712.800  3.87109e-27  5.65000e-20  2.64402e-09  1.34594e-08
 2712.900  3.87222e-27  5.65000e-20  2.64945e-09  1.34751e-08
 2713.000  3.87335e-27  5.65000e-20  2.65488e-09  1.34909e-08
 2713.100  3.87447e-27  5.65000e-20  2.66019e-09  1.35064e-08
 2713.200  3.87560e-27  5.65000e-20  2.66550e-09  1.35218e-08
 2713.300  3.87673e-27  5.65000e-20  2.67082e-09  1.35373e-08
 2713.400  3.87786e-27  5.65000e-20  2.67613e-09  1.35527e-08
 2713.500  3.87728e-27  5.65000e-20  2.68028e-09  1.35622e-08
 2713.600  3.87450e-27  5.65000e-20  2.68289e-09  1.35639e-08
 2713.700  3.87172e-27  5.65000e-20  2.68551e-09  1.35657e-08
 2713.800  3.86894e-27  5.65000e-20  2.68811e-09  1.35674e-08
 2713.900  3.86616e-27  5.65000e-20  2.69071e-09  1.35690e-08
 2714.000  3.86338e-27  5.65000e-20  2.69330e-09  1.35707e-08
 2714.100  3.86060e-27  5.65000e-20  2.69589e-09  1.35723e-08
 2714.200  3.85782e-27  5.65000e-20  2.69848e-09  1.35739e-08
 2714.300  3.85504e-27  5.65000e-20  2.70105e-09  1.35755e-08
 2714.400  3.85226e-27  5.65000e-20  2.70362e-09  1.35771e-08
 2714.500  3.84949e-27  5.65000e-20  2.70619e-09  1.35786e-08
 2714.600  3.84671e-27  5.65000e-20  2.70875e-09  1.35802e-08
 2714.700  3.84393e-27  5.65000e-20  2.71131e-09  1.35817e-08
 2714.800  3.84115e-27  5.65000e-20  2.71385e-09  1.35831e-08
 2714.900  3.83837e-27  5.65000e-20  2.71639e-09  1.35846e-08
 2715.000  3.83560e-27  5.65000e-20  2.71893e-09  1.35860e-08
 2715.100  3.80610e-27  5.65000e-20  2.70235e-09  1.34923e-08
 2715.200  3.77482e-27  5.65000e-20  2.68445e-09  1.33922e-08
 2715.300  3.74359e-27  5.65000e-20  2.66650e-09  1.32920e-08
 2715.400  3.71236e-27  5.65000e-20  2.64849e-09  1.31917e-08
 2715.500  3.68113e-27  5.65000e-20  2.63041e-09  1.30911e-08
 2715.600  3.64990e-27  5.65000e-20  2.61225e-09  1.29904e-08
 2715.700  3.61864e-27  5.65000e-20  2.59401e-09  1.28894e-08
 2715.800  3.58742e-27  5.65000e-20  2.57571e-09  1.27884e-08
 2715.900  3.55620e-27  5.65000e-20  2.55735e-09  1.26872e-08
 2716.000  3.52498e-27  5.65000e-20  2.53892e-09  1.25858e-08
 2716.100  3.49377e-27  5.65000e-20  2.52043e-09  1.24842e-08
 2716.200  3.46252e-27  5.65000e-20  2.50184e-09  1.23823e-08
 2716.300  3.43131e-27  5.65000e-20  2.48320e-09  1.22804e-08
 2716.400  3.40010e-27  5.65000e-20  2.46449e-09  1.21783e-08
 2716.500  3.36889e-27  5.65000e-20  2.44572e-09  1.20760e-08
 2716.600  3.34800e-27  5.65000e-20  2.43437e-09  1.20105e-08
 2716.700  3.34018e-27  5.65000e-20  2.43250e-09  1.19919e-08
 2716.800  3.33237e-27  5.65000e-20  2.43062e-09  1.19732e-08
 2716.900  3.32456e-27  5.65000e-20  2.42872e-09  1.19545e-08
 2717.000  3.31675e-27  5.65000e-20  2.42680e-09  1.19357e-08
 2717.100  3.30894e-27  5.65000e-20  2.41889e-09  1.19022e-08
 2717.200  3.30112e-27  5.65000e-20  2.41098e-09  1.18687e-08
 2717.300  3.29332e-27  5.65000e-20  2.40309e-09  1.18353e-08
 2717.400  3.28551e-27  5.65000e-20  2.39521e-09  1.18018e-08
 2717.500  3.27770e-27  5.65000e-20  2.38734e-09  1.17684e-08
 2717.600  3.26990e-27  5.65000e-20  2.37949e-09  1.17350e-08
 2717.700  3.26208e-27  5.65000e-20  2.37163e-09  1.17016e-08
 2717.800  3.25428e-27  5.65000e-20  2.36379e-09  1.16683e-08
 2717.900  3.24647e-27  5.65000e-20  2.35597e-09  1.16350e-08
 2718.000  3.23867e-27  5.65000e-20  2.34815e-09  1.16017e-08
 2718.100  3.23087e-27  5.65000e-20  2.34034e-09  1.15684e-08
 2718.200  3.18649e-27  5.65000e-20  2.30608e-09  1.14043e-08
 2718.300  3.13985e-27  5.65000e-20  2.27024e-09  1.12322e-08
 2718.400  3.09322e-27  5.65000e-20  2.23446e-09  1.10603e-08
 2718.500  3.04659e-27  5.65000e-20  2.19875e-09  1.08886e-08
 2718.600  2.99996e-27  5.65000e-20  2.16310e-09  1.07170e-08
 2718.700  2.95328e-27  5.65000e-20  2.12747e-09  1.05453e-08
 2718.800  2.90665e-27  5.65000e-20  2.09195e-09  1.03741e-08
 2718.900  2.86004e-27  5.65000e-20  2.05650e-09  1.02030e-08
 2719.000  2.81342e-27  5.65000e-20  2.02111e-09  1.00320e-08
 2719.100  2.76681e-27  5.65000e-20  1.98456e-09  9.85820e-09
 2719.200  2.72015e-27  5.65000e-20  1.94807e-09  9.68444e-09
 2719.300  2.67354e-27  5.65000e-20  1.91174e-09  9.51116e-09
 2719.400  2.62694e-27  5.65000e-20  1.87551e-09  9.33814e-09
 2719.500  2.58035e-27  5.65000e-20  1.83938e-09  9.16538e-09
 2719.600  2.53375e-27  5.65000e-20  1.80336e-09  8.99288e-09
 2719.700  2.49726e-27  5.65000e-20  1.77461e-09  8.85643e-09
 2719.800  2.47357e-27  5.65000e-20  1.75504e-09  8.76560e-09
 2719.900  2.44989e-27  5.65000e-20  1.73552e-09  8.67489e-09
 2720.000  2.42621e-27  5.65000e-20  1.71606e-09  8.58431e-09
 2720.100  2.40253e-27  5.65000e-20  1.69664e-09  8.49386e-09
 2720.200  2.37882e-27  5.65000e-20  1.67726e-09  8.40343e-09
 2720.300  2.35514e-27  5.65000e-20  1.65796e-09  8.31325e-09
 2720.400  2.33147e-27  5.65000e-20  1.63870e-09  8.22320e-09
 2720.500  2.30780e-27  5.65000e-20  1.61950e-09  8.13328e-09
 2720.600  2.28413e-27  5.65000e-20  1.60036e-09  8.04349e-09
 2720.700  2.26043e-27  5.65000e-20  1.58124e-09  7.95372e-09
 2720.800  2.23676e-27  5.65000e-20  1.56221e-09  7.86420e-09
 2720.900  2.21309e-27  5.65000e-20  1.54322e-09  7.77481e-09
 2721.000  2.18943e-27  5.65000e-20  1.52429e-09  7.68554e-09
 2721.100  2.16577e-27  5.65000e-20  1.50524e-09  7.59600e-09
 2721.200  2.14208e-27  5.65000e-20  1.48623e-09  7.50648e-09
 2721.300  2.14614e-27  5.65000e-20  1.48650e-09  7.51428e-09
 2721.400  2.15189e-27  5.65000e-20  1.48792e-09  7.52794e-09
 2721.500  2.15764e-27  5.65000e-20  1.48934e-09  7.54156e-09
 2721.600  2.16339e-27  5.65000e-20  1.49073e-09  7.55514e-09
 2721.700  2.16914e-27  5.65000e-20  1.49212e-09  7.56870e-09
 2721.800  2.17489e-27  5.65000e-20  1.49349e-09  7.58220e-09
 2721.900  2.18064e-27  5.65000e-20  1.49484e-09  7.59565e-09
 2722.000  2.18638e-27  5.65000e-20  1.49618e-09  7.60905e-09
 2722.100  2.19213e-27  5.65000e-20  1.49750e-09  7.62242e-09
 2722.200  2.19788e-27  5.65000e-20  1.49881e-09  7.63576e-09
 2722.300  2.20363e-27  5.65000e-20  1.50011e-09  7.64904e-09
 2722.400  2.20937e-27  5.65000e-20  1.50139e-09  7.66228e-09
 2722.500  2.21512e-27  5.65000e-20  1.50266e-09  7.67547e-09
 2722.600  2.22086e-27  5.65000e-20  1.50391e-09  7.68862e-09
 2722.700  2.22661e-27  5.65000e-20  1.50516e-09  7.70174e-09
 2722.800  2.24357e-27  5.65000e-20  1.51395e-09  7.75357e-09
 2722.900  2.27455e-27  5.65000e-20  1.53214e-09  7.85368e-09
 2723.000  2.30552e-27  5.65000e-20  1.55026e-09  7.95359e-09
 2723.100  2.33649e-27  5.65000e-20  1.56809e-09  8.05273e-09
 2723.200  2.36750e-27  5.65000e-20  1.58585e-09  8.15177e-09
 2723.300  2.39847e-27  5.65000e-20  1.60351e-09  8.25048e-09
 2723.400  2.42944e-27  5.65000e-20  1.62109e-09  8.34896e-09
 2723.500  2.46040e-27  5.65000e-20  1.63859e-09  8.44721e-09
 2723.600  2.49136e-27  5.65000e-20  1.65600e-09  8.54525e-09
 2723.700  2.52236e-27  5.65000e-20  1.67336e-09  8.64318e-09
 2723.800  2.55331e-27  5.65000e-20  1.69062e-09  8.74078e-09
 2723.900  2.58427e-27  5.65000e-20  1.70779e-09  8.83814e-09
 2724.000  2.61522e-27  5.65000e-20  1.72487e-09  8.93528e-09
 2724.100  2.64617e-27  5.65000e-20  1.74188e-09  9.03220e-09
 2724.200  2.67715e-27  5.65000e-20  1.75883e-09  9.12902e-09
 2724.300  2.70810e-27  5.65000e-20  1.77568e-09  9.22549e-09
 2724.400  2.77610e-27  5.65000e-20  1.81669e-09  9.44788e-09
 2724.500  2.84631e-27  5.65000e-20  1.85897e-09  9.67729e-09
 2724.600  2.91652e-27  5.65000e-20  1.90107e-09  9.90620e-09
 2724.700  2.98680e-27  5.65000e-20  1.94303e-09  1.01349e-08
 2724.800  3.05700e-27  5.65000e-20  1.98476e-09  1.03628e-08
 2724.900  3.12719e-27  5.65000e-20  2.02630e-09  1.05902e-08
 2725.000  3.19737e-27  5.65000e-20  2.06766e-09  1.08171e-08
 2725.100  3.26755e-27  5.65000e-20  2.10707e-09  1.10389e-08
 2725.200  3.33781e-27  5.65000e-20  2.14628e-09  1.12603e-08
 2725.300  3.40798e-27  5.65000e-20  2.18518e-09  1.14807e-08
 2725.400  3.47814e-27  5.65000e-20  2.22382e-09  1.17003e-08
 2725.500  3.54830e-27  5.65000e-20  2.26219e-09  1.19193e-08
 2725.600  3.61845e-27  5.65000e-20  2.30030e-09  1.21375e-08
 2725.700  3.68868e-27  5.65000e-20  2.33821e-09  1.23553e-08
 2725.800  3.75883e-27  5.65000e-20  2.37580e-09  1.25721e-08
 2725.900  3.81167e-27  5.65000e-20  2.40224e-09  1.27304e-08
 2726.000  3.84277e-27  5.65000e-20  2.41481e-09  1.28156e-08
 2726.100  3.87388e-27  5.65000e-20  2.42728e-09  1.29006e-08
 2726.200  3.90502e-27  5.65000e-20  2.43964e-09  1.29853e-08
 2726.300  3.93612e-27  5.65000e-20  2.45188e-09  1.30695e-08
 2726.400  3.96722e-27  5.65000e-20  2.46399e-09  1.31534e-08
 2726.500  3.99832e-27  5.65000e-20  2.47599e-09  1.32370e-08
 2726.600  4.02941e-27  5.65000e-20  2.48787e-09  1.33202e-08
 2726.700  4.06054e-27  5.65000e-20  2.49965e-09  1.34032e-08
 2726.800  4.09163e-27  5.65000e-20  2.51131e-09  1.34857e-08
 2726.900  4.12272e-27  5.65000e-20  2.52284e-09  1.35679e-08
 2727.000  4.15380e-27  5.65000e-20  2.53426e-09  1.36497e-08
 2727.100  4.18488e-27  5.65000e-20  2.54371e-09  1.37262e-08
 2727.200  4.21600e-27  5.65000e-20  2.55303e-09  1.38024e-08
 2727.300  4.24708e-27  5.65000e-20  2.56221e-09  1.38780e-08
 2727.400  4.27816e-27  5.65000e-20  2.57123e-09  1.39532e-08
 2727.500  4.28136e-27  5.65000e-20  2.56341e-09  1.39372e-08
 2727.600  4.28293e-27  5.65000e-20  2.55462e-09  1.39158e-08
 2727.700  4.28451e-27  5.65000e-20  2.54580e-09  1.38944e-08
 2727.800  4.28609e-27  5.65000e-20  2.53700e-09  1.38729e-08
 2727.900  4.28767e-27  5.65000e-20  2.52818e-09  1.38513e-08
 2728.000  4.28924e-27  5.65000e-20  2.51935e-09  1.38296e-08
 2728.100  4.29082e-27  5.65000e-20  2.51051e-09  1.38079e-08
 2728.200  4.29240e-27  5.65000e-20  2.50165e-09  1.37860e-08
 2728.300  4.29398e-27  5.65000e-20  2.49280e-09  1.37642e-08
 2728.400  4.29556e-27  5.65000e-20  2.48393e-09  1.37422e-08
 2728.500  4.29713e-27  5.65000e-20  2.47506e-09  1.37201e-08
 2728.600  4.29871e-27  5.65000e-20  2.46618e-09  1.36980e-08
 2728.700  4.30029e-27  5.65000e-20  2.45727e-09  1.36758e-08
 2728.800  4.30186e-27  5.65000e-20  2.44838e-09  1.36535e-08
 2728.900  4.30344e-27  5.65000e-20  2.43947e-09  1.36311e-08
 2729.000  4.31562e-27  5.65000e-20  2.43654e-09  1.36422e-08
 2729.100  4.34106e-27  5.65000e-20  2.44086e-09  1.36945e-08
 2729.200  4.36653e-27  5.65000e-20  2.44506e-09  1.37464e-08
 2729.300  4.39196e-27  5.65000e-20  2.44914e-09  1.37979e-08
 2729.400  4.41740e-27  5.65000e-20  2.45309e-09  1.38489e-08
 2729.500  4.44283e-27  5.65000e-20  2.45693e-09  1.38996e-08
 2729.600  4.46826e-27  5.65000e-20  2.46064e-09  1.39498e-08
 2729.700  4.49371e-27  5.65000e-20  2.46424e-09  1.39997e-08
 2729.800  4.51914e-27  5.65000e-20  2.46772e-09  1.40492e-08
 2729.900  4.54456e-27  5.65000e-20  2.47107e-09  1.40982e-08
 2730.000  4.56998e-27  5.65000e-20  2.47430e-09  1.41468e-08
 2730.100  4.59540e-27  5.65000e-20  2.47741e-09  1.41950e-08
 2730.200  4.62085e-27  5.65000e-20  2.48040e-09  1.42429e-08
 2730.300  4.64627e-27  5.65000e-20  2.48328e-09  1.42903e-08
 2730.400  4.67168e-27  5.65000e-20  2.48603e-09  1.43372e-08
 2730.500  4.69710e-27  5.65000e-20  2.48866e-09  1.43838e-08
 2730.600  4.71291e-27  5.65000e-20  2.48611e-09  1.44006e-08
 2730.700  4.72818e-27  5.65000e-20  2.48318e-09  1.44154e-08
 2730.800  4.74343e-27  5.65000e-20  2.48019e-09  1.44299e-08
 2730.900  4.75867e-27  5.65000e-20  2.47711e-09  1.44441e-08
 2731.000  4.77392e-27  5.65000e-20  2.47397e-09  1.44581e-08
 2731.100  4.78916e-27  5.65000e-20  2.47034e-09  1.44705e-08
 2731.200  4.80442e-27  5.65000e-20  2.46664e-09  1.44827e-08
 2731.300  4.81966e-27  5.65000e-20  2.46287e-09  1.44946e-08
 2731.400  4.83490e-27  5.65000e-20  2.45902e-09  1.45061e-08
 2731.500  4.85014e-27  5.65000e-20  2.45509e-09  1.45173e-08
 2731.600  4.86537e-27  5.65000e-20  2.45109e-09  1.45283e-08
 2731.700  4.88063e-27  5.65000e-20  2.44701e-09  1.45389e-08
 2731.800  4.89586e-27  5.65000e-20  2.44286e-09  1.45492e-08
 2731.900  4.91110e-27  5.65000e-20  2.43863e-09  1.45592e-08
 2732.000  4.92633e-27  5.65000e-20  2.43433e-09  1.45689e-08
 2732.100  4.92688e-27  5.65000e-20  2.42272e-09  1.45349e-08
 2732.200  4.90896e-27  5.65000e-20  2.40207e-09  1.44465e-08
 2732.300  4.89107e-27  5.65000e-20  2.38153e-09  1.43584e-08
 2732.400  4.87317e-27  5.65000e-20  2.36107e-09  1.42704e-08
 2732.500  4.85528e-27  5.65000e-20  2.34070e-09  1.41826e-08
 2732.600  4.83739e-27  5.65000e-20  2.32040e-09  1.40949e-08
 2732.700  4.81948e-27  5.65000e-20  2.30018e-09  1.40074e-08
 2732.800  4.80160e-27  5.65000e-20  2.28007e-09  1.39201e-08
 2732.900  4.78371e-27  5.65000e-20  2.26003e-09  1.38330e-08
 2733.000  4.76582e-27  5.65000e-20  2.24008e-09  1.37460e-08
 2733.100  4.74794e-27  5.65000e-20  2.22034e-09  1.36596e-08
 2733.200  4.73004e-27  5.65000e-20  2.20066e-09  1.35733e-08
 2733.300  4.71216e-27  5.65000e-20  2.18109e-09  1.34872e-08
 2733.400  4.69428e-27  5.65000e-20  2.16160e-09  1.34013e-08
 2733.500  4.67640e-27  5.65000e-20  2.14220e-09  1.33156e-08
 2733.600  4.65852e-27  5.65000e-20  2.12288e-09  1.32301e-08
 2733.700  4.62485e-27  5.65000e-20  2.09647e-09  1.30999e-08
 2733.800  4.59026e-27  5.65000e-20  2.06983e-09  1.29677e-08
 2733.900  4.55568e-27  5.65000e-20  2.04334e-09  1.28358e-08
 2734.000  4.52110e-27  5.65000e-20  2.01702e-09  1.27044e-08
 2734.100  4.48652e-27  5.65000e-20  1.99087e-09  1.25734e-08
 2734.200  4.45190e-27  5.65000e-20  1.96484e-09  1.24426e-08
 2734.300  4.41732e-27  5.65000e-20  1.93903e-09  1.23125e-08
 2734.400  4.38275e-27  5.65000e-20  1.91337e-09  1.21828e-08
 2734.500  4.34818e-27  5.65000e-20  1.88787e-09  1.20536e-08
 2734.600  4.31361e-27  5.65000e-20  1.86254e-09  1.19247e-08
 2734.700  4.27901e-27  5.65000e-20  1.83735e-09  1.17962e-08
 2734.800  4.24444e-27  5.65000e-20  1.81235e-09  1.16683e-08
 2734.900  4.20988e-27  5.65000e-20  1.78752e-09  1.15408e-08
 2735.000  4.17533e-27  5.65000e-20  1.76285e-09  1.14138e-08
 2735.100  4.14077e-27  5.65000e-20  1.73845e-09  1.12875e-08
 2735.200  4.12200e-27  5.65000e-20  1.72080e-09  1.12046e-08
 2735.300  4.12296e-27  5.65000e-20  1.71144e-09  1.11754e-08
 2735.400  4.12392e-27  5.65000e-20  1.70207e-09  1.11460e-08
 2735.500  4.12488e-27  5.65000e-20  1.69269e-09  1.11166e-08
 2735.600  4.12584e-27  5.65000e-20  1.68331e-09  1.10870e-08
 2735.700  4.12680e-27  5.65000e-20  1.67391e-09  1.10573e-08
 2735.800  4.12776e-27  5.65000e-20  1.66452e-09  1.10275e-08
 2735.900  4.12872e-27  5.65000e-20  1.65512e-09  1.09976e-08
 2736.000  4.12967e-27  5.65000e-20  1.64571e-09  1.09676e-08
 2736.100  4.13063e-27  5.65000e-20  1.63629e-09  1.09374e-08
 2736.200  4.13159e-27  5.65000e-20  1.62686e-09  1.09071e-08
 2736.300  4.13255e-27  5.65000e-20  1.61744e-09  1.08768e-08
 2736.400  4.13351e-27  5.65000e-20  1.60801e-09  1.08463e-08
 2736.500  4.13447e-27  5.65000e-20  1.59857e-09  1.08156e-08
 2736.600  4.13542e-27  5.65000e-20  1.58913e-09  1.07849e-08
 2736.700  4.13638e-27  5.65000e-20  1.57967e-09  1.07540e-08
 2736.800  4.12870e-27  5.65000e-20  1.56694e-09  1.07006e-08
 2736.900  4.12052e-27  5.65000e-20  1.55405e-09  1.06460e-08
 2737.000  4.11235e-27  5.65000e-20  1.54120e-09  1.05913e-08
 2737.100  4.10417e-27  5.65000e-20  1.52850e-09  1.05371e-08
 2737.200  4.09598e-27  5.65000e-20  1.51583e-09  1.04829e-08
 2737.300  4.08780e-27  5.65000e-20  1.50321e-09  1.04287e-08
 2737.400  4.07963e-27  5.65000e-20  1.49063e-09  1.03746e-08
 2737.500  4.07145e-27  5.65000e-20  1.47808e-09  1.03205e-08
 2737.600  4.06327e-27  5.65000e-20  1.46556e-09  1.02664e-08
 2737.700  4.05509e-27  5.65000e-20  1.45308e-09  1.02122e-08
 2737.800  4.04692e-27  5.65000e-20  1.44065e-09  1.01582e-08
 2737.900  4.03874e-27  5.65000e-20  1.42825e-09  1.01042e-08
 2738.000  4.03057e-27  5.65000e-20  1.41588e-09  1.00501e-08
 2738.100  4.02240e-27  5.65000e-20  1.40356e-09  9.99615e-09
 2738.200  4.01421e-27  5.65000e-20  1.39125e-09  9.94212e-09
 2738.300  4.01547e-27  5.65000e-20  1.38226e-09  9.91147e-09
 2738.400  4.02851e-27  5.65000e-20  1.37727e-09  9.90964e-09
 2738.500  4.04156e-27  5.65000e-20  1.37222e-09  9.90746e-09
 2738.600  4.05460e-27  5.65000e-20  1.36711e-09  9.90493e-09
 2738.700  4.06765e-27  5.65000e-20  1.36193e-09  9.90206e-09
 2738.800  4.08069e-27  5.65000e-20  1.35671e-09  9.89886e-09
 2738.900  4.09373e-27  5.65000e-20  1.35141e-09  9.89528e-09
 2739.000  4.10676e-27  5.65000e-20  1.34604e-09  9.89134e-09
 2739.100  4.11980e-27  5.65000e-20  1.34074e-09  9.88748e-09
 2739.200  4.13285e-27  5.65000e-20  1.33536e-09  9.88327e-09
 2739.300  4.14588e-27  5.65000e-20  1.32994e-09  9.87873e-09
 2739.400  4.15892e-27  5.65000e-20  1.32445e-09  9.87379e-09
 2739.500  4.17195e-27  5.65000e-20  1.31890e-09  9.86849e-09
 2739.600  4.18498e-27  5.65000e-20  1.31328e-09  9.86282e-09
 2739.700  4.19802e-27  5.65000e-20  1.30759e-09  9.85677e-09
 2739.800  4.21105e-27  5.65000e-20  1.30186e-09  9.85040e-09
 2739.900  4.20846e-27  5.65000e-20  1.29127e-09  9.80721e-09
 2740.000  4.20495e-27  5.65000e-20  1.28040e-09  9.76178e-09
 2740.100  4.20143e-27  5.65000e-20  1.26955e-09  9.71625e-09
 2740.200  4.19791e-27  5.65000e-20  1.25870e-09  9.67060e-09
 2740.300  4.19440e-27  5.65000e-20  1.24788e-09  9.62493e-09
 2740.400  4.19088e-27  5.65000e-20  1.23708e-09  9.57915e-09
 2740.500  4.18737e-27  5.65000e-20  1.22628e-09  9.53327e-09
 2740.600  4.18385e-27  5.65000e-20  1.21551e-09  9.48730e-09
 2740.700  4.18033e-27  5.65000e-20  1.20473e-09  9.44119e-09
 2740.800  4.17682e-27  5.65000e-20  1.19400e-09  9.39507e-09
 2740.900  4.17331e-27  5.65000e-20  1.18326e-09  9.34881e-09
 2741.000  4.16979e-27  5.65000e-20  1.17254e-09  9.30246e-09
 2741.100  4.16628e-27  5.65000e-20  1.16197e-09  9.25651e-09
 2741.200  4.16276e-27  5.65000e-20  1.15140e-09  9.21041e-09
 2741.300  4.15925e-27  5.65000e-20  1.14086e-09  9.16430e-09
 2741.400  4.15280e-27  5.65000e-20  1.12953e-09  9.11161e-09
 2741.500  4.14267e-27  5.65000e-20  1.11724e-09  9.05083e-09
 2741.600  4.13254e-27  5.65000e-20  1.10499e-09  8.99006e-09
 2741.700  4.12240e-27  5.65000e-20  1.09277e-09  8.92925e-09
 2741.800  4.11227e-27  5.65000e-20  1.08062e-09  8.86855e-09
 2741.900  4.10214e-27  5.65000e-20  1.06851e-09  8.80784e-09
 2742.000  4.09201e-27  5.65000e-20  1.05644e-09  8.74714e-09
 2742.100  4.08188e-27  5.65000e-20  1.04442e-09  8.68646e-09
 2742.200  4.07174e-27  5.65000e-20  1.03243e-09  8.62573e-09
 2742.300  4.06162e-27  5.65000e-20  1.02051e-09  8.56511e-09
 2742.400  4.05149e-27  5.65000e-20  1.00862e-09  8.50447e-09
 2742.500  4.04137e-27  5.65000e-20  9.96779e-10  8.44383e-09
 2742.600  4.03125e-27  5.65000e-20  9.84985e-10  8.38321e-09
 2742.700  4.02111e-27  5.65000e-20  9.73223e-10  8.32252e-09
 2742.800  4.01099e-27  5.65000e-20  9.61529e-10  8.26195e-09
 2742.900  4.00087e-27  5.65000e-20  9.49871e-10  8.20135e-09
 2743.000  4.03738e-27  5.65000e-20  9.49223e-10  8.23588e-09
 2743.100  4.07673e-27  5.65000e-20  1.04632e-09  8.68889e-09
 2743.200  4.11613e-27  5.65000e-20  1.14523e-09  9.13411e-09
 2743.300  4.15547e-27  5.65000e-20  1.24566e-09  9.57161e-09
 2743.400  4.19482e-27  5.65000e-20  1.34788e-09  1.00036e-08
 2743.500  4.23416e-27  5.65000e-20  1.45181e-09  1.04307e-08
 2743.600  4.27349e-27  5.65000e-20  1.55745e-09  1.08536e-08
 2743.700  4.31287e-27  5.65000e-20  1.66491e-09  1.12734e-08
 2743.800  4.35221e-27  5.65000e-20  1.77388e-09  1.16894e-08
 2743.900  4.39153e-27  5.65000e-20  1.88465e-09  1.21032e-08
 2744.000  4.43086e-27  5.65000e-20  1.99713e-09  1.25148e-08
 2744.100  4.47018e-27  5.65000e-20  2.11132e-09  1.29245e-08
 2744.200  4.50955e-27  5.65000e-20  2.22734e-09  1.33332e-08
 2744.300  4.54886e-27  5.65000e-20  2.34485e-09  1.37399e-08
 2744.400  4.58818e-27  5.65000e-20  2.46417e-09  1.41459e-08
 2744.500  4.62898e-27  5.65000e-20  2.58603e-09  1.45558e-08
 2744.600  4.67166e-27  5.65000e-20  2.71076e-09  1.49712e-08
 2744.700  4.71439e-27  5.65000e-20  2.83748e-09  1.53870e-08
 2744.800  4.75706e-27  5.65000e-20  2.96582e-09  1.58022e-08
 2744.900  4.79973e-27  5.65000e-20  3.09612e-09  1.62178e-08
 2745.000  4.84240e-27  5.65000e-20  3.22828e-09  1.66338e-08
 2745.100  4.88506e-27  5.65000e-20  3.26320e-09  1.67970e-08
 2745.200  4.92777e-27  5.65000e-20  3.29827e-09  1.69607e-08
 2745.300  4.97043e-27  5.65000e-20  3.33341e-09  1.71245e-08
 2745.400  5.01308e-27  5.65000e-20  3.36867e-09  1.72885e-08
 2745.500  5.05574e-27  5.65000e-20  3.40403e-09  1.74528e-08
 2745.600  5.09838e-27  5.65000e-20  3.43952e-09  1.76174e-08
 2745.700  5.14108e-27  5.65000e-20  3.47515e-09  1.77824e-08
 2745.800  5.18372e-27  5.65000e-20  3.51085e-09  1.79474e-08
 2745.900  5.22636e-27  5.65000e-20  3.54667e-09  1.81128e-08
 2746.000  5.26900e-27  5.65000e-20  3.58260e-09  1.82784e-08
 2746.100  5.30443e-27  5.65000e-20  3.61373e-09  1.84193e-08
 2746.200  5.33943e-27  5.65000e-20  3.64468e-09  1.85589e-08
 2746.300  5.37439e-27  5.65000e-20  3.67567e-09  1.86986e-08
 2746.400  5.40935e-27  5.65000e-20  3.70677e-09  1.88385e-08
 2746.500  5.44430e-27  5.65000e-20  3.73796e-09  1.89786e-08
 2746.600  5.47926e-27  5.65000e-20  3.76924e-09  1.91189e-08
 2746.700  5.51425e-27  5.65000e-20  3.80064e-09  1.92596e-08
 2746.800  5.54920e-27  5.65000e-20  3.83210e-09  1.94003e-08
 2746.900  5.58414e-27  5.65000e-20  3.86366e-09  1.95413e-08
 2747.000  5.61908e-27  5.65000e-20  3.89530e-09  1.96824e-08
 2747.100  5.65402e-27  5.65000e-20  3.92688e-09  1.98234e-08
 2747.200  5.68900e-27  5.65000e-20  3.95859e-09  1.99647e-08
 2747.300  5.72393e-27  5.65000e-20  3.99034e-09  2.01061e-08
 2747.400  5.75887e-27  5.65000e-20  4.02219e-09  2.02477e-08
 2747.500  5.79379e-27  5.65000e-20  4.05413e-09  2.03895e-08
 2747.600  5.82184e-27  5.65000e-20  4.08133e-09  2.05072e-08
 2747.700  5.84110e-27  5.65000e-20  4.10245e-09  2.05942e-08
 2747.800  5.86032e-27  5.65000e-20  4.12358e-09  2.06811e-08
 2747.900  5.87955e-27  5.65000e-20  4.14477e-09  2.07682e-08
 2748.000  5.89878e-27  5.65000e-20  4.16601e-09  2.08553e-08
 2748.100  5.91800e-27  5.65000e-20  4.18730e-09  2.09426e-08
 2748.200  5.93725e-27  5.65000e-20  4.20866e-09  2.10301e-08
 2748.300  5.95647e-27  5.65000e-20  4.23004e-09  2.11175e-08
 2748.400  5.97569e-27  5.65000e-20  4.25148e-09  2.12051e-08
 2748.500  5.99491e-27  5.65000e-20  4.27297e-09  2.12928e-08
 2748.600  6.01413e-27  5.65000e-20  4.29451e-09  2.13806e-08
 2748.700  6.03337e-27  5.65000e-20  4.31613e-09  2.14686e-08
 2748.800  6.05258e-27  5.65000e-20  4.33776e-09  2.15565e-08
 2748.900  6.07180e-27  5.65000e-20  4.35945e-09  2.16446e-08
 2749.000  6.09101e-27  5.65000e-20  4.38120e-09  2.17329e-08
 2749.100  6.11022e-27  5.65000e-20  4.40281e-09  2.18207e-08
 2749.200  6.06949e-27  5.65000e-20  4.38122e-09  2.16945e-08
 2749.300  6.02483e-27  5.65000e-20  4.35668e-09  2.15539e-08
 2749.400  5.98019e-27  5.65000e-20  4.33203e-09  2.14131e-08
 2749.500  5.93554e-27  5.65000e-20  4.30727e-09  2.12719e-08
 2749.600  5.89090e-27  5.65000e-20  4.28240e-09  2.11305e-08
 2749.700  5.84620e-27  5.65000e-20  4.25738e-09  2.09886e-08
 2749.800  5.80157e-27  5.65000e-20  4.23229e-09  2.08466e-08
 2749.900  5.75694e-27  5.65000e-20  4.20708e-09  2.07044e-08
 2750.000  5.71231e-27  5.65000e-20  4.18177e-09  2.05618e-08
 2750.100  5.66768e-27  5.65000e-20  4.15635e-09  2.04190e-08
 2750.200  5.62300e-27  5.65000e-20  4.13078e-09  2.02757e-08
 2750.300  5.57838e-27  5.65000e-20  4.10513e-09  2.01323e-08
 2750.400  5.53377e-27  5.65000e-20  4.07937e-09  1.99886e-08
 2750.500  5.48915e-27  5.65000e-20  4.05351e-09  1.98447e-08
 2750.600  5.44454e-27  5.65000e-20  4.02753e-09  1.97004e-08
 2750.700  5.42557e-27  5.65000e-20  4.02044e-09  1.96488e-08
 2750.800  5.43956e-27  5.65000e-20  4.03776e-09  1.97164e-08
 2750.900  5.45355e-27  5.65000e-20  4.05513e-09  1.97842e-08
 2751.000  5.46754e-27  5.65000e-20  4.07253e-09  1.98520e-08
 2751.100  5.48152e-27  5.65000e-20  4.08980e-09  1.99194e-08
 2751.200  5.49553e-27  5.65000e-20  4.10712e-09  1.99871e-08
 2751.300  5.50951e-27  5.65000e-20  4.12446e-09  2.00547e-08
 2751.400  5.52350e-27  5.65000e-20  4.14183e-09  2.01224e-08
 2751.500  5.53748e-27  5.65000e-20  4.15924e-09  2.01901e-08
 2751.600  5.55146e-27  5.65000e-20  4.17669e-09  2.02580e-08
 2751.700  5.56546e-27  5.65000e-20  4.19419e-09  2.03259e-08
 2751.800  5.57944e-27  5.65000e-20  4.21170e-09  2.03939e-08
 2751.900  5.59342e-27  5.65000e-20  4.22925e-09  2.04619e-08
 2752.000  5.60740e-27  5.65000e-20  4.24684e-09  2.05300e-08
 2752.100  5.62138e-27  5.65000e-20  4.26446e-09  2.05982e-08
 2752.200  5.63537e-27  5.65000e-20  4.28214e-09  2.06665e-08
 2752.300  5.62378e-27  5.65000e-20  4.28036e-09  2.06410e-08
 2752.400  5.61048e-27  5.65000e-20  4.27727e-09  2.06091e-08
 2752.500  5.59719e-27  5.65000e-20  4.27415e-09  2.05772e-08
 2752.600  5.58390e-27  5.65000e-20  4.27099e-09  2.05451e-08
 2752.700  5.57059e-27  5.65000e-20  4.26780e-09  2.05130e-08
 2752.800  5.55730e-27  5.65000e-20  4.26457e-09  2.04807e-08
 2752.900  5.54401e-27  5.65000e-20  4.26132e-09  2.04484e-08
 2753.000  5.53073e-27  5.65000e-20  4.25804e-09  2.04161e-08
 2753.100  5.51744e-27  5.65000e-20  4.25457e-09  2.03832e-08
 2753.200  5.50414e-27  5.65000e-20  4.25107e-09  2.03502e-08
 2753.300  5.49085e-27  5.65000e-20  4.24753e-09  2.03172e-08
 2753.400  5.47757e-27  5.65000e-20  4.24397e-09  2.02841e-08
 2753.500  5.46429e-27  5.65000e-20  4.24038e-09  2.02509e-08
 2753.600  5.45101e-27  5.65000e-20  4.23676e-09  2.02177e-08
 2753.700  5.43771e-27  5.65000e-20  4.23310e-09  2.01843e-08
 2753.800  5.41926e-27  5.65000e-20  4.22537e-09  2.01316e-08
 2753.900  5.39407e-27  5.65000e-20  4.21235e-09  2.00538e-08
 2754.000  5.36889e-27  5.65000e-20  4.19928e-09  1.99759e-08
 2754.100  5.34372e-27  5.65000e-20  4.18614e-09  1.98978e-08
 2754.200  5.31851e-27  5.65000e-20  4.17293e-09  1.98194e-08
 2754.300  5.29334e-27  5.65000e-20  4.15967e-09  1.97410e-08
 2754.400  5.26816e-27  5.65000e-20  4.14635e-09  1.96625e-08
 2754.500  5.24299e-27  5.65000e-20  4.13298e-09  1.95838e-08
 2754.600  5.21782e-27  5.65000e-20  4.11955e-09  1.95050e-08
 2754.700  5.19263e-27  5.65000e-20  4.10604e-09  1.94259e-08
 2754.800  5.16746e-27  5.65000e-20  4.09248e-09  1.93467e-08
 2754.900  5.14230e-27  5.65000e-20  4.07887e-09  1.92674e-08
 2755.000  5.11713e-27  5.65000e-20  4.06519e-09  1.91880e-08
 2755.100  5.09197e-27  5.65000e-20  4.04843e-09  1.91013e-08
 2755.200  5.06679e-27  5.65000e-20  4.03161e-09  1.90143e-08
 2755.300  5.04163e-27  5.65000e-20  4.01477e-09  1.89274e-08
 2755.400  5.05341e-27  5.65000e-20  4.02735e-09  1.89792e-08
 2755.500  5.06779e-27  5.65000e-20  4.04202e-09  1.90408e-08
 2755.600  5.08217e-27  5.65000e-20  4.05670e-09  1.91024e-08
 2755.700  5.09657e-27  5.65000e-20  4.07142e-09  1.91641e-08
 2755.800  5.11095e-27  5.65000e-20  4.08614e-09  1.92257e-08
 2755.900  5.12533e-27  5.65000e-20  4.10088e-09  1.92875e-08
 2756.000  5.13971e-27  5.65000e-20  4.11564e-09  1.93492e-08
 2756.100  5.15408e-27  5.65000e-20  4.13041e-09  1.94110e-08
 2756.200  5.16848e-27  5.65000e-20  4.14522e-09  1.94729e-08
 2756.300  5.18285e-27  5.65000e-20  4.16003e-09  1.95348e-08
 2756.400  5.19722e-27  5.65000e-20  4.17486e-09  1.95967e-08
 2756.500  5.21160e-27  5.65000e-20  4.18970e-09  1.96586e-08
 2756.600  5.22597e-27  5.65000e-20  4.20457e-09  1.97206e-08
 2756.700  5.24036e-27  5.65000e-20  4.21947e-09  1.97827e-08
 2756.800  5.25473e-27  5.65000e-20  4.23436e-09  1.98447e-08
 2756.900  5.25906e-27  5.65000e-20  4.24119e-09  1.98689e-08
 2757.000  5.25029e-27  5.65000e-20  4.23744e-09  1.98436e-08
 2757.100  5.24152e-27  5.65000e-20  4.22671e-09  1.98019e-08
 2757.200  5.23274e-27  5.65000e-20  4.21598e-09  1.97601e-08
 2757.300  5.22398e-27  5.65000e-20  4.20528e-09  1.97185e-08
 2757.400  5.21521e-27  5.65000e-20  4.19458e-09  1.96769e-08
 2757.500  5.20644e-27  5.65000e-20  4.18390e-09  1.96353e-08
 2757.600  5.19767e-27  5.65000e-20  4.17323e-09  1.95937e-08
 2757.700  5.18890e-27  5.65000e-20  4.16256e-09  1.95521e-08
 2757.800  5.18013e-27  5.65000e-20  4.15192e-09  1.95106e-08
 2757.900  5.17137e-27  5.65000e-20  4.14128e-09  1.94691e-08
 2758.000  5.16260e-27  5.65000e-20  4.13066e-09  1.94276e-08
 2758.100  5.15384e-27  5.65000e-20  4.12005e-09  1.93862e-08
 2758.200  5.14506e-27  5.65000e-20  4.10944e-09  1.93447e-08
 2758.300  5.13630e-27  5.65000e-20  4.09886e-09  1.93033e-08
 2758.400  5.12754e-27  5.65000e-20  4.08828e-09  1.92620e-08
 2758.500  5.09594e-27  5.65000e-20  4.05953e-09  1.91349e-08
 2758.600  5.06263e-27  5.65000e-20  4.02946e-09  1.90015e-08
 2758.700  5.02928e-27  5.65000e-20  3.99940e-09  1.88680e-08
 2758.800  4.99598e-27  5.65000e-20  3.96943e-09  1.87348e-08
 2758.900  4.96268e-27  5.65000e-20  3.93950e-09  1.86018e-08
 2759.000  4.92938e-27  5.65000e-20  3.90962e-09  1.84688e-08
 2759.100  4.89608e-27  5.65000e-20  3.87971e-09  1.83358e-08
 2759.200  4.86275e-27  5.65000e-20  3.84980e-09  1.82027e-08
 2759.300  4.82946e-27  5.65000e-20  3.81999e-09  1.80699e-08
 2759.400  4.79617e-27  5.65000e-20  3.79022e-09  1.79372e-08
 2759.500  4.76288e-27  5.65000e-20  3.76050e-09  1.78047e-08
 2759.600  4.72960e-27  5.65000e-20  3.73083e-09  1.76722e-08
 2759.700  4.69628e-27  5.65000e-20  3.70117e-09  1.75397e-08
 2759.800  4.66300e-27  5.65000e-20  3.67161e-09  1.74075e-08
 2759.900  4.62972e-27  5.65000e-20  3.64208e-09  1.72754e-08
 2760.000  4.62936e-27  5.65000e-20  3.63847e-09  1.72662e-08
 2760.100  4.67265e-27  5.65000e-20  3.66915e-09  1.74197e-08
 2760.200  4.71599e-27  5.65000e-20  3.69980e-09  1.75732e-08
 2760.300  4.75928e-27  5.65000e-20  3.73034e-09  1.77264e-08
 2760.400  4.80256e-27  5.65000e-20  3.76082e-09  1.78794e-08
 2760.500  4.84585e-27  5.65000e-20  3.79123e-09  1.80323e-08
 2760.600  4.88912e-27  5.65000e-20  3.82158e-09  1.81850e-08
 2760.700  4.93245e-27  5.65000e-20  3.85190e-09  1.83377e-08
 2760.800  4.97572e-27  5.65000e-20  3.88213e-09  1.84901e-08
 2760.900  5.01899e-27  5.65000e-20  3.91228e-09  1.86423e-08
 2761.000  5.06226e-27  5.65000e-20  3.94237e-09  1.87943e-08
 2761.100  5.10552e-27  5.65000e-20  3.97685e-09  1.89568e-08
 2761.200  5.14883e-27  5.65000e-20  4.01140e-09  1.91196e-08
 2761.300  5.19209e-27  5.65000e-20  4.04591e-09  1.92821e-08
 2761.400  5.23534e-27  5.65000e-20  4.08043e-09  1.94447e-08
 2761.500  5.27859e-27  5.65000e-20  4.11496e-09  1.96073e-08
 2761.600  5.25589e-27  5.65000e-20  4.09809e-09  1.95249e-08
 2761.700  5.22795e-27  5.65000e-20  4.07712e-09  1.94231e-08
 2761.800  5.20005e-27  5.65000e-20  4.05618e-09  1.93214e-08
 2761.900  5.17215e-27  5.65000e-20  4.03522e-09  1.92196e-08
 2762.000  5.14425e-27  5.65000e-20  4.01426e-09  1.91179e-08
 2762.100  5.11635e-27  5.65000e-20  3.99329e-09  1.90161e-08
 2762.200  5.08842e-27  5.65000e-20  3.97228e-09  1.89142e-08
 2762.300  5.06053e-27  5.65000e-20  3.95130e-09  1.88124e-08
 2762.400  5.03263e-27  5.65000e-20  3.93031e-09  1.87106e-08
 2762.500  5.00474e-27  5.65000e-20  3.90931e-09  1.86087e-08
 2762.600  4.97686e-27  5.65000e-20  3.88830e-09  1.85069e-08
 2762.700  4.94894e-27  5.65000e-20  3.86727e-09  1.84049e-08
 2762.800  4.92105e-27  5.65000e-20  3.84625e-09  1.83030e-08
 2762.900  4.89317e-27  5.65000e-20  3.82522e-09  1.82012e-08
 2763.000  4.86529e-27  5.65000e-20  3.80419e-09  1.80993e-08
 2763.100  4.85621e-27  5.65000e-20  3.80204e-09  1.80773e-08
 2763.200  4.87248e-27  5.65000e-20  3.81974e-09  1.81496e-08
 2763.300  4.88872e-27  5.65000e-20  3.83745e-09  1.82219e-08
 2763.400  4.90496e-27  5.65000e-20  3.85519e-09  1.82943e-08
 2763.500  4.92119e-27  5.65000e-20  3.87297e-09  1.83668e-08
 2763.600  4.93743e-27  5.65000e-20  3.89079e-09  1.84393e-08
 2763.700  4.95369e-27  5.65000e-20  3.90865e-09  1.85120e-08
 2763.800  4.96992e-27  5.65000e-20  3.92652e-09  1.85847e-08
 2763.900  4.98615e-27  5.65000e-20  3.94444e-09  1.86574e-08
 2764.000  5.00239e-27  5.65000e-20  3.96238e-09  1.87302e-08
 2764.100  5.01862e-27  5.65000e-20  3.98036e-09  1.88031e-08
 2764.200  5.03487e-27  5.65000e-20  3.99839e-09  1.88761e-08
 2764.300  5.05110e-27  5.65000e-20  4.01642e-09  1.89491e-08
 2764.400  5.06732e-27  5.65000e-20  4.03450e-09  1.90222e-08
 2764.500  5.08355e-27  5.65000e-20  4.05261e-09  1.90953e-08
 2764.600  5.09977e-27  5.65000e-20  4.07075e-09  1.91685e-08
 2764.700  5.14149e-27  5.65000e-20  4.10930e-09  1.93377e-08
 2764.800  5.18527e-27  5.65000e-20  4.14958e-09  1.95148e-08
 2764.900  5.22904e-27  5.65000e-20  4.18995e-09  1.96921e-08
 2765.000  5.27281e-27  5.65000e-20  4.23041e-09  1.98696e-08
 2765.100  5.31658e-27  5.65000e-20  4.27080e-09  2.00469e-08
 2765.200  5.36040e-27  5.65000e-20  4.31131e-09  2.02246e-08
 2765.300  5.40416e-27  5.65000e-20  4.35186e-09  2.04022e-08
 2765.400  5.44792e-27  5.65000e-20  4.39250e-09  2.05801e-08
 2765.500  5.49168e-27  5.65000e-20  4.43322e-09  2.07581e-08
 2765.600  5.53543e-27  5.65000e-20  4.47403e-09  2.09363e-08
 2765.700  5.57923e-27  5.65000e-20  4.51497e-09  2.11150e-08
 2765.800  5.62298e-27  5.65000e-20  4.55594e-09  2.12936e-08
 2765.900  5.66672e-27  5.65000e-20  4.59701e-09  2.14723e-08
 2766.000  5.71046e-27  5.65000e-20  4.63815e-09  2.16513e-08
 2766.100  5.75420e-27  5.65000e-20  4.67939e-09  2.18304e-08
 2766.200  5.77483e-27  5.65000e-20  4.70190e-09  2.19221e-08
 2766.300  5.76359e-27  5.65000e-20  4.69846e-09  2.18927e-08
 2766.400  5.75235e-27  5.65000e-20  4.69501e-09  2.18633e-08
 2766.500  5.74111e-27  5.65000e-20  4.69153e-09  2.18339e-08
 2766.600  5.72988e-27  5.65000e-20  4.68804e-09  2.18044e-08
 2766.700  5.71863e-27  5.65000e-20  4.68452e-09  2.17748e-08
 2766.800  5.70739e-27  5.65000e-20  4.68098e-09  2.17452e-08
 2766.900  5.69616e-27  5.65000e-20  4.67742e-09  2.17155e-08
 2767.000  5.68492e-27  5.65000e-20  4.67384e-09  2.16858e-08
 2767.100  5.67369e-27  5.65000e-20  4.67009e-09  2.16557e-08
 2767.200  5.66244e-27  5.65000e-20  4.66632e-09  2.16254e-08
 2767.300  5.65121e-27  5.65000e-20  4.66253e-09  2.15952e-08
 2767.400  5.63998e-27  5.65000e-20  4.65872e-09  2.15649e-08
 2767.500  5.62875e-27  5.65000e-20  4.65489e-09  2.15346e-08
 2767.600  5.61752e-27  5.65000e-20  4.65104e-09  2.15042e-08
 2767.700  5.60628e-27  5.65000e-20  4.64717e-09  2.14737e-08
 2767.800  5.59740e-27  5.65000e-20  4.64523e-09  2.14522e-08
 2767.900  5.58873e-27  5.65000e-20  4.64344e-09  2.14315e-08
 2768.000  5.58006e-27  5.65000e-20  4.64164e-09  2.14107e-08
 2768.100  5.57139e-27  5.65000e-20  4.63982e-09  2.13899e-08
 2768.200  5.56271e-27  5.65000e-20  4.63799e-09  2.13690e-08
 2768.300  5.55404e-27  5.65000e-20  4.63614e-09  2.13481e-08
 2768.400  5.54537e-27  5.65000e-20  4.63427e-09  2.13271e-08
 2768.500  5.53670e-27  5.65000e-20  4.63240e-09  2.13061e-08
 2768.600  5.52803e-27  5.65000e-20  4.63050e-09  2.12851e-08
 2768.700  5.51936e-27  5.65000e-20  4.62859e-09  2.12640e-08
 2768.800  5.51069e-27  5.65000e-20  4.62666e-09  2.12428e-08
 2768.900  5.50203e-27  5.65000e-20  4.62472e-09  2.12217e-08
 2769.000  5.49336e-27  5.65000e-20  4.62276e-09  2.12005e-08
 2769.100  5.48470e-27  5.65000e-20  4.61150e-09  2.11579e-08
 2769.200  5.47602e-27  5.65000e-20  4.60024e-09  2.11154e-08
 2769.300  5.46542e-27  5.65000e-20  4.58737e-09  2.10654e-08
 2769.400  5.45211e-27  5.65000e-20  4.57225e-09  2.10050e-08
 2769.500  5.43880e-27  5.65000e-20  4.55715e-09  2.09447e-08
 2769.600  5.42549e-27  5.65000e-20  4.54207e-09  2.08844e-08
 2769.700  5.41216e-27  5.65000e-20  4.52699e-09  2.08241e-08
 2769.800  5.39886e-27  5.65000e-20  4.51195e-09  2.07639e-08
 2769.900  5.38555e-27  5.65000e-20  4.49692e-09  2.07037e-08
 2770.000  5.37225e-27  5.65000e-20  4.48192e-09  2.06436e-08
 2770.100  5.35894e-27  5.65000e-20  4.46693e-09  2.05835e-08
 2770.200  5.34562e-27  5.65000e-20  4.45195e-09  2.05234e-08
 2770.300  5.33232e-27  5.65000e-20  4.43700e-09  2.04635e-08
 2770.400  5.31902e-27  5.65000e-20  4.42208e-09  2.04035e-08
 2770.500  5.30572e-27  5.65000e-20  4.40717e-09  2.03436e-08
 2770.600  5.29242e-27  5.65000e-20  4.39228e-09  2.02837e-08
 2770.700  5.27911e-27  5.65000e-20  4.37740e-09  2.02239e-08
 2770.800  5.26581e-27  5.65000e-20  4.36255e-09  2.01641e-08
 2770.900  5.31003e-27  5.65000e-20  4.39533e-09  2.03245e-08
 2771.000  5.35962e-27  5.65000e-20  4.43249e-09  2.05053e-08
 2771.100  5.40921e-27  5.65000e-20  4.46601e-09  2.06777e-08
 2771.200  5.45885e-27  5.65000e-20  4.49944e-09  2.08500e-08
 2771.300  5.50843e-27  5.65000e-20  4.53269e-09  2.10217e-08
 2771.400  5.55801e-27  5.65000e-20  4.56579e-09  2.11930e-08
 2771.500  5.60758e-27  5.65000e-20  4.59875e-09  2.13641e-08
 2771.600  5.65715e-27  5.65000e-20  4.63157e-09  2.15347e-08
 2771.700  5.70678e-27  5.65000e-20  4.66429e-09  2.17052e-08
 2771.800  5.75634e-27  5.65000e-20  4.69684e-09  2.18752e-08
 2771.900  5.80590e-27  5.65000e-20  4.72923e-09  2.20448e-08
 2772.000  5.85545e-27  5.65000e-20  4.76149e-09  2.22140e-08
 2772.100  5.90500e-27  5.65000e-20  4.79360e-09  2.23829e-08
 2772.200  5.95461e-27  5.65000e-20  4.82561e-09  2.25517e-08
 2772.300  6.00416e-27  5.65000e-20  4.85745e-09  2.27199e-08
 2772.400  6.03403e-27  5.65000e-20  4.87326e-09  2.28134e-08
 2772.500  6.03607e-27  5.65000e-20  4.86653e-09  2.28015e-08
 2772.600  6.03811e-27  5.65000e-20  4.85980e-09  2.27895e-08
 2772.700  6.04014e-27  5.65000e-20  4.85306e-09  2.27776e-08
 2772.800  6.04218e-27  5.65000e-20  4.84632e-09  2.27656e-08
 2772.900  6.04421e-27  5.65000e-20  4.83957e-09  2.27535e-08
 2773.000  6.04625e-27  5.65000e-20  4.83281e-09  2.27415e-08
 2773.100  6.04828e-27  5.65000e-20  4.82560e-09  2.27283e-08
 2773.200  6.05032e-27  5.65000e-20  4.81837e-09  2.27151e-08
 2773.300  6.05235e-27  5.65000e-20  4.81115e-09  2.27019e-08
 2773.400  6.05439e-27  5.65000e-20  4.80392e-09  2.26887e-08
 2773.500  6.05642e-27  5.65000e-20  4.79668e-09  2.26754e-08
 2773.600  6.05846e-27  5.65000e-20  4.78943e-09  2.26620e-08
 2773.700  6.06049e-27  5.65000e-20  4.78216e-09  2.26486e-08
 2773.800  6.06253e-27  5.65000e-20  4.77491e-09  2.26352e-08
 2773.900  6.06456e-27  5.65000e-20  4.76764e-09  2.26218e-08
 2774.000  6.09258e-27  5.65000e-20  4.78075e-09  2.27051e-08
 2774.100  6.12314e-27  5.65000e-20  4.79576e-09  2.27977e-08
 2774.200  6.15373e-27  5.65000e-20  4.81071e-09  2.28902e-08
 2774.300  6.18429e-27  5.65000e-20  4.82555e-09  2.29823e-08
 2774.400  6.21484e-27  5.65000e-20  4.84029e-09  2.30742e-08
 2774.500  6.24539e-27  5.65000e-20  4.85494e-09  2.31658e-08
 2774.600  6.27594e-27  5.65000e-20  4.86950e-09  2.32572e-08
 2774.700  6.30652e-27  5.65000e-20  4.88398e-09  2.33484e-08
 2774.800  6.33707e-27  5.65000e-20  4.89836e-09  2.34393e-08
 2774.900  6.36761e-27  5.65000e-20  4.91263e-09  2.35300e-08
 2775.000  6.39815e-27  5.65000e-20  4.92682e-09  2.36203e-08
 2775.100  6.42869e-27  5.65000e-20  4.94047e-09  2.37094e-08
 2775.200  6.45926e-27  5.65000e-20  4.95404e-09  2.37983e-08
 2775.300  6.48979e-27  5.65000e-20  4.96750e-09  2.38869e-08
 2775.400  6.52032e-27  5.65000e-20  4.98086e-09  2.39752e-08
 2775.500  6.52756e-27  5.65000e-20  4.97636e-09  2.39777e-08
 2775.600  6.50097e-27  5.65000e-20  4.94610e-09  2.38559e-08
 2775.700  6.47435e-27  5.65000e-20  4.91590e-09  2.37342e-08
 2775.800  6.44777e-27  5.65000e-20  4.88582e-09  2.36129e-08
 2775.900  6.42119e-27  5.65000e-20  4.85581e-09  2.34917e-08
 2776.000  6.39461e-27  5.65000e-20  4.82588e-09  2.33707e-08
 2776.100  6.36803e-27  5.65000e-20  4.79603e-09  2.32498e-08
 2776.200  6.34142e-27  5.65000e-20  4.76623e-09  2.31290e-08
 2776.300  6.31485e-27  5.65000e-20  4.73656e-09  2.30085e-08
 2776.400  6.28828e-27  5.65000e-20  4.70696e-09  2.28882e-08
 2776.500  6.26171e-27  5.65000e-20  4.67744e-09  2.27681e-08
 2776.600  6.23514e-27  5.65000e-20  4.64800e-09  2.26481e-08
 2776.700  6.20854e-27  5.65000e-20  4.61861e-09  2.25282e-08
 2776.800  6.18198e-27  5.65000e-20  4.58935e-09  2.24086e-08
 2776.900  6.15542e-27  5.65000e-20  4.56016e-09  2.22892e-08
 2777.000  6.12886e-27  5.65000e-20  4.53104e-09  2.21699e-08
 2777.100  6.12144e-27  5.65000e-20  4.51570e-09  2.21190e-08
 2777.200  6.11603e-27  5.65000e-20  4.50185e-09  2.20753e-08
 2777.300  6.11063e-27  5.65000e-20  4.48803e-09  2.20316e-08
 2777.400  6.10523e-27  5.65000e-20  4.47423e-09  2.19880e-08
 2777.500  6.09984e-27  5.65000e-20  4.46044e-09  2.19444e-08
 2777.600  6.09444e-27  5.65000e-20  4.44666e-09  2.19008e-08
 2777.700  6.08903e-27  5.65000e-20  4.43289e-09  2.18571e-08
 2777.800  6.08363e-27  5.65000e-20  4.41916e-09  2.18136e-08
 2777.900  6.07824e-27  5.65000e-20  4.40543e-09  2.17700e-08
 2778.000  6.07284e-27  5.65000e-20  4.39172e-09  2.17265e-08
 2778.100  6.06744e-27  5.65000e-20  4.37803e-09  2.16829e-08
 2778.200  6.06204e-27  5.65000e-20  4.36434e-09  2.16394e-08
 2778.300  6.05665e-27  5.65000e-20  4.35069e-09  2.15959e-08
 2778.400  6.05125e-27  5.65000e-20  4.33704e-09  2.15524e-08
 2778.500  6.04585e-27  5.65000e-20  4.32342e-09  2.15089e-08
 2778.600  6.03391e-27  5.65000e-20  4.30513e-09  2.14422e-08
 2778.700  6.01220e-27  5.65000e-20  4.27992e-09  2.13408e-08
 2778.800  5.99051e-27  5.65000e-20  4.25481e-09  2.12397e-08
 2778.900  5.96882e-27  5.65000e-20  4.22977e-09  2.11387e-08
 2779.000  5.94714e-27  5.65000e-20  4.20479e-09  2.10379e-08
 2779.100  5.92546e-27  5.65000e-20  4.17454e-09  2.09238e-08
 2779.200  5.90375e-27  5.65000e-20  4.14437e-09  2.08098e-08
 2779.300  5.88207e-27  5.65000e-20  4.11435e-09  2.06962e-08
 2779.400  5.86039e-27  5.65000e-20  4.08442e-09  2.05828e-08
 2779.500  5.83871e-27  5.65000e-20  4.05460e-09  2.04696e-08
 2779.600  5.81704e-27  5.65000e-20  4.02489e-09  2.03565e-08
 2779.700  5.79534e-27  5.65000e-20  3.99526e-09  2.02436e-08
 2779.800  5.77367e-27  5.65000e-20  3.96578e-09  2.01310e-08
 2779.900  5.75200e-27  5.65000e-20  3.93639e-09  2.00186e-08
 2780.000  5.73033e-27  5.65000e-20  3.90712e-09  1.99064e-08
 2780.100  5.70866e-27  5.65000e-20  3.87795e-09  1.97945e-08
 2780.200  5.68403e-27  5.65000e-20  3.84687e-09  1.96724e-08
 2780.300  5.65911e-27  5.65000e-20  3.81574e-09  1.95497e-08
 2780.400  5.63418e-27  5.65000e-20  3.78472e-09  1.94271e-08
 2780.500  5.60926e-27  5.65000e-20  3.75382e-09  1.93048e-08
 2780.600  5.58434e-27  5.65000e-20  3.72305e-09  1.91828e-08
 2780.700  5.55939e-27  5.65000e-20  3.69238e-09  1.90608e-08
 2780.800  5.53447e-27  5.65000e-20  3.66187e-09  1.89394e-08
 2780.900  5.50955e-27  5.65000e-20  3.63147e-09  1.88181e-08
 2781.000  5.48464e-27  5.65000e-20  3.60120e-09  1.86971e-08
 2781.100  5.45973e-27  5.65000e-20  3.57119e-09  1.85767e-08
 2781.200  5.43479e-27  5.65000e-20  3.54126e-09  1.84563e-08
 2781.300  5.40988e-27  5.65000e-20  3.51150e-09  1.83365e-08
 2781.400  5.38497e-27  5.65000e-20  3.48185e-09  1.82168e-08
 2781.500  5.36007e-27  5.65000e-20  3.45233e-09  1.80974e-08
 2781.600  5.33516e-27  5.65000e-20  3.42293e-09  1.79783e-08
 2781.700  5.32990e-27  5.65000e-20  3.40619e-09  1.79254e-08
 2781.800  5.35455e-27  5.65000e-20  3.40855e-09  1.79731e-08
 2781.900  5.37921e-27  5.65000e-20  3.41077e-09  1.80203e-08
 2782.000  5.40386e-27  5.65000e-20  3.41286e-09  1.80670e-08
 2782.100  5.42851e-27  5.65000e-20  3.41482e-09  1.81134e-08
 2782.200  5.45319e-27  5.65000e-20  3.41667e-09  1.81594e-08
 2782.300  5.47783e-27  5.65000e-20  3.41839e-09  1.82050e-08
 2782.400  5.50248e-27  5.65000e-20  3.41998e-09  1.82502e-08
 2782.500  5.52712e-27  5.65000e-20  3.42144e-09  1.82949e-08
 2782.600  5.55176e-27  5.65000e-20  3.42277e-09  1.83392e-08
 2782.700  5.57643e-27  5.65000e-20  3.42398e-09  1.83831e-08
 2782.800  5.60107e-27  5.65000e-20  3.42507e-09  1.84266e-08
 2782.900  5.62571e-27  5.65000e-20  3.42602e-09  1.84697e-08
 2783.000  5.65034e-27  5.65000e-20  3.42685e-09  1.85123e-08
 2783.100  5.67497e-27  5.65000e-20  3.42639e-09  1.85514e-08
 2783.200  5.69963e-27  5.65000e-20  3.42581e-09  1.85901e-08
 2783.300  5.71521e-27  5.65000e-20  3.41968e-09  1.85988e-08
 2783.400  5.72971e-27  5.65000e-20  3.41281e-09  1.86036e-08
 2783.500  5.74422e-27  5.65000e-20  3.40585e-09  1.86082e-08
 2783.600  5.75871e-27  5.65000e-20  3.39882e-09  1.86124e-08
 2783.700  5.77323e-27  5.65000e-20  3.39170e-09  1.86163e-08
 2783.800  5.78773e-27  5.65000e-20  3.38452e-09  1.86199e-08
 2783.900  5.80223e-27  5.65000e-20  3.37724e-09  1.86232e-08
 2784.000  5.81672e-27  5.65000e-20  3.36988e-09  1.86261e-08
 2784.100  5.83121e-27  5.65000e-20  3.36244e-09  1.86287e-08
 2784.200  5.84573e-27  5.65000e-20  3.35491e-09  1.86310e-08
 2784.300  5.86022e-27  5.65000e-20  3.34732e-09  1.86329e-08
 2784.400  5.87471e-27  5.65000e-20  3.33963e-09  1.86345e-08
 2784.500  5.88920e-27  5.65000e-20  3.33186e-09  1.86358e-08
 2784.600  5.90369e-27  5.65000e-20  3.32401e-09  1.86367e-08
 2784.700  5.91819e-27  5.65000e-20  3.31607e-09  1.86373e-08
 2784.800  5.93483e-27  5.65000e-20  3.30927e-09  1.86443e-08
 2784.900  5.95481e-27  5.65000e-20  3.30422e-09  1.86614e-08
 2785.000  5.97480e-27  5.65000e-20  3.29906e-09  1.86781e-08
 2785.100  5.99478e-27  5.65000e-20  3.29401e-09  1.86950e-08
 2785.200  6.01478e-27  5.65000e-20  3.28885e-09  1.87115e-08
 2785.300  6.03476e-27  5.65000e-20  3.28360e-09  1.87276e-08
 2785.400  6.05474e-27  5.65000e-20  3.27822e-09  1.87432e-08
 2785.500  6.07472e-27  5.65000e-20  3.27273e-09  1.87583e-08
 2785.600  6.09469e-27  5.65000e-20  3.26713e-09  1.87731e-08
 2785.700  6.11469e-27  5.65000e-20  3.26142e-09  1.87874e-08
 2785.800  6.13466e-27  5.65000e-20  3.25562e-09  1.88013e-08
 2785.900  6.15463e-27  5.65000e-20  3.24969e-09  1.88147e-08
 2786.000  6.17460e-27  5.65000e-20  3.24365e-09  1.88277e-08
 2786.100  6.19457e-27  5.65000e-20  3.23750e-09  1.88402e-08
 2786.200  6.21456e-27  5.65000e-20  3.23123e-09  1.88523e-08
 2786.300  6.23452e-27  5.65000e-20  3.22488e-09  1.88640e-08
 2786.400  6.20032e-27  5.65000e-20  3.19052e-09  1.87117e-08
 2786.500  6.15927e-27  5.65000e-20  3.15284e-09  1.85392e-08
 2786.600  6.11822e-27  5.65000e-20  3.11538e-09  1.83672e-08
 2786.700  6.07712e-27  5.65000e-20  3.07810e-09  1.81956e-08
 2786.800  6.03608e-27  5.65000e-20  3.04110e-09  1.80247e-08
 2786.900  5.99504e-27  5.65000e-20  3.00429e-09  1.78543e-08
 2787.000  5.95400e-27  5.65000e-20  2.96771e-09  1.76844e-08
 2787.100  5.91296e-27  5.65000e-20  2.93166e-09  1.75160e-08
 2787.200  5.87188e-27  5.65000e-20  2.89579e-09  1.73479e-08
 2787.300  5.83085e-27  5.65000e-20  2.86019e-09  1.71806e-08
 2787.400  5.78982e-27  5.65000e-20  2.82478e-09  1.70138e-08
 2787.500  5.74880e-27  5.65000e-20  2.78960e-09  1.68475e-08
 2787.600  5.70778e-27  5.65000e-20  2.75462e-09  1.66817e-08
 2787.700  5.66671e-27  5.65000e-20  2.71983e-09  1.65163e-08
 2787.800  5.62569e-27  5.65000e-20  2.68531e-09  1.63516e-08
 2787.900  5.63103e-27  5.65000e-20  2.67298e-09  1.63218e-08
 2788.000  5.71052e-27  5.65000e-20  2.69563e-09  1.65061e-08
 2788.100  5.79000e-27  5.65000e-20  2.71786e-09  1.66889e-08
 2788.200  5.86958e-27  5.65000e-20  2.73969e-09  1.68706e-08
 2788.300  5.94905e-27  5.65000e-20  2.76108e-09  1.70506e-08
 2788.400  6.02852e-27  5.65000e-20  2.78203e-09  1.72291e-08
 2788.500  6.10798e-27  5.65000e-20  2.80256e-09  1.74061e-08
 2788.600  6.18743e-27  5.65000e-20  2.82266e-09  1.75817e-08
 2788.700  6.26698e-27  5.65000e-20  2.84236e-09  1.77560e-08
 2788.800  6.33298e-27  5.65000e-20  2.85557e-09  1.78907e-08
 2788.900  6.15034e-27  5.65000e-20  2.75695e-09  1.73237e-08
 2789.000  5.96770e-27  5.65000e-20  2.65930e-09  1.67596e-08
 2789.100  5.78508e-27  5.65000e-20  2.56284e-09  1.61991e-08
 2789.200  5.74046e-27  5.65000e-20  2.52809e-09  1.60267e-08
 2789.300  5.82418e-27  5.65000e-20  2.54978e-09  1.62123e-08
 2789.400  5.90789e-27  5.65000e-20  2.57103e-09  1.63963e-08
 2789.500  5.99160e-27  5.65000e-20  2.59183e-09  1.65787e-08
 2789.600  5.79042e-27  5.65000e-20  2.48970e-09  1.59736e-08
 2789.700  5.41350e-27  5.65000e-20  2.31349e-09  1.48884e-08
 2789.800  5.03706e-27  5.65000e-20  2.13949e-09  1.38108e-08
 2789.900  4.66065e-27  5.65000e-20  1.96745e-09  1.27394e-08
 2790.000  4.97728e-27  5.65000e-20  2.08812e-09  1.35628e-08
 2790.100  5.56614e-27  5.65000e-20  2.32063e-09  1.51202e-08
 2790.200  6.15568e-27  5.65000e-20  2.55033e-09  1.66691e-08
 2790.300  6.74445e-27  5.65000e-20  2.77667e-09  1.82059e-08
 2790.400  6.78701e-27  5.65000e-20  2.77647e-09  1.82625e-08
 2790.500  6.70909e-27  5.65000e-20  2.72707e-09  1.79952e-08
 2790.600  6.63119e-27  5.65000e-20  2.67808e-09  1.77290e-08
 2790.700  6.55319e-27  5.65000e-20  2.62944e-09  1.74636e-08
 2790.800  6.86794e-27  5.65000e-20  2.73780e-09  1.82427e-08
 2790.900  7.21765e-27  5.65000e-20  2.85834e-09  1.91087e-08
 2791.000  7.56733e-27  5.65000e-20  2.97705e-09  1.99682e-08
 2791.100  7.91108e-27  5.65000e-20  3.09194e-09  2.08070e-08
 2791.200  7.93802e-27  5.65000e-20  3.08204e-09  2.08090e-08
 2791.300  7.96494e-27  5.65000e-20  3.07202e-09  2.08103e-08
 2791.400  7.99185e-27  5.65000e-20  3.06184e-09  2.08109e-08
 2791.500  8.01000e-27  5.65000e-20  3.04819e-09  2.07880e-08
 2791.600  7.96220e-27  5.65000e-20  3.00951e-09  2.05940e-08
 2791.700  7.91434e-27  5.65000e-20  2.97104e-09  2.04003e-08
 2791.800  7.86655e-27  5.65000e-20  2.93287e-09  2.02076e-08
 2791.900  7.89904e-27  5.65000e-20  2.92465e-09  2.02209e-08
 2792.000  8.21854e-27  5.65000e-20  3.02178e-09  2.09655e-08
 2792.100  8.53801e-27  5.65000e-20  3.11726e-09  2.17040e-08
 2792.200  8.85785e-27  5.65000e-20  3.21120e-09  2.24375e-08
 2792.300  9.05177e-27  5.65000e-20  3.25821e-09  2.28472e-08
 2792.400  8.97584e-27  5.65000e-20  3.20776e-09  2.25743e-08
 2792.500  8.89992e-27  5.65000e-20  3.15770e-09  2.23025e-08
 2792.600  8.82401e-27  5.65000e-20  3.10802e-09  2.20319e-08
 2792.700  8.90975e-27  5.65000e-20  3.11524e-09  2.21643e-08
 2792.800  9.22228e-27  5.65000e-20  3.20077e-09  2.28571e-08
 2792.900  9.53479e-27  5.65000e-20  3.28465e-09  2.35438e-08
 2793.000  9.84728e-27  5.65000e-20  3.36691e-09  2.42242e-08
 2793.100  1.00039e-26  5.65000e-20  3.39523e-09  2.45185e-08
 2793.200  1.00145e-26  5.65000e-20  3.37357e-09  2.44532e-08
 2793.300  1.00252e-26  5.65000e-20  3.35191e-09  2.43875e-08
 2793.400  1.00358e-26  5.65000e-20  3.33016e-09  2.43212e-08
 2793.500  1.04003e-26  5.65000e-20  3.42486e-09  2.51084e-08
 2793.600  1.09858e-26  5.65000e-20  3.58996e-09  2.64203e-08
 2793.700  1.15720e-26  5.65000e-20  3.75229e-09  2.77223e-08
 2793.800  1.21575e-26  5.65000e-20  3.91148e-09  2.90114e-08
 2793.900  1.28490e-26  5.65000e-20  4.10154e-09  3.05411e-08
 2794.000  1.35825e-26  5.65000e-20  4.30138e-09  3.21566e-08
 2794.100  1.43159e-26  5.65000e-20  4.49750e-09  3.37575e-08
 2794.200  1.50502e-26  5.65000e-20  4.69013e-09  3.53459e-08
 2794.300  1.71024e-26  5.65000e-20  5.28652e-09  4.00026e-08
 2794.400  1.94525e-26  5.65000e-20  5.96385e-09  4.53134e-08
 2794.500  2.18026e-26  5.65000e-20  6.62925e-09  5.05780e-08
 2794.600  2.41524e-26  5.65000e-20  7.28271e-09  5.57959e-08
 2794.700  2.81368e-26  5.65000e-20  8.41298e-09  6.47274e-08
 2794.800  3.22658e-26  5.65000e-20  9.56610e-09  7.39120e-08
 2794.900  3.63946e-26  5.65000e-20  1.06982e-08  8.30136e-08
 2795.000  4.05936e-26  5.65000e-20  1.18299e-08  9.21924e-08
 2795.100  4.95428e-26  5.65000e-20  1.54515e-08  1.16399e-07
 2795.200  5.85023e-26  5.65000e-20  1.94440e-08  1.41891e-07
 2795.300  6.74502e-26  5.65000e-20  2.37970e-08  1.68550e-07
 2795.400  7.70644e-26  5.65000e-20  2.87663e-08  1.98082e-07
 2795.500  9.18834e-26  5.65000e-20  3.61788e-08  2.42561e-07
 2795.600  1.06701e-25  5.65000e-20  4.41979e-08  2.88909e-07
 2795.700  1.21536e-25  5.65000e-20  5.28340e-08  3.37121e-07
 2795.800  1.33508e-25  5.65000e-20  6.07699e-08  3.78943e-07
 2795.900  1.35090e-25  5.65000e-20  6.42568e-08  3.91964e-07
 2796.000  1.36671e-25  5.65000e-20  6.78088e-08  4.05002e-07
 2796.100  1.38253e-25  5.65000e-20  7.14260e-08  4.18062e-07
 2796.200  1.33519e-25  5.65000e-20  7.17189e-08  4.11683e-07
 2796.300  1.14969e-25  5.65000e-20  6.41088e-08  3.61180e-07
 2796.400  9.64202e-26  5.65000e-20  5.57421e-08  3.08426e-07
 2796.500  7.78730e-26  5.65000e-20  4.66160e-08  2.53476e-07
 2796.600  6.31995e-26  5.65000e-20  3.91280e-08  2.09207e-07
 2796.700  5.39986e-26  5.65000e-20  3.45400e-08  1.81689e-07
 2796.800  4.48096e-26  5.65000e-20  2.95804e-08  1.53166e-07
 2796.900  3.56213e-26  5.65000e-20  2.42455e-08  1.23636e-07
 2797.000  2.98136e-26  5.65000e-20  2.09041e-08  1.05027e-07
 2797.100  2.72172e-26  5.65000e-20  1.91177e-08  9.59656e-08
 2797.200  2.46179e-26  5.65000e-20  1.73227e-08  8.68778e-08
 2797.300  2.20219e-26  5.65000e-20  1.55235e-08  7.77854e-08
 2797.400  2.01435e-26  5.65000e-20  1.42246e-08  7.12136e-08
 2797.500  1.87158e-26  5.65000e-20  1.32399e-08  6.62251e-08
 2797.600  1.72883e-26  5.65000e-20  1.22517e-08  6.12279e-08
 2797.700  1.58592e-26  5.65000e-20  1.12587e-08  5.62161e-08
 2797.800  1.51230e-26  5.65000e-20  1.07551e-08  5.36539e-08
 2797.900  1.46651e-26  5.65000e-20  1.04477e-08  5.20750e-08
 2798.000  1.42072e-26  5.65000e-20  1.01393e-08  5.04932e-08
 2798.100  1.37493e-26  5.65000e-20  9.82973e-09  4.89087e-08
 2798.200  1.32121e-26  5.65000e-20  9.46229e-09  4.70392e-08
 2798.300  1.26574e-26  5.65000e-20  9.08081e-09  4.51035e-08
 2798.400  1.21026e-26  5.65000e-20  8.69800e-09  4.31644e-08
 2798.500  1.15480e-26  5.65000e-20  8.31382e-09  4.12220e-08
 2798.600  1.12349e-26  5.65000e-20  8.10249e-09  4.01392e-08
 2798.700  1.09447e-26  5.65000e-20  7.90696e-09  3.91365e-08
 2798.800  1.06549e-26  5.65000e-20  7.71096e-09  3.81333e-08
 2798.900  1.03657e-26  5.65000e-20  7.51462e-09  3.71302e-08
 2799.000  1.01219e-26  5.65000e-20  7.35062e-09  3.62886e-08
 2799.100  9.87823e-27  5.65000e-20  7.18549e-09  3.54441e-08
 2799.200  9.63424e-27  5.65000e-20  7.01958e-09  3.45971e-08
 2799.300  9.43441e-27  5.65000e-20  6.88530e-09  3.39074e-08
 2799.400  9.58106e-27  5.65000e-20  7.00383e-09  3.44628e-08
 2799.500  9.72770e-27  5.65000e-20  7.12270e-09  3.50189e-08
 2799.600  9.87433e-27  5.65000e-20  7.24192e-09  3.55759e-08
 2799.700  9.95671e-27  5.65000e-20  7.31431e-09  3.59021e-08
 2799.800  9.79841e-27  5.65000e-20  7.20978e-09  3.53602e-08
 2799.900  9.64011e-27  5.65000e-20  7.10488e-09  3.48173e-08
 2800.000  9.48183e-27  5.65000e-20  6.99962e-09  3.42735e-08
 2800.100  9.33866e-27  5.65000e-20  6.90514e-09  3.37835e-08
 2800.200  9.22875e-27  5.65000e-20  6.83498e-09  3.34130e-08
 2800.300  9.11898e-27  5.65000e-20  6.76463e-09  3.30423e-08
 2800.400  9.00922e-27  5.65000e-20  6.69404e-09  3.26711e-08
 2800.500  9.03900e-27  5.65000e-20  6.72703e-09  3.28056e-08
 2800.600  9.26936e-27  5.65000e-20  6.90961e-09  3.36688e-08
 2800.700  9.49998e-27  5.65000e-20  7.09296e-09  3.45343e-08
 2800.800  9.73030e-27  5.65000e-20  7.27662e-09  3.54000e-08
 2800.900  1.00237e-26  5.65000e-20  7.50808e-09  3.64967e-08
 2801.000  1.03779e-26  5.65000e-20  7.78587e-09  3.78167e-08
 2801.100  1.07321e-26  5.65000e-20  8.06385e-09  3.91371e-08
 2801.200  1.10866e-26  5.65000e-20  8.34296e-09  4.04609e-08
 2801.300  1.17110e-26  5.65000e-20  8.82619e-09  4.27720e-08
 2801.400  1.25077e-26  5.65000e-20  9.44097e-09  4.57165e-08
 2801.500  1.33044e-26  5.65000e-20  1.00575e-08  4.86652e-08
 2801.600  1.41010e-26  5.65000e-20  1.06759e-08  5.16181e-08
 2801.700  1.60797e-26  5.65000e-20  1.21924e-08  5.89058e-08
 2801.800  1.85411e-26  5.65000e-20  1.40799e-08  6.79741e-08
 2801.900  2.10023e-26  5.65000e-20  1.59730e-08  7.70552e-08
 2802.000  2.34634e-26  5.65000e-20  1.78715e-08  8.61493e-08
 2802.100  2.73041e-26  5.65000e-20  2.08282e-08  1.00327e-07
 2802.200  3.14744e-26  5.65000e-20  2.40455e-08  1.15737e-07
 2802.300  3.56392e-26  5.65000e-20  2.72680e-08  1.31150e-07
 2802.400  3.98038e-26  5.65000e-20  3.05000e-08  1.46584e-07
 2802.500  4.72176e-26  5.65000e-20  3.62350e-08  1.74017e-07
 2802.600  5.49584e-26  5.65000e-20  4.22383e-08  2.02696e-07
 2802.700  6.27082e-26  5.65000e-20  4.82664e-08  2.31451e-07
 2802.800  7.04568e-26  5.65000e-20  5.43111e-08  2.60244e-07
 2802.900  7.93994e-26  5.65000e-20  6.12954e-08  2.93493e-07
 2803.000  8.83413e-26  5.65000e-20  6.82998e-08  3.26789e-07
 2803.100  9.72826e-26  5.65000e-20  7.53210e-08  3.60123e-07
 2803.200  1.04343e-25  5.65000e-20  8.09043e-08  3.86539e-07
 2803.300  9.58854e-26  5.65000e-20  7.44529e-08  3.55461e-07
 2803.400  8.74279e-26  5.65000e-20  6.79833e-08  3.24341e-07
 2803.500  7.89710e-26  5.65000e-20  6.14953e-08  2.93177e-07
 2803.600  6.99620e-26  5.65000e-20  5.45579e-08  2.59918e-07
 2803.700  5.88142e-26  5.65000e-20  4.59303e-08  2.18659e-07
 2803.800  4.76809e-26  5.65000e-20  3.72890e-08  1.77394e-07
 2803.900  3.65483e-26  5.65000e-20  2.86235e-08  1.36073e-07
 2804.000  2.80288e-26  5.65000e-20  2.19825e-08  1.04428e-07
 2804.100  2.53874e-26  5.65000e-20  1.99392e-08  9.46540e-08
 2804.200  2.27429e-26  5.65000e-20  1.78877e-08  8.48547e-08
 2804.300  2.01019e-26  5.65000e-20  1.58328e-08  7.50539e-08
 2804.400  1.78444e-26  5.65000e-20  1.40747e-08  6.66725e-08
 2804.500  1.61467e-26  5.65000e-20  1.27537e-08  6.03718e-08
 2804.600  1.44490e-26  5.65000e-20  1.14289e-08  5.40626e-08
 2804.700  1.27495e-26  5.65000e-20  1.00988e-08  4.77372e-08
 2804.800  1.18562e-26  5.65000e-20  9.40451e-09  4.44239e-08
 2804.900  1.17497e-26  5.65000e-20  9.33312e-09  4.40557e-08
 2805.000  1.16431e-26  5.65000e-20  9.26151e-09  4.36870e-08
 2805.100  1.15366e-26  5.65000e-20  9.18926e-09  4.33167e-08
 2805.200  1.11725e-26  5.65000e-20  8.91129e-09  4.19778e-08
 2805.300  1.06416e-26  5.65000e-20  8.49938e-09  4.00104e-08
 2805.400  1.01108e-26  5.65000e-20  8.08636e-09  3.80404e-08
 2805.500  9.57999e-27  5.65000e-20  7.67223e-09  3.60678e-08
 2805.600  9.22286e-27  5.65000e-20  7.39620e-09  3.47467e-08
 2805.700  8.93822e-27  5.65000e-20  7.17763e-09  3.36970e-08
 2805.800  8.65394e-27  5.65000e-20  6.95871e-09  3.26473e-08
 2805.900  8.36969e-27  5.65000e-20  6.73921e-09  3.15962e-08
 2806.000  8.13448e-27  5.65000e-20  6.55863e-09  3.07289e-08
 2806.100  7.91110e-27  5.65000e-20  6.38710e-09  2.99052e-08
 2806.200  7.68746e-27  5.65000e-20  6.21488e-09  2.90793e-08
 2806.300  7.46411e-27  5.65000e-20  6.04240e-09  2.82533e-08
 2806.400  7.57176e-27  5.65000e-20  6.13775e-09  2.86800e-08
 2806.500  7.71423e-27  5.65000e-20  6.26160e-09  2.92392e-08
 2806.600  7.85669e-27  5.65000e-20  6.38576e-09  2.97990e-08
 2806.700  7.99780e-27  5.65000e-20  6.50913e-09  3.03545e-08
 2806.800  7.72570e-27  5.65000e-20  6.29605e-09  2.93412e-08
 2806.900  7.45361e-27  5.65000e-20  6.08239e-09  2.83267e-08
 2807.000  7.18154e-27  5.65000e-20  5.86817e-09  2.73109e-08
 2807.100  6.90723e-27  5.65000e-20  5.65131e-09  2.62847e-08
 2807.200  6.61311e-27  5.65000e-20  5.41766e-09  2.51817e-08
 2807.300  6.31937e-27  5.65000e-20  5.18368e-09  2.40786e-08
 2807.400  6.02565e-27  5.65000e-20  4.94911e-09  2.29742e-08
 2807.500  5.81156e-27  5.65000e-20  4.77940e-09  2.21722e-08
 2807.600  5.91067e-27  5.65000e-20  4.86715e-09  2.25648e-08
 2807.700  6.00989e-27  5.65000e-20  4.95521e-09  2.29583e-08
 2807.800  6.10898e-27  5.65000e-20  5.04335e-09  2.33518e-08
 2807.900  6.22859e-27  5.65000e-20  5.14868e-09  2.38242e-08
 2808.000  6.39517e-27  5.65000e-20  5.29313e-09  2.44770e-08
 2808.100  6.56173e-27  5.65000e-20  5.43792e-09  2.51305e-08
 2808.200  6.72849e-27  5.65000e-20  5.58324e-09  2.57856e-08
 2808.300  6.75896e-27  5.65000e-20  5.61565e-09  2.59189e-08
 2808.400  6.58779e-27  5.65000e-20  5.48041e-09  2.52785e-08
 2808.500  6.41664e-27  5.65000e-20  5.34481e-09  2.46374e-08
 2808.600  6.24550e-27  5.65000e-20  5.20886e-09  2.39955e-08
 2808.700  6.10724e-27  5.65000e-20  5.10001e-09  2.34792e-08
 2808.800  6.00205e-27  5.65000e-20  5.01851e-09  2.30894e-08
 2808.900  5.89686e-27  5.65000e-20  4.93679e-09  2.26991e-08
 2809.000  5.79168e-27  5.65000e-20  4.85486e-09  2.23083e-08
 2809.100  5.83028e-27  5.65000e-20  4.88870e-09  2.24604e-08
 2809.200  5.96412e-27  5.65000e-20  5.00243e-09  2.29794e-08
 2809.300  6.09779e-27  5.65000e-20  5.11608e-09  2.34980e-08
 2809.400  6.23145e-27  5.65000e-20  5.22980e-09  2.40167e-08
 2809.500  6.13787e-27  5.65000e-20  5.15281e-09  2.36596e-08
 2809.600  5.94731e-27  5.65000e-20  4.99435e-09  2.29285e-08
 2809.700  5.75654e-27  5.65000e-20  4.83560e-09  2.21963e-08
 2809.800  5.56601e-27  5.65000e-20  4.67696e-09  2.14649e-08
 2809.900  5.74897e-27  5.65000e-20  4.83215e-09  2.21739e-08
 2810.000  6.02543e-27  5.65000e-20  5.06605e-09  2.32437e-08
 2810.100  6.30187e-27  5.65000e-20  5.30007e-09  2.43137e-08
 2810.200  6.57863e-27  5.65000e-20  5.53449e-09  2.53853e-08
 2810.300  6.38228e-27  5.65000e-20  5.37092e-09  2.46313e-08
 2810.400  6.13406e-27  5.65000e-20  5.16359e-09  2.36769e-08
 2810.500  5.88586e-27  5.65000e-20  4.95614e-09  2.27223e-08
 2810.600  5.63737e-27  5.65000e-20  4.74833e-09  2.17663e-08
 2810.700  5.63760e-27  5.65000e-20  4.74996e-09  2.17705e-08
 2810.800  5.63784e-27  5.65000e-20  4.75159e-09  2.17747e-08
 2810.900  5.63808e-27  5.65000e-20  4.75322e-09  2.17789e-08
 2811.000  5.64064e-27  5.65000e-20  4.75681e-09  2.17920e-08
 2811.100  5.66413e-27  5.65000e-20  4.77155e-09  2.18712e-08
 2811.200  5.68764e-27  5.65000e-20  4.78626e-09  2.19503e-08
 2811.300  5.71112e-27  5.65000e-20  4.80091e-09  2.20292e-08
 2811.400  5.67142e-27  5.65000e-20  4.76247e-09  2.18644e-08
 2811.500  5.37748e-27  5.65000e-20  4.51082e-09  2.07202e-08
 2811.600  5.08356e-27  5.65000e-20  4.25973e-09  1.95772e-08
 2811.700  4.78931e-27  5.65000e-20  4.00886e-09  1.84341e-08
 2811.800  4.55301e-27  5.65000e-20  3.80700e-09  1.75153e-08
 2811.900  4.45241e-27  5.65000e-20  3.71890e-09  1.71191e-08
 2812.000  4.35182e-27  5.65000e-20  3.63098e-09  1.67233e-08
 2812.100  4.25124e-27  5.65000e-20  3.54325e-09  1.63280e-08
 2812.200  4.19839e-27  5.65000e-20  3.49543e-09  1.61164e-08
 2812.300  4.21765e-27  5.65000e-20  3.50770e-09  1.61816e-08
 2812.400  4.23691e-27  5.65000e-20  3.51992e-09  1.62468e-08
 2812.500  4.25617e-27  5.65000e-20  3.53210e-09  1.63118e-08
 2812.600  4.26931e-27  5.65000e-20  3.53918e-09  1.63533e-08
 2812.700  4.27625e-27  5.65000e-20  3.54110e-09  1.63710e-08
 2812.800  4.28319e-27  5.65000e-20  3.54301e-09  1.63887e-08
 2812.900  4.29013e-27  5.65000e-20  3.54490e-09  1.64064e-08
 2813.000  4.31515e-27  5.65000e-20  3.56170e-09  1.64931e-08
 2813.100  4.35245e-27  5.65000e-20  3.58867e-09  1.66268e-08
 2813.200  4.38979e-27  5.65000e-20  3.61560e-09  1.67605e-08
 2813.300  4.42708e-27  5.65000e-20  3.64243e-09  1.68939e-08
 2813.400  4.33136e-27  5.65000e-20  3.55989e-09  1.65199e-08
 2813.500  4.17790e-27  5.65000e-20  3.43009e-09  1.59260e-08
 2813.600  4.02444e-27  5.65000e-20  3.30057e-09  1.53328e-08
 2813.700  3.87081e-27  5.65000e-20  3.17117e-09  1.47396e-08
 2813.800  3.88988e-27  5.65000e-20  3.18338e-09  1.48043e-08
 2813.900  3.95314e-27  5.65000e-20  3.23168e-09  1.50370e-08
 2814.000  4.01640e-27  5.65000e-20  3.27986e-09  1.52694e-08
 2814.100  4.07964e-27  5.65000e-20  3.32793e-09  1.55015e-08
 2814.200  4.12312e-27  5.65000e-20  3.35976e-09  1.56582e-08
 2814.300  4.16418e-27  5.65000e-20  3.38957e-09  1.58057e-08
 2814.400  4.20524e-27  5.65000e-20  3.41930e-09  1.59529e-08
 2814.500  4.24630e-27  5.65000e-20  3.44895e-09  1.60999e-08
 2814.600  4.42308e-27  5.65000e-20  3.58865e-09  1.67611e-08
 2814.700  4.60073e-27  5.65000e-20  3.72873e-09  1.74249e-08
 2814.800  4.77815e-27  5.65000e-20  3.86833e-09  1.80870e-08
 2814.900  4.94591e-27  5.65000e-20  3.99980e-09  1.87119e-08
 2815.000  5.02067e-27  5.65000e-20  4.05584e-09  1.89844e-08
 2815.100  5.09542e-27  5.65000e-20  4.11891e-09  1.92733e-08
 2815.200  5.17026e-27  5.65000e-20  4.18212e-09  1.95628e-08
 2815.300  5.23985e-27  5.65000e-20  4.24117e-09  1.98325e-08
 2815.400  5.28824e-27  5.65000e-20  4.28312e-09  2.00222e-08
 2815.500  5.33662e-27  5.65000e-20  4.32511e-09  2.02119e-08
 2815.600  5.38500e-27  5.65000e-20  4.36716e-09  2.04018e-08
 2815.700  5.43010e-27  5.65000e-20  4.40659e-09  2.05793e-08
 2815.800  5.46714e-27  5.65000e-20  4.43952e-09  2.07264e-08
 2815.900  5.50417e-27  5.65000e-20  4.47250e-09  2.08736e-08
 2816.000  5.54121e-27  5.65000e-20  4.50551e-09  2.10208e-08
 2816.100  5.52859e-27  5.65000e-20  4.49816e-09  2.09797e-08
 2816.200  5.43883e-27  5.65000e-20  4.42800e-09  2.06458e-08
 2816.300  5.34920e-27  5.65000e-20  4.35784e-09  2.03121e-08
 2816.400  5.25957e-27  5.65000e-20  4.28759e-09  1.99782e-08
 2816.500  5.13056e-27  5.65000e-20  4.18513e-09  1.94945e-08
 2816.600  4.96112e-27  5.65000e-20  4.04952e-09  1.88568e-08
 2816.700  4.79147e-27  5.65000e-20  3.91358e-09  1.82179e-08
 2816.800  4.62205e-27  5.65000e-20  3.77763e-09  1.75794e-08
 2816.900  4.66445e-27  5.65000e-20  3.81474e-09  1.77463e-08
 2817.000  4.85269e-27  5.65000e-20  3.97125e-09  1.84685e-08
 2817.100  5.04092e-27  5.65000e-20  4.12786e-09  1.91908e-08
 2817.200  5.22937e-27  5.65000e-20  4.28484e-09  1.99144e-08
 2817.300  5.30729e-27  5.65000e-20  4.35139e-09  2.02174e-08
 2817.400  5.33591e-27  5.65000e-20  4.37758e-09  2.03328e-08
 2817.500  5.36453e-27  5.65000e-20  4.40379e-09  2.04482e-08
 2817.600  5.39315e-27  5.65000e-20  4.43003e-09  2.05637e-08
 2817.700  5.18841e-27  5.65000e-20  4.26451e-09  1.97892e-08
 2817.800  4.92253e-27  5.65000e-20  4.04849e-09  1.87809e-08
 2817.900  4.65667e-27  5.65000e-20  3.83220e-09  1.77721e-08
 2818.000  4.39083e-27  5.65000e-20  3.61567e-09  1.67627e-08
 2818.100  4.41893e-27  5.65000e-20  3.64107e-09  1.68752e-08
 2818.200  4.48340e-27  5.65000e-20  3.69648e-09  1.71267e-08
 2818.300  4.54779e-27  5.65000e-20  3.75188e-09  1.73780e-08
 2818.400  4.61217e-27  5.65000e-20  3.80735e-09  1.76295e-08
 2818.500  4.62703e-27  5.65000e-20  3.82198e-09  1.76918e-08
 2818.600  4.64134e-27  5.65000e-20  3.83617e-09  1.77520e-08
 2818.700  4.65567e-27  5.65000e-20  3.85040e-09  1.78123e-08
 2818.800  4.66648e-27  5.65000e-20  3.86172e-09  1.78591e-08
 2818.900  4.64206e-27  5.65000e-20  3.84388e-09  1.77712e-08
 2819.000  4.61764e-27  5.65000e-20  3.82601e-09  1.76831e-08
 2819.100  4.59322e-27  5.65000e-20  3.80804e-09  1.75948e-08
 2819.200  4.55256e-27  5.65000e-20  3.77656e-09  1.74442e-08
 2819.300  4.44247e-27  5.65000e-20  3.68742e-09  1.70274e-08
 2819.400  4.33239e-27  5.65000e-20  3.59818e-09  1.66104e-08
 2819.500  4.22232e-27  5.65000e-20  3.50883e-09  1.61932e-08
 2819.600  4.12312e-27  5.65000e-20  3.42842e-09  1.58174e-08
 2819.700  4.05083e-27  5.65000e-20  3.37030e-09  1.55447e-08
 2819.800  3.97864e-27  5.65000e-20  3.31219e-09  1.52722e-08
 2819.900  3.90645e-27  5.65000e-20  3.25402e-09  1.49995e-08
 2820.000  3.90101e-27  5.65000e-20  3.25140e-09  1.49830e-08
 2820.100  4.00070e-27  5.65000e-20  3.33646e-09  1.53704e-08
 2820.200  4.10051e-27  5.65000e-20  3.42171e-09  1.57585e-08
 2820.300  4.20019e-27  5.65000e-20  3.50695e-09  1.61464e-08
 2820.400  4.25008e-27  5.65000e-20  3.55069e-09  1.63430e-08
 2820.500  4.24756e-27  5.65000e-20  3.55068e-09  1.63381e-08
 2820.600  4.24505e-27  5.65000e-20  3.55067e-09  1.63332e-08
 2820.700  4.24253e-27  5.65000e-20  3.55065e-09  1.63284e-08
 2820.800  4.27297e-27  5.65000e-20  3.57823e-09  1.64503e-08
 2820.900  4.32668e-27  5.65000e-20  3.62533e-09  1.66620e-08
 2821.000  4.38039e-27  5.65000e-20  3.67248e-09  1.68738e-08
 2821.100  4.43409e-27  5.65000e-20  3.71959e-09  1.70854e-08
 2821.200  4.45142e-27  5.65000e-20  3.73622e-09  1.71570e-08
 2821.300  4.45212e-27  5.65000e-20  3.73890e-09  1.71645e-08
 2821.400  4.45283e-27  5.65000e-20  3.74158e-09  1.71720e-08
 2821.500  4.45353e-27  5.65000e-20  3.74426e-09  1.71795e-08
 2821.600  4.41031e-27  5.65000e-20  3.70999e-09  1.70175e-08
 2821.700  4.35501e-27  5.65000e-20  3.66552e-09  1.68089e-08
 2821.800  4.29978e-27  5.65000e-20  3.62105e-09  1.66003e-08
 2821.900  4.24455e-27  5.65000e-20  3.57653e-09  1.63916e-08
 2822.000  4.48869e-27  5.65000e-20  3.78436e-09  1.73393e-08
 2822.100  4.77210e-27  5.65000e-20  4.02554e-09  1.84392e-08
 2822.200  5.05583e-27  5.65000e-20  4.26726e-09  1.95410e-08
 2822.300  5.33920e-27  5.65000e-20  4.50894e-09  2.06420e-08
 2822.400  5.33096e-27  5.65000e-20  4.50449e-09  2.06158e-08
 2822.500  5.31838e-27  5.65000e-20  4.49636e-09  2.05729e-08
 2822.600  5.30581e-27  5.65000e-20  4.48823e-09  2.05300e-08
 2822.700  5.27765e-27  5.65000e-20  4.46689e-09  2.04267e-08
 2822.800  5.08017e-27  5.65000e-20  4.30214e-09  1.96679e-08
 2822.900  4.88271e-27  5.65000e-20  4.13721e-09  1.89086e-08
 2823.000  4.68526e-27  5.65000e-20  3.97212e-09  1.81490e-08
 2823.100  4.55447e-27  5.65000e-20  3.85928e-09  1.76379e-08
 2823.200  4.72355e-27  5.65000e-20  4.00052e-09  1.82881e-08
 2823.300  4.89241e-27  5.65000e-20  4.14143e-09  1.89371e-08
 2823.400  5.06125e-27  5.65000e-20  4.28219e-09  1.95856e-08
 2823.500  5.23212e-27  5.65000e-20  4.42451e-09  2.02417e-08
 2823.600  5.40810e-27  5.65000e-20  4.57101e-09  2.09172e-08
 2823.700  5.58429e-27  5.65000e-20  4.71753e-09  2.15932e-08
 2823.800  5.76025e-27  5.65000e-20  4.86371e-09  2.22679e-08
 2823.900  5.92453e-27  5.65000e-20  4.99987e-09  2.28972e-08
 2824.000  6.06992e-27  5.65000e-20  5.11996e-09  2.34531e-08
 2824.100  6.21530e-27  5.65000e-20  5.23992e-09  2.40087e-08
 2824.200  6.36085e-27  5.65000e-20  5.35990e-09  2.45647e-08
 2824.300  6.28702e-27  5.65000e-20  5.29498e-09  2.42734e-08
 2824.400  5.97675e-27  5.65000e-20  5.03110e-09  2.30696e-08
 2824.500  5.66651e-27  5.65000e-20  4.76751e-09  2.18665e-08
 2824.600  5.35629e-27  5.65000e-20  4.50420e-09  2.06641e-08
 2824.700  5.20462e-27  5.65000e-20  4.37443e-09  2.00739e-08
 2824.800  5.16728e-27  5.65000e-20  4.34082e-09  1.99247e-08
 2824.900  5.12994e-27  5.65000e-20  4.30725e-09  1.97757e-08
 2825.000  5.09260e-27  5.65000e-20  4.27371e-09  1.96267e-08
 2825.100  5.20254e-27  5.65000e-20  4.35813e-09  2.00324e-08
 2825.200  5.38196e-27  5.65000e-20  4.50032e-09  2.07047e-08
 2825.300  5.56116e-27  5.65000e-20  4.64179e-09  2.13748e-08
 2825.400  5.74034e-27  5.65000e-20  4.78270e-09  2.20435e-08
 2825.500  5.80193e-27  5.65000e-20  4.82528e-09  2.22599e-08
 2825.600  5.83016e-27  5.65000e-20  4.83997e-09  2.23479e-08
 2825.700  5.85842e-27  5.65000e-20  4.85459e-09  2.24358e-08
 2825.800  5.88665e-27  5.65000e-20  4.86912e-09  2.25234e-08
 2825.900  5.55085e-27  5.65000e-20  4.58300e-09  2.12193e-08
 2826.000  5.16560e-27  5.65000e-20  4.25713e-09  1.97285e-08
 2826.100  4.78038e-27  5.65000e-20  3.93245e-09  1.82406e-08
 2826.200  4.39471e-27  5.65000e-20  3.60855e-09  1.67536e-08
 2826.300  4.34837e-27  5.65000e-20  3.56395e-09  1.65617e-08
 2826.400  4.30921e-27  5.65000e-20  3.52535e-09  1.63974e-08
 2826.500  4.27005e-27  5.65000e-20  3.48688e-09  1.62334e-08
 2826.600  4.25075e-27  5.65000e-20  3.46470e-09  1.61451e-08
 2826.700  4.46992e-27  5.65000e-20  3.63658e-09  1.69618e-08
 2826.800  4.68880e-27  5.65000e-20  3.80759e-09  1.77759e-08
 2826.900  4.90767e-27  5.65000e-20  3.97791e-09  1.85883e-08
 2827.000  5.10063e-27  5.65000e-20  4.12661e-09  1.93012e-08
 2827.100  5.17424e-27  5.65000e-20  4.17816e-09  1.95610e-08
 2827.200  5.24793e-27  5.65000e-20  4.22953e-09  1.98206e-08
 2827.300  5.32153e-27  5.65000e-20  4.28061e-09  2.00792e-08
 2827.400  5.34354e-27  5.65000e-20  4.29004e-09  2.01428e-08
 2827.500  5.23100e-27  5.65000e-20  4.19158e-09  1.96996e-08
 2827.600  5.11846e-27  5.65000e-20  4.09347e-09  1.92571e-08
 2827.700  5.00580e-27  5.65000e-20  3.99561e-09  1.88150e-08
 2827.800  4.96614e-27  5.65000e-20  3.95626e-09  1.86478e-08
 2827.900  5.04737e-27  5.65000e-20  4.01315e-09  1.89344e-08
 2828.000  5.12859e-27  5.65000e-20  4.06977e-09  1.92203e-08
 2828.100  5.20980e-27  5.65000e-20  4.12614e-09  1.95056e-08
 2828.200  5.29658e-27  5.65000e-20  4.18665e-09  1.98110e-08
 2828.300  5.38931e-27  5.65000e-20  4.25159e-09  2.01381e-08
 2828.400  5.48202e-27  5.65000e-20  4.31623e-09  2.04644e-08
 2828.500  5.57473e-27  5.65000e-20  4.38058e-09  2.07900e-08
 2828.600  5.48925e-27  5.65000e-20  4.30489e-09  2.04509e-08
 2828.700  5.27185e-27  5.65000e-20  4.12620e-09  1.96215e-08
 2828.800  5.05473e-27  5.65000e-20  3.94843e-09  1.87948e-08
 2828.900  4.83763e-27  5.65000e-20  3.77133e-09  1.79696e-08
 2829.000  4.66941e-27  5.65000e-20  3.63294e-09  1.73275e-08
 2829.100  4.52484e-27  5.65000e-20  3.51325e-09  1.67738e-08
 2829.200  4.38010e-27  5.65000e-20  3.39388e-09  1.62206e-08
 2829.300  4.23555e-27  5.65000e-20  3.27513e-09  1.56691e-08
 2829.400  4.32378e-27  5.65000e-20  3.33647e-09  1.59791e-08
 2829.500  4.48040e-27  5.65000e-20  3.45018e-09  1.65407e-08
 2829.600  4.63701e-27  5.65000e-20  3.56338e-09  1.71012e-08
 2829.700  4.79380e-27  5.65000e-20  3.67622e-09  1.76610e-08
 2829.800  4.78582e-27  5.65000e-20  3.66247e-09  1.76133e-08
 2829.900  4.75416e-27  5.65000e-20  3.63066e-09  1.74786e-08
 2830.000  4.72251e-27  5.65000e-20  3.59895e-09  1.73440e-08
 2830.100  4.69086e-27  5.65000e-20  3.56734e-09  1.72097e-08
 2830.200  4.97532e-27  5.65000e-20  3.77573e-09  1.82342e-08
 2830.300  5.26853e-27  5.65000e-20  3.98984e-09  1.92885e-08
 2830.400  5.56172e-27  5.65000e-20  4.20299e-09  2.03404e-08
 2830.500  5.81667e-27  5.65000e-20  4.38637e-09  2.12503e-08
 2830.600  5.57019e-27  5.65000e-20  4.19160e-09  2.03283e-08
 2830.700  5.32344e-27  5.65000e-20  3.99741e-09  1.94071e-08
 2830.800  5.07700e-27  5.65000e-20  3.80425e-09  1.84890e-08
 2830.900  4.93858e-27  5.65000e-20  3.69264e-09  1.79658e-08
 2831.000  5.31949e-27  5.65000e-20  3.96895e-09  1.93308e-08
 2831.100  5.70037e-27  5.65000e-20  4.24382e-09  2.06922e-08
 2831.200  6.08169e-27  5.65000e-20  4.51776e-09  2.20521e-08
 2831.300  6.37759e-27  5.65000e-20  4.72715e-09  2.30996e-08
 2831.400  6.44508e-27  5.65000e-20  4.76664e-09  2.33183e-08
 2831.500  6.51257e-27  5.65000e-20  4.80591e-09  2.35364e-08
 2831.600  6.58004e-27  5.65000e-20  4.84494e-09  2.37539e-08
 2831.700  6.48242e-27  5.65000e-20  4.76245e-09  2.33754e-08
 2831.800  6.10342e-27  5.65000e-20  4.47404e-09  2.19843e-08
 2831.900  5.72445e-27  5.65000e-20  4.18688e-09  2.05962e-08
 2832.000  5.34551e-27  5.65000e-20  3.90097e-09  1.92113e-08
 2832.100  5.21472e-27  5.65000e-20  3.79699e-09  1.87202e-08
 2832.200  5.36657e-27  5.65000e-20  3.89877e-09  1.92437e-08
 2832.300  5.51822e-27  5.65000e-20  3.99992e-09  1.97652e-08
 2832.400  5.66987e-27  5.65000e-20  4.10056e-09  2.02854e-08
 2832.500  5.74753e-27  5.65000e-20  4.14732e-09  2.05400e-08
 2832.600  5.76916e-27  5.65000e-20  4.15348e-09  2.05939e-08
 2832.700  5.79082e-27  5.65000e-20  4.15958e-09  2.06476e-08
 2832.800  5.81244e-27  5.65000e-20  4.16560e-09  2.07011e-08
 2832.900  5.70305e-27  5.65000e-20  4.07786e-09  2.02883e-08
 2833.000  5.52851e-27  5.65000e-20  3.94400e-09  1.96448e-08
 2833.100  5.35399e-27  5.65000e-20  3.81048e-09  1.90022e-08
 2833.200  5.17926e-27  5.65000e-20  3.67739e-09  1.83603e-08
 2833.300  5.16307e-27  5.65000e-20  3.65720e-09  1.82812e-08
 2833.400  5.19502e-27  5.65000e-20  3.67108e-09  1.83724e-08
 2833.500  5.22697e-27  5.65000e-20  3.68484e-09  1.84633e-08
 2833.600  5.25891e-27  5.65000e-20  3.69850e-09  1.85540e-08
 2833.700  5.36541e-27  5.65000e-20  3.76435e-09  1.89070e-08
 2833.800  5.48319e-27  5.65000e-20  3.83774e-09  1.92988e-08
 2833.900  5.60096e-27  5.65000e-20  3.91072e-09  1.96895e-08
 2834.000  5.71872e-27  5.65000e-20  3.98330e-09  2.00792e-08
 2834.100  5.45031e-27  5.65000e-20  3.78715e-09  1.91136e-08
 2834.200  5.16791e-27  5.65000e-20  3.58219e-09  1.81012e-08
 2834.300  4.88587e-27  5.65000e-20  3.37846e-09  1.70925e-08
 2834.400  4.62073e-27  5.65000e-20  3.18732e-09  1.61452e-08
 2834.500  4.59950e-27  5.65000e-20  3.16491e-09  1.60514e-08
 2834.600  4.57827e-27  5.65000e-20  3.14258e-09  1.59577e-08
 2834.700  4.55702e-27  5.65000e-20  3.12029e-09  1.58640e-08
 2834.800  4.53625e-27  5.65000e-20  3.09842e-09  1.57723e-08
 2834.900  4.51782e-27  5.65000e-20  3.07820e-09  1.56888e-08
 2835.000  4.49940e-27  5.65000e-20  3.05805e-09  1.56054e-08
 2835.100  4.48097e-27  5.65000e-20  3.03478e-09  1.55141e-08
 2835.200  4.49994e-27  5.65000e-20  3.03683e-09  1.55521e-08
 2835.300  4.62271e-27  5.65000e-20  3.10861e-09  1.59480e-08
 2835.400  4.74547e-27  5.65000e-20  3.17978e-09  1.63423e-08
 2835.500  4.86822e-27  5.65000e-20  3.25036e-09  1.67350e-08
 2835.600  4.97203e-27  5.65000e-20  3.30774e-09  1.70611e-08
 2835.700  5.04263e-27  5.65000e-20  3.34260e-09  1.72721e-08
 2835.800  5.11314e-27  5.65000e-20  3.37708e-09  1.74820e-08
 2835.900  5.18365e-27  5.65000e-20  3.41121e-09  1.76908e-08
 2836.000  5.27867e-27  5.65000e-20  3.46107e-09  1.79822e-08
 2836.100  5.40229e-27  5.65000e-20  3.52915e-09  1.83696e-08
 2836.200  5.52605e-27  5.65000e-20  3.59672e-09  1.87559e-08
 2836.300  5.64966e-27  5.65000e-20  3.66362e-09  1.91400e-08
 2836.400  5.67413e-27  5.65000e-20  3.66586e-09  1.91873e-08
 2836.500  5.62162e-27  5.65000e-20  3.61844e-09  1.89743e-08
 2836.600  5.56911e-27  5.65000e-20  3.57126e-09  1.87620e-08
 2836.700  5.51655e-27  5.65000e-20  3.52429e-09  1.85500e-08
 2836.800  5.43160e-27  5.65000e-20  3.45698e-09  1.82301e-08
 2836.900  5.33007e-27  5.65000e-20  3.37955e-09  1.78555e-08
 2837.000  5.22856e-27  5.65000e-20  3.30262e-09  1.74822e-08
 2837.100  5.12704e-27  5.65000e-20  3.22565e-09  1.71087e-08
 2837.200  5.01453e-27  5.65000e-20  3.14228e-09  1.66999e-08
 2837.300  4.89873e-27  5.65000e-20  3.05745e-09  1.62816e-08
 2837.400  4.78294e-27  5.65000e-20  2.97318e-09  1.58648e-08
 2837.500  4.66716e-27  5.65000e-20  2.88951e-09  1.54495e-08
 2837.600  4.88748e-27  5.65000e-20  3.01365e-09  1.61460e-08
 2837.700  5.16357e-27  5.65000e-20  3.17093e-09  1.70233e-08
 2837.800  5.43931e-27  5.65000e-20  3.32662e-09  1.78957e-08
 2837.900  5.71503e-27  5.65000e-20  3.48091e-09  1.87643e-08
 2838.000  5.68520e-27  5.65000e-20  3.44848e-09  1.86278e-08
 2838.100  5.64255e-27  5.65000e-20  3.40844e-09  1.84498e-08
 2838.200  5.59984e-27  5.65000e-20  3.36857e-09  1.82720e-08
 2838.300  5.56025e-27  5.65000e-20  3.33081e-09  1.81050e-08
 2838.400  5.56976e-27  5.65000e-20  3.32252e-09  1.80979e-08
 2838.500  5.57927e-27  5.65000e-20  3.31418e-09  1.80906e-08
 2838.600  5.58877e-27  5.65000e-20  3.30579e-09  1.80831e-08
 2838.700  5.58372e-27  5.65000e-20  3.28876e-09  1.80283e-08
 2838.800  5.50071e-27  5.65000e-20  3.22606e-09  1.77224e-08
 2838.900  5.41770e-27  5.65000e-20  3.16377e-09  1.74175e-08
 2839.000  5.33470e-27  5.65000e-20  3.10189e-09  1.71137e-08
 2839.100  5.24257e-27  5.65000e-20  3.03467e-09  1.67805e-08
 2839.200  5.12363e-27  5.65000e-20  2.95247e-09  1.63628e-08
 2839.300  5.00485e-27  5.65000e-20  2.87101e-09  1.59473e-08
 2839.400  4.88607e-27  5.65000e-20  2.79015e-09  1.55335e-08
 2839.500  4.78296e-27  5.65000e-20  2.71881e-09  1.51710e-08
 2839.600  4.70809e-27  5.65000e-20  2.66398e-09  1.48992e-08
 2839.700  4.63314e-27  5.65000e-20  2.60949e-09  1.46282e-08
 2839.800  4.55828e-27  5.65000e-20  2.55546e-09  1.43586e-08
 2839.900  4.57403e-27  5.65000e-20  2.55237e-09  1.43747e-08
 2840.000  4.69811e-27  5.65000e-20  2.60937e-09  1.47301e-08
 2840.100  4.82219e-27  5.65000e-20  2.66571e-09  1.50836e-08
 2840.200  4.94640e-27  5.65000e-20  2.72147e-09  1.54355e-08
 2840.300  4.99473e-27  5.65000e-20  2.73505e-09  1.55494e-08
 2840.400  4.98218e-27  5.65000e-20  2.71518e-09  1.54734e-08
 2840.500  4.96962e-27  5.65000e-20  2.69537e-09  1.53974e-08
 2840.600  4.95707e-27  5.65000e-20  2.67563e-09  1.53215e-08
 2840.700  5.00893e-27  5.65000e-20  2.69054e-09  1.54443e-08
 2840.800  5.09500e-27  5.65000e-20  2.72349e-09  1.56715e-08
 2840.900  5.18106e-27  5.65000e-20  2.75598e-09  1.58973e-08
 2841.000  5.26712e-27  5.65000e-20  2.78801e-09  1.61216e-08
 2841.100  5.26476e-27  5.65000e-20  2.77330e-09  1.60755e-08
 2841.200  5.23341e-27  5.65000e-20  2.74340e-09  1.59409e-08
 2841.300  5.20211e-27  5.65000e-20  2.71371e-09  1.58069e-08
 2841.400  5.17080e-27  5.65000e-20  2.68416e-09  1.56733e-08
 2841.500  5.11296e-27  5.65000e-20  2.64106e-09  1.54597e-08
 2841.600  5.05052e-27  5.65000e-20  2.59590e-09  1.52331e-08
 2841.700  4.98800e-27  5.65000e-20  2.55100e-09  1.50070e-08
 2841.800  4.92557e-27  5.65000e-20  2.50648e-09  1.47821e-08
 2841.900  4.91315e-27  5.65000e-20  2.48759e-09  1.47077e-08
 2842.000  4.90330e-27  5.65000e-20  2.47006e-09  1.46411e-08
 2842.100  4.89344e-27  5.65000e-20  2.45257e-09  1.45745e-08
 2842.200  4.89513e-27  5.65000e-20  2.44088e-09  1.45422e-08
 2842.300  5.11604e-27  5.65000e-20  2.53795e-09  1.51595e-08
 2842.400  5.33693e-27  5.65000e-20  2.63387e-09  1.57732e-08
 2842.500  5.55781e-27  5.65000e-20  2.72865e-09  1.63833e-08
 2842.600  5.74385e-27  5.65000e-20  2.80528e-09  1.68875e-08
 2842.700  5.73278e-27  5.65000e-20  2.78517e-09  1.68107e-08
 2842.800  5.72173e-27  5.65000e-20  2.76517e-09  1.67340e-08
 2842.900  5.71068e-27  5.65000e-20  2.74520e-09  1.66574e-08
 2843.000  5.69543e-27  5.65000e-20  2.72327e-09  1.65685e-08
 2843.100  5.66751e-27  5.65000e-20  2.69567e-09  1.64439e-08
 2843.200  5.63955e-27  5.65000e-20  2.66817e-09  1.63194e-08
 2843.300  5.61164e-27  5.65000e-20  2.64086e-09  1.61954e-08
 2843.400  5.53722e-27  5.65000e-20  2.59191e-09  1.59379e-08
 2843.500  5.37570e-27  5.65000e-20  2.50277e-09  1.54314e-08
 2843.600  5.21419e-27  5.65000e-20  2.41445e-09  1.49272e-08
 2843.700  5.05250e-27  5.65000e-20  2.32685e-09  1.44249e-08
 2843.800  5.12848e-27  5.65000e-20  2.34894e-09  1.46018e-08
 2843.900  5.49837e-27  5.65000e-20  2.50451e-09  1.56118e-08
 2844.000  5.86823e-27  5.65000e-20  2.65821e-09  1.66159e-08
 2844.100  6.23806e-27  5.65000e-20  2.81002e-09  1.76139e-08
 2844.200  6.42551e-27  5.65000e-20  2.87826e-09  1.80923e-08
 2844.300  6.46185e-27  5.65000e-20  2.87827e-09  1.81435e-08
 2844.400  6.49818e-27  5.65000e-20  2.87808e-09  1.81938e-08
 2844.500  6.53452e-27  5.65000e-20  2.87771e-09  1.82434e-08
 2844.600  6.40607e-27  5.65000e-20  2.80500e-09  1.78336e-08
 2844.700  6.18705e-27  5.65000e-20  2.69348e-09  1.71741e-08
 2844.800  5.96830e-27  5.65000e-20  2.58322e-09  1.65189e-08
 2844.900  5.74957e-27  5.65000e-20  2.47405e-09  1.58671e-08
 2845.000  5.40514e-27  5.65000e-20  2.31221e-09  1.48728e-08
 2845.100  5.01766e-27  5.65000e-20  2.13403e-09  1.37666e-08
 2845.200  4.62973e-27  5.65000e-20  1.95756e-09  1.26652e-08
 2845.300  4.24231e-27  5.65000e-20  1.78325e-09  1.15713e-08
 2845.400  4.26939e-27  5.65000e-20  1.78406e-09  1.16108e-08
 2845.500  4.37326e-27  5.65000e-20  1.81662e-09  1.18580e-08
 2845.600  4.47711e-27  5.65000e-20  1.84867e-09  1.21033e-08
 2845.700  4.58108e-27  5.65000e-20  1.88023e-09  1.23471e-08
 2845.800  4.48865e-27  5.65000e-20  1.83118e-09  1.20614e-08
 2845.900  4.38481e-27  5.65000e-20  1.77795e-09  1.17465e-08
 2846.000  4.28097e-27  5.65000e-20  1.72523e-09  1.14333e-08
 2846.100  4.17404e-27  5.65000e-20  1.67178e-09  1.11133e-08
 2846.200  3.99726e-27  5.65000e-20  1.59106e-09  1.06096e-08
 2846.300  3.82072e-27  5.65000e-20  1.51131e-09  1.01094e-08
 2846.400  3.64418e-27  5.65000e-20  1.43244e-09  9.61201e-09
 2846.500  3.50159e-27  5.65000e-20  1.36771e-09  9.20672e-09
 2846.600  3.56467e-27  5.65000e-20  1.38350e-09  9.34275e-09
 2846.700  3.62782e-27  5.65000e-20  1.39899e-09  9.47777e-09
 2846.800  3.69089e-27  5.65000e-20  1.41416e-09  9.61148e-09
 2846.900  3.72979e-27  5.65000e-20  1.41980e-09  9.68126e-09
 2847.000  3.69239e-27  5.65000e-20  1.39640e-09  9.55287e-09
 2847.100  3.65499e-27  5.65000e-20  1.37334e-09  9.42559e-09
 2847.200  3.61755e-27  5.65000e-20  1.35044e-09  9.29868e-09
 2847.300  3.50198e-27  5.65000e-20  1.29877e-09  8.97220e-09
 2847.400  3.23594e-27  5.65000e-20  1.19221e-09  8.26327e-09
 2847.500  2.96991e-27  5.65000e-20  1.08695e-09  7.55880e-09
 2847.600  2.70391e-27  5.65000e-20  9.82998e-10  6.85880e-09
 2847.700  2.61940e-27  5.65000e-20  9.45875e-10  6.62206e-09
 2847.800  2.76586e-27  5.65000e-20  9.92020e-10  6.96869e-09
 2847.900  2.91231e-27  5.65000e-20  1.03744e-09  7.31267e-09
 2848.000  3.05876e-27  5.65000e-20  1.08214e-09  7.65402e-09
 2848.100  3.17255e-27  5.65000e-20  1.11465e-09  7.91132e-09
 2848.200  3.25846e-27  5.65000e-20  1.13687e-09  8.09724e-09
 2848.300  3.34427e-27  5.65000e-20  1.15864e-09  8.28135e-09
 2848.400  3.43007e-27  5.65000e-20  1.17999e-09  8.46381e-09
 2848.500  3.33537e-27  5.65000e-20  1.13926e-09  8.20087e-09
 2848.600  3.13800e-27  5.65000e-20  1.06418e-09  7.68792e-09
 2848.700  2.94039e-27  5.65000e-20  9.89972e-10  7.17778e-09
 2848.800  2.74305e-27  5.65000e-20  9.16831e-10  6.67171e-09
 2848.900  2.59283e-27  5.65000e-20  8.60286e-10  6.28325e-09
 2849.000  2.45930e-27  5.65000e-20  8.09967e-10  5.93766e-09
 2849.100  2.32577e-27  5.65000e-20  7.60420e-10  5.59482e-09
 2849.200  2.19209e-27  5.65000e-20  7.11457e-10  5.25387e-09
 2849.300  2.27715e-27  5.65000e-20  7.33611e-10  5.43756e-09
 2849.400  2.40456e-27  5.65000e-20  7.68898e-10  5.72042e-09
 2849.500  2.53197e-27  5.65000e-20  8.03571e-10  6.00091e-09
 2849.600  2.65937e-27  5.65000e-20  8.37630e-10  6.27901e-09
 2849.700  2.61138e-27  5.65000e-20  8.16247e-10  6.14217e-09
 2849.800  2.55133e-27  5.65000e-20  7.91368e-10  5.97790e-09
 2849.900  2.49129e-27  5.65000e-20  7.66770e-10  5.81461e-09
 2850.000  2.43229e-27  5.65000e-20  7.42778e-10  5.65474e-09
 2850.100  2.40257e-27  5.65000e-20  7.27940e-10  5.56368e-09
 2850.200  2.37282e-27  5.65000e-20  7.13228e-10  5.47296e-09
 2850.300  2.34311e-27  5.65000e-20  6.98681e-10  5.38284e-09
 2850.400  2.28492e-27  5.65000e-20  6.75847e-10  5.22800e-09
 2850.500  2.04125e-27  5.65000e-20  5.98874e-10  4.65148e-09
 2850.600  1.79759e-27  5.65000e-20  5.23075e-10  4.07947e-09
 2850.700  1.55366e-27  5.65000e-20  4.48360e-10  3.51130e-09
 2850.800  1.41509e-27  5.65000e-20  4.04977e-10  3.18480e-09
 2850.900  1.61955e-27  5.65000e-20  4.59603e-10  3.62965e-09
 2851.000  1.82401e-27  5.65000e-20  5.13242e-10  4.07052e-09
 2851.100  2.02844e-27  5.65000e-20  6.14415e-10  4.69665e-09
 2851.200  2.18349e-27  5.65000e-20  7.08417e-10  5.23234e-09
 2851.300  2.23903e-27  5.65000e-20  7.74581e-10  5.54037e-09
 2851.400  2.29456e-27  5.65000e-20  8.43188e-10  5.85178e-09
 2851.500  2.35010e-27  5.65000e-20  9.14191e-10  6.16648e-09
 2851.600  2.41944e-27  5.65000e-20  9.93265e-10  6.52178e-09
 2851.700  2.50714e-27  5.65000e-20  1.08331e-09  6.93334e-09
 2851.800  2.59472e-27  5.65000e-20  1.17699e-09  7.35203e-09
 2851.900  2.68229e-27  5.65000e-20  1.27450e-09  7.77855e-09
 2852.000  2.86934e-27  5.65000e-20  1.42519e-09  8.50753e-09
 2852.100  3.14461e-27  5.65000e-20  1.62968e-09  9.52380e-09
 2852.200  3.42020e-27  5.65000e-20  1.84628e-09  1.05718e-08
 2852.300  3.69543e-27  5.65000e-20  2.07443e-09  1.16482e-08
 2852.400  4.08744e-27  5.65000e-20  2.38260e-09  1.31288e-08
 2852.500  4.54763e-27  5.65000e-20  2.74889e-09  1.48747e-08
 2852.600  5.00779e-27  5.65000e-20  3.13503e-09  1.66694e-08
 2852.700  5.46848e-27  5.65000e-20  3.54149e-09  1.85141e-08
 2852.800  5.45013e-27  5.65000e-20  3.64704e-09  1.87564e-08
 2852.900  5.25495e-27  5.65000e-20  3.62980e-09  1.83739e-08
 2853.000  5.05980e-27  5.65000e-20  3.60416e-09  1.79657e-08
 2853.100  4.86465e-27  5.65000e-20  3.47163e-09  1.72889e-08
 2853.200  4.34607e-27  5.65000e-20  3.10734e-09  1.54603e-08
 2853.300  3.76112e-27  5.65000e-20  2.69412e-09  1.33919e-08
 2853.400  3.17622e-27  5.65000e-20  2.27938e-09  1.13198e-08
 2853.500  2.59135e-27  5.65000e-20  1.86310e-09  9.24396e-09
 2853.600  2.43751e-27  5.65000e-20  1.75574e-09  8.70321e-09
 2853.700  2.31760e-27  5.65000e-20  1.67246e-09  8.28271e-09
 2853.800  2.19784e-27  5.65000e-20  1.58896e-09  7.86196e-09
 2853.900  2.08091e-27  5.65000e-20  1.50719e-09  7.45052e-09
 2854.000  2.07086e-27  5.65000e-20  1.50268e-09  7.42136e-09
 2854.100  2.06081e-27  5.65000e-20  1.49813e-09  7.39213e-09
 2854.200  2.05075e-27  5.65000e-20  1.49355e-09  7.36279e-09
 2854.300  2.04594e-27  5.65000e-20  1.49277e-09  7.35222e-09
 2854.400  2.07710e-27  5.65000e-20  1.51828e-09  7.47102e-09
 2854.500  2.10826e-27  5.65000e-20  1.54387e-09  7.59002e-09
 2854.600  2.13942e-27  5.65000e-20  1.56954e-09  7.70920e-09
 2854.700  2.18264e-27  5.65000e-20  1.60416e-09  7.87210e-09
 2854.800  2.26704e-27  5.65000e-20  1.66921e-09  8.18392e-09
 2854.900  2.35143e-27  5.65000e-20  1.73449e-09  8.49626e-09
 2855.000  2.43582e-27  5.65000e-20  1.79999e-09  8.80913e-09
 2855.100  2.46106e-27  5.65000e-20  1.82186e-09  8.90830e-09
 2855.200  2.36254e-27  5.65000e-20  1.75203e-09  8.55927e-09
 2855.300  2.26415e-27  5.65000e-20  1.68203e-09  8.21004e-09
 2855.400  2.16576e-27  5.65000e-20  1.61178e-09  7.86021e-09
 2855.500  2.07812e-27  5.65000e-20  1.54928e-09  7.54877e-09
 2855.600  2.00516e-27  5.65000e-20  1.49752e-09  7.29015e-09
 2855.700  1.93211e-27  5.65000e-20  1.44551e-09  7.03075e-09
 2855.800  1.85916e-27  5.65000e-20  1.39337e-09  6.77121e-09
 2855.900  2.00990e-27  5.65000e-20  1.50898e-09  7.32665e-09
 2856.000  2.36599e-27  5.65000e-20  1.77943e-09  8.63222e-09
 2856.100  2.72205e-27  5.65000e-20  2.05079e-09  9.93996e-09
 2856.200  3.07852e-27  5.65000e-20  2.32340e-09  1.12515e-08
 2856.300  3.15967e-27  5.65000e-20  2.38879e-09  1.15581e-08
 2856.400  3.07428e-27  5.65000e-20  2.32827e-09  1.12555e-08
 2856.500  2.98889e-27  5.65000e-20  2.26753e-09  1.09524e-08
 2856.600  2.90351e-27  5.65000e-20  2.20658e-09  1.06487e-08
 2856.700  2.91735e-27  5.65000e-20  2.22093e-09  1.07087e-08
 2856.800  2.96960e-27  5.65000e-20  2.26461e-09  1.09099e-08
 2856.900  3.02185e-27  5.65000e-20  2.30842e-09  1.11114e-08
 2857.000  3.07409e-27  5.65000e-20  2.35237e-09  1.13132e-08
 2857.100  3.12949e-27  5.65000e-20  2.39882e-09  1.15269e-08
 2857.200  3.18565e-27  5.65000e-20  2.44600e-09  1.17437e-08
 2857.300  3.24174e-27  5.65000e-20  2.49326e-09  1.19605e-08
 2857.400  3.29783e-27  5.65000e-20  2.54067e-09  1.21777e-08
 2857.500  3.32507e-27  5.65000e-20  2.56596e-09  1.22886e-08
 2857.600  3.34973e-27  5.65000e-20  2.58933e-09  1.23901e-08
 2857.700  3.37442e-27  5.65000e-20  2.61279e-09  1.24919e-08
 2857.800  3.40067e-27  5.65000e-20  2.63752e-09  1.25996e-08
 2857.900  3.51831e-27  5.65000e-20  2.73332e-09  1.30463e-08
 2858.000  3.63595e-27  5.65000e-20  2.82942e-09  1.34938e-08
 2858.100  3.75357e-27  5.65000e-20  2.92582e-09  1.39419e-08
 2858.200  3.83902e-27  5.65000e-20  2.99741e-09  1.42712e-08
 2858.300  3.68387e-27  5.65000e-20  2.88105e-09  1.37058e-08
 2858.400  3.52874e-27  5.65000e-20  2.76429e-09  1.31395e-08
 2858.500  3.37361e-27  5.65000e-20  2.64715e-09  1.25722e-08
 2858.600  3.24282e-27  5.65000e-20  2.54873e-09  1.20948e-08
 2858.700  3.20027e-27  5.65000e-20  2.51944e-09  1.19460e-08
 2858.800  3.15776e-27  5.65000e-20  2.49007e-09  1.17970e-08
 2858.900  3.11526e-27  5.65000e-20  2.46060e-09  1.16478e-08
 2859.000  3.10814e-27  5.65000e-20  2.45901e-09  1.16307e-08
 2859.100  3.17796e-27  5.65000e-20  2.51835e-09  1.19017e-08
 2859.200  3.24786e-27  5.65000e-20  2.57794e-09  1.21734e-08
 2859.300  3.31767e-27  5.65000e-20  2.63762e-09  1.24451e-08
 2859.400  3.44815e-27  5.65000e-20  2.74582e-09  1.29451e-08
 2859.500  3.66455e-27  5.65000e-20  2.92287e-09  1.37686e-08
 2859.600  3.88093e-27  5.65000e-20  3.10047e-09  1.45934e-08
 2859.700  4.09756e-27  5.65000e-20  3.27883e-09  1.54205e-08
 2859.800  4.18411e-27  5.65000e-20  3.35349e-09  1.57589e-08
 2859.900  4.14735e-27  5.65000e-20  3.32938e-09  1.56330e-08
 2860.000  4.11059e-27  5.65000e-20  3.30518e-09  1.55069e-08
 2860.100  4.07383e-27  5.65000e-20  3.28089e-09  1.53806e-08
 2860.200  4.04641e-27  5.65000e-20  3.26405e-09  1.52893e-08
 2860.300  4.02494e-27  5.65000e-20  3.25192e-09  1.52204e-08
 2860.400  4.00347e-27  5.65000e-20  3.23975e-09  1.51513e-08
 2860.500  3.98200e-27  5.65000e-20  3.22753e-09  1.50821e-08
 2860.600  4.03282e-27  5.65000e-20  3.27393e-09  1.52867e-08
 2860.700  4.11300e-27  5.65000e-20  3.34435e-09  1.56031e-08
 2860.800  4.19308e-27  5.65000e-20  3.41488e-09  1.59195e-08
 2860.900  4.27315e-27  5.65000e-20  3.48562e-09  1.62364e-08
 2861.000  4.63651e-27  5.65000e-20  3.78801e-09  1.76310e-08
 2861.100  5.06597e-27  5.65000e-20  4.14541e-09  1.92793e-08
 2861.200  5.49593e-27  5.65000e-20  4.50434e-09  2.09320e-08
 2861.300  5.92533e-27  5.65000e-20  4.86390e-09  2.25852e-08
 2861.400  5.68641e-27  5.65000e-20  4.67511e-09  2.16916e-08
 2861.500  5.38113e-27  5.65000e-20  4.43106e-09  2.05431e-08
 2861.600  5.07587e-27  5.65000e-20  4.18625e-09  1.93929e-08
 2861.700  4.77547e-27  5.65000e-20  3.94467e-09  1.82595e-08
 2861.800  5.08068e-27  5.65000e-20  4.20333e-09  1.94417e-08
 2861.900  5.38587e-27  5.65000e-20  4.46276e-09  2.06255e-08
 2862.000  5.69103e-27  5.65000e-20  4.72297e-09  2.18112e-08
 2862.100  5.92952e-27  5.65000e-20  4.92855e-09  2.27429e-08
 2862.200  5.60681e-27  5.65000e-20  4.66756e-09  2.15218e-08
 2862.300  5.28452e-27  5.65000e-20  4.40608e-09  2.03004e-08
 2862.400  4.96225e-27  5.65000e-20  4.14379e-09  1.90772e-08
 2862.500  4.71960e-27  5.65000e-20  3.94726e-09  1.81583e-08
 2862.600  4.78080e-27  5.65000e-20  4.00462e-09  1.84080e-08
 2862.700  4.84207e-27  5.65000e-20  4.06220e-09  1.86583e-08
 2862.800  4.90326e-27  5.65000e-20  4.11987e-09  1.89086e-08
 2862.900  5.00781e-27  5.65000e-20  4.21419e-09  1.93267e-08
 2863.000  5.21049e-27  5.65000e-20  4.39148e-09  2.01243e-08
 2863.100  5.41315e-27  5.65000e-20  4.56915e-09  2.09227e-08
 2863.200  5.61604e-27  5.65000e-20  4.74755e-09  2.17233e-08
 2863.300  5.71287e-27  5.65000e-20  4.83665e-09  2.21144e-08
 2863.400  5.65449e-27  5.65000e-20  4.79441e-09  2.19049e-08
 2863.500  5.59612e-27  5.65000e-20  4.75203e-09  2.16950e-08
 2863.600  5.53776e-27  5.65000e-20  4.70951e-09  2.14848e-08
 2863.700  5.46211e-27  5.65000e-20  4.65212e-09  2.12071e-08
 2863.800  5.36962e-27  5.65000e-20  4.58016e-09  2.08635e-08
 2863.900  5.27713e-27  5.65000e-20  4.50798e-09  2.05194e-08
 2864.000  5.18465e-27  5.65000e-20  4.43556e-09  2.01748e-08
 2864.100  5.11322e-27  5.65000e-20  4.38095e-09  1.99116e-08
 2864.200  5.05563e-27  5.65000e-20  4.33805e-09  1.97020e-08
 2864.300  4.99812e-27  5.65000e-20  4.29505e-09  1.94923e-08
 2864.400  4.94062e-27  5.65000e-20  4.25192e-09  1.92823e-08
 2864.500  5.02421e-27  5.65000e-20  4.33025e-09  1.96230e-08
 2864.600  5.16802e-27  5.65000e-20  4.46077e-09  2.01996e-08
 2864.700  5.31199e-27  5.65000e-20  4.59180e-09  2.07776e-08
 2864.800  5.45577e-27  5.65000e-20  4.72303e-09  2.13557e-08
 2864.900  5.59631e-27  5.65000e-20  4.85181e-09  2.19219e-08
 2865.000  5.73603e-27  5.65000e-20  4.98025e-09  2.24857e-08
 2865.100  5.87575e-27  5.65000e-20  5.10456e-09  2.30402e-08
 2865.200  6.01562e-27  5.65000e-20  5.22915e-09  2.35956e-08
 2865.300  5.92046e-27  5.65000e-20  5.14945e-09  2.32292e-08
 2865.400  5.79953e-27  5.65000e-20  5.04723e-09  2.27614e-08
 2865.500  5.67861e-27  5.65000e-20  4.94489e-09  2.22933e-08
 2865.600  5.55736e-27  5.65000e-20  4.84215e-09  2.18237e-08
 2865.700  5.70800e-27  5.65000e-20  4.97632e-09  2.24219e-08
 2865.800  5.85844e-27  5.65000e-20  5.11047e-09  2.30196e-08
 2865.900  6.00887e-27  5.65000e-20  5.24477e-09  2.36176e-08
 2866.000  6.13404e-27  5.65000e-20  5.35715e-09  2.41166e-08
 2866.100  6.02585e-27  5.65000e-20  5.26575e-09  2.36982e-08
 2866.200  5.91754e-27  5.65000e-20  5.17413e-09  2.32790e-08
 2866.300  5.80937e-27  5.65000e-20  5.08251e-09  2.28602e-08
 2866.400  5.71072e-27  5.65000e-20  4.99913e-09  2.24786e-08
 2866.500  5.65097e-27  5.65000e-20  4.94972e-09  2.22499e-08
 2866.600  5.59123e-27  5.65000e-20  4.90025e-09  2.20211e-08
 2866.700  5.53142e-27  5.65000e-20  4.85066e-09  2.17919e-08
 2866.800  5.56817e-27  5.65000e-20  4.88573e-09  2.19430e-08
 2866.900  5.83494e-27  5.65000e-20  5.12280e-09  2.30010e-08
 2867.000  6.10170e-27  5.65000e-20  5.36012e-09  2.40596e-08
 2867.100  6.36843e-27  5.65000e-20  5.59055e-09  2.51026e-08
 2867.200  6.61171e-27  5.65000e-20  5.80007e-09  2.60525e-08
 2867.300  6.81853e-27  5.65000e-20  5.97734e-09  2.68581e-08
 2867.400  7.02533e-27  5.65000e-20  6.15433e-09  2.76630e-08
 2867.500  7.23211e-27  5.65000e-20  6.33107e-09  2.84673e-08
 2867.600  7.25595e-27  5.65000e-20  6.34750e-09  2.85512e-08
 2867.700  7.09259e-27  5.65000e-20  6.20025e-09  2.78986e-08
 2867.800  6.92943e-27  5.65000e-20  6.05340e-09  2.72473e-08
 2867.900  6.76629e-27  5.65000e-20  5.90675e-09  2.65966e-08
 2868.000  6.73067e-27  5.65000e-20  5.87153e-09  2.64472e-08
 2868.100  6.78240e-27  5.65000e-20  5.91252e-09  2.66412e-08
 2868.200  6.83420e-27  5.65000e-20  5.95349e-09  2.68352e-08
 2868.300  6.88592e-27  5.65000e-20  5.99434e-09  2.70289e-08
 2868.400  7.06318e-27  5.65000e-20  6.14432e-09  2.77149e-08
 2868.500  7.29620e-27  5.65000e-20  6.34257e-09  2.86192e-08
 2868.600  7.52922e-27  5.65000e-20  6.54052e-09  2.95228e-08
 2868.700  7.76250e-27  5.65000e-20  6.73842e-09  3.04267e-08
 2868.800  7.73908e-27  5.65000e-20  6.71336e-09  3.03243e-08
 2868.900  7.64800e-27  5.65000e-20  6.62967e-09  2.99568e-08
 2869.000  7.55694e-27  5.65000e-20  6.54611e-09  2.95897e-08
 2869.100  7.46588e-27  5.65000e-20  6.46754e-09  2.92338e-08
 2869.200  7.46158e-27  5.65000e-20  6.46414e-09  2.92177e-08
 2869.300  7.46812e-27  5.65000e-20  6.47012e-09  2.92441e-08
 2869.400  7.47466e-27  5.65000e-20  6.47611e-09  2.92704e-08
 2869.500  7.48119e-27  5.65000e-20  6.48209e-09  2.92967e-08
 2869.600  7.29118e-27  5.65000e-20  6.31776e-09  2.85533e-08
 2869.700  7.09900e-27  5.65000e-20  6.15155e-09  2.78014e-08
 2869.800  6.90707e-27  5.65000e-20  5.98553e-09  2.70504e-08
 2869.900  6.71072e-27  5.65000e-20  5.81566e-09  2.62821e-08
 2870.000  6.46899e-27  5.65000e-20  5.60645e-09  2.53360e-08
 2870.100  6.22729e-27  5.65000e-20  5.39723e-09  2.43899e-08
 2870.200  5.98530e-27  5.65000e-20  5.18776e-09  2.34427e-08
 2870.300  5.84660e-27  5.65000e-20  5.06779e-09  2.29001e-08
 2870.400  6.15257e-27  5.65000e-20  5.33327e-09  2.40991e-08
 2870.500  6.45852e-27  5.65000e-20  5.59875e-09  2.52981e-08
 2870.600  6.76444e-27  5.65000e-20  5.86424e-09  2.64971e-08
 2870.700  6.99568e-27  5.65000e-20  6.06500e-09  2.74035e-08
 2870.800  7.04003e-27  5.65000e-20  6.10375e-09  2.75779e-08
 2870.900  7.08438e-27  5.65000e-20  6.14250e-09  2.77523e-08
 2871.000  7.12872e-27  5.65000e-20  6.18126e-09  2.79267e-08
 2871.100  7.15289e-27  5.65000e-20  6.20709e-09  2.80324e-08
 2871.200  7.14475e-27  5.65000e-20  6.20491e-09  2.80115e-08
 2871.300  7.13662e-27  5.65000e-20  6.20272e-09  2.79907e-08
 2871.400  7.12849e-27  5.65000e-20  6.20053e-09  2.79698e-08
 2871.500  7.10819e-27  5.65000e-20  6.18773e-09  2.79011e-08
 2871.600  7.07489e-27  5.65000e-20  6.16358e-09  2.77813e-08
 2871.700  7.04156e-27  5.65000e-20  6.13935e-09  2.76612e-08
 2871.800  7.00826e-27  5.65000e-20  6.11511e-09  2.75412e-08
 2871.900  6.95386e-27  5.65000e-20  6.07240e-09  2.73381e-08
 2872.000  6.88434e-27  5.65000e-20  6.01639e-09  2.70754e-08
 2872.100  6.81482e-27  5.65000e-20  5.96030e-09  2.68125e-08
 2872.200  6.74521e-27  5.65000e-20  5.90404e-09  2.65490e-08
 2872.300  6.68755e-27  5.65000e-20  5.85814e-09  2.63323e-08
 2872.400  6.63536e-27  5.65000e-20  5.81697e-09  2.61370e-08
 2872.500  6.58319e-27  5.65000e-20  5.77573e-09  2.59416e-08
 2872.600  6.53101e-27  5.65000e-20  5.73442e-09  2.57461e-08
 2872.700  6.59700e-27  5.65000e-20  5.79688e-09  2.60163e-08
 2872.800  6.69588e-27  5.65000e-20  5.88835e-09  2.64166e-08
 2872.900  6.79476e-27  5.65000e-20  5.97995e-09  2.68171e-08
 2873.000  6.89362e-27  5.65000e-20  6.07168e-09  2.72179e-08
 2873.100  7.03997e-27  5.65000e-20  6.20534e-09  2.78063e-08
 2873.200  7.19294e-27  5.65000e-20  6.34505e-09  2.84215e-08
 2873.300  7.34571e-27  5.65000e-20  6.48479e-09  2.90363e-08
 2873.400  7.49848e-27  5.65000e-20  6.62473e-09  2.96515e-08
 2873.500  7.54331e-27  5.65000e-20  6.66945e-09  2.98402e-08
 2873.600  7.58586e-27  5.65000e-20  6.71220e-09  3.00200e-08
 2873.700  7.62845e-27  5.65000e-20  6.75507e-09  3.02001e-08
 2873.800  7.64608e-27  5.65000e-20  6.77586e-09  3.02815e-08
 2873.900  7.36988e-27  5.65000e-20  6.53608e-09  2.91988e-08
 2874.000  7.09370e-27  5.65000e-20  6.29595e-09  2.81153e-08
 2874.100  6.81753e-27  5.65000e-20  6.05546e-09  2.70311e-08
 2874.200  6.61515e-27  5.65000e-20  5.88020e-09  2.62387e-08
 2874.300  6.75760e-27  5.65000e-20  6.01140e-09  2.68139e-08
 2874.400  6.90003e-27  5.65000e-20  6.14278e-09  2.73895e-08
 2874.500  7.04245e-27  5.65000e-20  6.27435e-09  2.79655e-08
 2874.600  7.04573e-27  5.65000e-20  6.28205e-09  2.79891e-08
 2874.700  6.68125e-27  5.65000e-20  5.96161e-09  2.65513e-08
 2874.800  6.31724e-27  5.65000e-20  5.64109e-09  2.51143e-08
 2874.900  5.95325e-27  5.65000e-20  5.32010e-09  2.36762e-08
 2875.000  5.80670e-27  5.65000e-20  5.19308e-09  2.31022e-08
 2875.100  6.02465e-27  5.65000e-20  5.39201e-09  2.39782e-08
 2875.200  6.24285e-27  5.65000e-20  5.59145e-09  2.48559e-08
 2875.300  6.46076e-27  5.65000e-20  5.79093e-09  2.57331e-08
 2875.400  6.59175e-27  5.65000e-20  5.91273e-09  2.62646e-08
 2875.500  6.62666e-27  5.65000e-20  5.94846e-09  2.64135e-08
 2875.600  6.66157e-27  5.65000e-20  5.98423e-09  2.65625e-08
 2875.700  6.69653e-27  5.65000e-20  6.02010e-09  2.67117e-08
 2875.800  6.53640e-27  5.65000e-20  5.88050e-09  2.60827e-08
 2875.900  6.23148e-27  5.65000e-20  5.61033e-09  2.48751e-08
 2876.000  5.92658e-27  5.65000e-20  5.33977e-09  2.36668e-08
 2876.100  5.62170e-27  5.65000e-20  5.06883e-09  2.24576e-08
 2876.200  5.72159e-27  5.65000e-20  5.16271e-09  2.28651e-08
 2876.300  6.01889e-27  5.65000e-20  5.43498e-09  2.40621e-08
 2876.400  6.31616e-27  5.65000e-20  5.70763e-09  2.52598e-08
 2876.500  6.61342e-27  5.65000e-20  5.98065e-09  2.64584e-08
 2876.600  6.86747e-27  5.65000e-20  6.21498e-09  2.74849e-08
 2876.700  7.10894e-27  5.65000e-20  6.43825e-09  2.84618e-08
 2876.800  7.35009e-27  5.65000e-20  6.66155e-09  2.94381e-08
 2876.900  7.59123e-27  5.65000e-20  6.88517e-09  3.04151e-08
 2877.000  7.52103e-27  5.65000e-20  6.82651e-09  3.01449e-08
 2877.100  7.40405e-27  5.65000e-20  6.72520e-09  2.96868e-08
 2877.200  7.28693e-27  5.65000e-20  6.62362e-09  2.92278e-08
 2877.300  7.16997e-27  5.65000e-20  6.52201e-09  2.87690e-08
 2877.400  6.96084e-27  5.65000e-20  6.33635e-09  2.79400e-08
 2877.500  6.74870e-27  5.65000e-20  6.14768e-09  2.70983e-08
 2877.600  6.53657e-27  5.65000e-20  5.95875e-09  2.62560e-08
 2877.700  6.35548e-27  5.65000e-20  5.79785e-09  2.55378e-08
 2877.800  6.60912e-27  5.65000e-20  6.03358e-09  2.65665e-08
 2877.900  6.86275e-27  5.65000e-20  6.26963e-09  2.75960e-08
 2878.000  7.11635e-27  5.65000e-20  6.50600e-09  2.86261e-08
 2878.100  7.31795e-27  5.65000e-20  6.69512e-09  2.94476e-08
 2878.200  7.25606e-27  5.65000e-20  6.64328e-09  2.92091e-08
 2878.300  7.19425e-27  5.65000e-20  6.59142e-09  2.89706e-08
 2878.400  7.13244e-27  5.65000e-20  6.53948e-09  2.87321e-08
 2878.500  7.12853e-27  5.65000e-20  6.54059e-09  2.87266e-08
 2878.600  7.28422e-27  5.65000e-20  6.68823e-09  2.93645e-08
 2878.700  7.44008e-27  5.65000e-20  6.83625e-09  3.00036e-08
 2878.800  7.59575e-27  5.65000e-20  6.98428e-09  3.06423e-08
 2878.900  7.66278e-27  5.65000e-20  7.05096e-09  3.09238e-08
 2879.000  7.57569e-27  5.65000e-20  6.97582e-09  3.05833e-08
 2879.100  7.48861e-27  5.65000e-20  6.89683e-09  3.02344e-08
 2879.200  7.40143e-27  5.65000e-20  6.81772e-09  2.98850e-08
 2879.300  7.37921e-27  5.65000e-20  6.79844e-09  2.97979e-08
 2879.400  7.43192e-27  5.65000e-20  6.84818e-09  3.00133e-08
 2879.500  7.48462e-27  5.65000e-20  6.89794e-09  3.02288e-08
 2879.600  7.53732e-27  5.65000e-20  6.94772e-09  3.04442e-08
 2879.700  7.55451e-27  5.65000e-20  6.96477e-09  3.05163e-08
 2879.800  7.54401e-27  5.65000e-20  6.95630e-09  3.04766e-08
 2879.900  7.53352e-27  5.65000e-20  6.94783e-09  3.04368e-08
 2880.000  7.52302e-27  5.65000e-20  6.93936e-09  3.03971e-08
 2880.100  7.79869e-27  5.65000e-20  7.19489e-09  3.15136e-08
 2880.200  8.22190e-27  5.65000e-20  7.58665e-09  3.32267e-08
 2880.300  8.64456e-27  5.65000e-20  7.97804e-09  3.49378e-08
 2880.400  9.06720e-27  5.65000e-20  8.36954e-09  3.66491e-08
 2880.500  8.95341e-27  5.65000e-20  8.26594e-09  3.61923e-08
 2880.600  8.66975e-27  5.65000e-20  8.00545e-09  3.50487e-08
 2880.700  8.38577e-27  5.65000e-20  7.74457e-09  3.39036e-08
 2880.800  8.10215e-27  5.65000e-20  7.48394e-09  3.27598e-08
 2880.900  8.18856e-27  5.65000e-20  7.56507e-09  3.31120e-08
 2881.000  8.33601e-27  5.65000e-20  7.70263e-09  3.37112e-08
 2881.100  8.48346e-27  5.65000e-20  7.82713e-09  3.42818e-08
 2881.200  8.63107e-27  5.65000e-20  7.95137e-09  3.48521e-08
 2881.300  8.75518e-27  5.65000e-20  8.05359e-09  3.53267e-08
 2881.400  8.87823e-27  5.65000e-20  8.15448e-09  3.57962e-08
 2881.500  9.00127e-27  5.65000e-20  8.25503e-09  3.62649e-08
 2881.600  9.11203e-27  5.65000e-20  8.34398e-09  3.66834e-08
 2881.700  9.01146e-27  5.65000e-20  8.23940e-09  3.62511e-08
 2881.800  8.91102e-27  5.65000e-20  8.13523e-09  3.58199e-08
 2881.900  8.81059e-27  5.65000e-20  8.03134e-09  3.53893e-08
 2882.000  8.69961e-27  5.65000e-20  7.91812e-09  3.49170e-08
 2882.100  8.53165e-27  5.65000e-20  7.75342e-09  3.42167e-08
 2882.200  8.36349e-27  5.65000e-20  7.58899e-09  3.35167e-08
 2882.300  8.19555e-27  5.65000e-20  7.42525e-09  3.28186e-08
 2882.400  8.12440e-27  5.65000e-20  7.34953e-09  3.25088e-08
 2882.500  8.33573e-27  5.65000e-20  7.52914e-09  3.33289e-08
 2882.600  8.54705e-27  5.65000e-20  7.70816e-09  3.41475e-08
 2882.700  8.75861e-27  5.65000e-20  7.88679e-09  3.49658e-08
 2882.800  8.93983e-27  5.65000e-20  8.03758e-09  3.56618e-08
 2882.900  9.06620e-27  5.65000e-20  8.13862e-09  3.61380e-08
 2883.000  9.19256e-27  5.65000e-20  8.23929e-09  3.66133e-08
 2883.100  9.31891e-27  5.65000e-20  8.33906e-09  3.70866e-08
 2883.200  9.33118e-27  5.65000e-20  8.33653e-09  3.71054e-08
 2883.300  9.20538e-27  5.65000e-20  8.21083e-09  3.65755e-08
 2883.400  9.07958e-27  5.65000e-20  8.08548e-09  3.60464e-08
 2883.500  8.95379e-27  5.65000e-20  7.96050e-09  3.55181e-08
 2883.600  8.73681e-27  5.65000e-20  7.75494e-09  3.46291e-08
 2883.700  8.44507e-27  5.65000e-20  7.48375e-09  3.34454e-08
 2883.800  8.15370e-27  5.65000e-20  7.21375e-09  3.22651e-08
 2883.900  7.86235e-27  5.65000e-20  6.94460e-09  3.10868e-08
 2884.000  8.06543e-27  5.65000e-20  7.11229e-09  3.18636e-08
 2884.100  8.53520e-27  5.65000e-20  7.51418e-09  3.36917e-08
 2884.200  9.00551e-27  5.65000e-20  7.91517e-09  3.55189e-08
 2884.300  9.47521e-27  5.65000e-20  8.31429e-09  3.73407e-08
 2884.400  9.47762e-27  5.65000e-20  8.30266e-09  3.73194e-08
 2884.500  9.32301e-27  5.65000e-20  8.15371e-09  3.66802e-08
 2884.600  9.16841e-27  5.65000e-20  8.00520e-09  3.60420e-08
 2884.700  9.01363e-27  5.65000e-20  7.85698e-09  3.54041e-08
 2884.800  9.06755e-27  5.65000e-20  7.89084e-09  3.55863e-08
 2884.900  9.15901e-27  5.65000e-20  7.95715e-09  3.59153e-08
 2885.000  9.25047e-27  5.65000e-20  8.02319e-09  3.62436e-08
 2885.100  9.34192e-27  5.65000e-20  8.08841e-09  3.65700e-08
 2885.200  9.51175e-27  5.65000e-20  8.22108e-09  3.72023e-08
 2885.300  9.68590e-27  5.65000e-20  8.35698e-09  3.78504e-08
 2885.400  9.86004e-27  5.65000e-20  8.49234e-09  3.84972e-08
 2885.500  1.00192e-26  5.65000e-20  8.61425e-09  3.90841e-08
 2885.600  9.85186e-27  5.65000e-20  8.45553e-09  3.83977e-08
 2885.700  9.68438e-27  5.65000e-20  8.29714e-09  3.77117e-08
 2885.800  9.51711e-27  5.65000e-20  8.13947e-09  3.70277e-08
 2885.900  9.34272e-27  5.65000e-20  7.97620e-09  3.63170e-08
 2886.000  9.12555e-27  5.65000e-20  7.77700e-09  3.54414e-08
 2886.100  8.90839e-27  5.65000e-20  7.57846e-09  3.45673e-08
 2886.200  8.69098e-27  5.65000e-20  7.38036e-09  3.36937e-08
 2886.300  8.51898e-27  5.65000e-20  7.22143e-09  3.29975e-08
 2886.400  8.48666e-27  5.65000e-20  7.18120e-09  3.28430e-08
 2886.500  8.45434e-27  5.65000e-20  7.14106e-09  3.26887e-08
 2886.600  8.42203e-27  5.65000e-20  7.10103e-09  3.25345e-08
 2886.700  8.53371e-27  5.65000e-20  7.18227e-09  3.29364e-08
 2886.800  8.92119e-27  5.65000e-20  7.49490e-09  3.44009e-08
 2886.900  9.30864e-27  5.65000e-20  7.80631e-09  3.58626e-08
 2887.000  9.69606e-27  5.65000e-20  8.11653e-09  3.73215e-08
 2887.100  9.91624e-27  5.65000e-20  8.28525e-09  3.81331e-08
 2887.200  9.92426e-27  5.65000e-20  8.27633e-09  3.81280e-08
 2887.300  9.93228e-27  5.65000e-20  8.26740e-09  3.81228e-08
 2887.400  9.94030e-27  5.65000e-20  8.25844e-09  3.81175e-08
 2887.500  9.98792e-27  5.65000e-20  8.28228e-09  3.82638e-08
 2887.600  1.00693e-26  5.65000e-20  8.33393e-09  3.85390e-08
 2887.700  1.01508e-26  5.65000e-20  8.38539e-09  3.88139e-08
 2887.800  1.02322e-26  5.65000e-20  8.43653e-09  3.90879e-08
 2887.900  1.01798e-26  5.65000e-20  8.37730e-09  3.88506e-08
 2888.000  1.00517e-26  5.65000e-20  8.25606e-09  3.83250e-08
 2888.100  9.92363e-27  5.65000e-20  8.13523e-09  3.78003e-08
 2888.200  9.79539e-27  5.65000e-20  8.01466e-09  3.72760e-08
 2888.300  9.77771e-27  5.65000e-20  7.98480e-09  3.71729e-08
 2888.400  9.79933e-27  5.65000e-20  7.98701e-09  3.72191e-08
 2888.500  9.82094e-27  5.65000e-20  7.98915e-09  3.72651e-08
 2888.600  9.84256e-27  5.65000e-20  7.99122e-09  3.73109e-08
 2888.700  9.83809e-27  5.65000e-20  7.97207e-09  3.72577e-08
 2888.800  9.82848e-27  5.65000e-20  7.94881e-09  3.71852e-08
 2888.900  9.81888e-27  5.65000e-20  7.92556e-09  3.71126e-08
 2889.000  9.80928e-27  5.65000e-20  7.90234e-09  3.70401e-08
 2889.100  9.87225e-27  5.65000e-20  7.93705e-09  3.72403e-08
 2889.200  9.94042e-27  5.65000e-20  7.97570e-09  3.74596e-08
 2889.300  1.00085e-26  5.65000e-20  8.01410e-09  3.76780e-08
 2889.400  1.00713e-26  5.65000e-20  8.04801e-09  3.78758e-08
 2889.500  9.97842e-27  5.65000e-20  7.95761e-09  3.74885e-08
 2889.600  9.88557e-27  5.65000e-20  7.86751e-09  3.71018e-08
 2889.700  9.79262e-27  5.65000e-20  7.77761e-09  3.67154e-08
 2889.800  9.70347e-27  5.65000e-20  7.69106e-09  3.63440e-08
 2889.900  9.63861e-27  5.65000e-20  7.62399e-09  3.60640e-08
 2890.000  9.57374e-27  5.65000e-20  7.55712e-09  3.57845e-08
 2890.100  9.50889e-27  5.65000e-20  7.49047e-09  3.55055e-08
 2890.200  9.52463e-27  5.65000e-20  7.48738e-09  3.55275e-08
 2890.300  9.80934e-27  5.65000e-20  7.69526e-09  3.65517e-08
 2890.400  1.00940e-26  5.65000e-20  7.90219e-09  3.75735e-08
 2890.500  1.03787e-26  5.65000e-20  8.10817e-09  3.85930e-08
 2890.600  1.04746e-26  5.65000e-20  8.16606e-09  3.89091e-08
 2890.700  1.01843e-26  5.65000e-20  7.92312e-09  3.77910e-08
 2890.800  9.89430e-27  5.65000e-20  7.68145e-09  3.66767e-08
 2890.900  9.60434e-27  5.65000e-20  7.44072e-09  3.55645e-08
 2891.000  9.48017e-27  5.65000e-20  7.32909e-09  3.50678e-08
 2891.100  9.57812e-27  5.65000e-20  7.38563e-09  3.53842e-08
 2891.200  9.67618e-27  5.65000e-20  7.44183e-09  3.57000e-08
 2891.300  9.77412e-27  5.65000e-20  7.49758e-09  3.60143e-08
 2891.400  9.96657e-27  5.65000e-20  7.62523e-09  3.66754e-08
 2891.500  1.02433e-26  5.65000e-20  7.81638e-09  3.76442e-08
 2891.600  1.05199e-26  5.65000e-20  8.00641e-09  3.86101e-08
 2891.700  1.07969e-26  5.65000e-20  8.19555e-09  3.95744e-08
 2891.800  1.07201e-26  5.65000e-20  8.11577e-09  3.92410e-08
 2891.900  1.04336e-26  5.65000e-20  7.87793e-09  3.81416e-08
 2892.000  1.01471e-26  5.65000e-20  7.64125e-09  3.70449e-08
 2892.100  9.86062e-27  5.65000e-20  7.40573e-09  3.59511e-08
 2892.200  1.01576e-26  5.65000e-20  7.60836e-09  3.69842e-08
 2892.300  1.06746e-26  5.65000e-20  7.97425e-09  3.88148e-08
 2892.400  1.11917e-26  5.65000e-20  8.33802e-09  4.06401e-08
 2892.500  1.17087e-26  5.65000e-20  8.69968e-09  4.24601e-08
 2892.600  1.14152e-26  5.65000e-20  8.45873e-09  4.13400e-08
 2892.700  1.09484e-26  5.65000e-20  8.09077e-09  3.95954e-08
 2892.800  1.04821e-26  5.65000e-20  7.72518e-09  3.78577e-08
 2892.900  1.00159e-26  5.65000e-20  7.36145e-09  3.61245e-08
 2893.000  9.94847e-27  5.65000e-20  7.29193e-09  3.58323e-08
 2893.100  9.91432e-27  5.65000e-20  7.24372e-09  3.56523e-08
 2893.200  9.88012e-27  5.65000e-20  7.19561e-09  3.54724e-08
 2893.300  9.84284e-27  5.65000e-20  7.14546e-09  3.52818e-08
 2893.400  9.66648e-27  5.65000e-20  6.99481e-09  3.45938e-08
 2893.500  9.49012e-27  5.65000e-20  6.84500e-09  3.39077e-08
 2893.600  9.31378e-27  5.65000e-20  6.69602e-09  3.32236e-08
 2893.700  9.12644e-27  5.65000e-20  6.53996e-09  3.25023e-08
 2893.800  8.86086e-27  5.65000e-20  6.32892e-09  3.15049e-08
 2893.900  8.59528e-27  5.65000e-20  6.11911e-09  3.05106e-08
 2894.000  8.32973e-27  5.65000e-20  5.91056e-09  2.95193e-08
 2894.100  8.20860e-27  5.65000e-20  5.80539e-09  2.90420e-08
 2894.200  8.60425e-27  5.65000e-20  6.06504e-09  3.03913e-08
 2894.300  8.99938e-27  5.65000e-20  6.32251e-09  3.17341e-08
 2894.400  9.39449e-27  5.65000e-20  6.57809e-09  3.30721e-08
 2894.500  9.66562e-27  5.65000e-20  6.74528e-09  3.39696e-08
 2894.600  9.67022e-27  5.65000e-20  6.72584e-09  3.39287e-08
 2894.700  9.67483e-27  5.65000e-20  6.70635e-09  3.38876e-08
 2894.800  9.67943e-27  5.65000e-20  6.68688e-09  3.38464e-08
 2894.900  9.90814e-27  5.65000e-20  6.82165e-09  3.45873e-08
 2895.000  1.04510e-26  5.65000e-20  7.17088e-09  3.64200e-08
 2895.100  1.09938e-26  5.65000e-20  7.51436e-09  3.82380e-08
 2895.200  1.15372e-26  5.65000e-20  7.85537e-09  4.00506e-08
 2895.300  1.16904e-26  5.65000e-20  7.92889e-09  4.05038e-08
 2895.400  1.14771e-26  5.65000e-20  7.75398e-09  3.96875e-08
 2895.500  1.12638e-26  5.65000e-20  7.58021e-09  3.88739e-08
 2895.600  1.10505e-26  5.65000e-20  7.40756e-09  3.80631e-08
 2895.700  1.08862e-26  5.65000e-20  7.26868e-09  3.74233e-08
 2895.800  1.07531e-26  5.65000e-20  7.15146e-09  3.68926e-08
 2895.900  1.06199e-26  5.65000e-20  7.03492e-09  3.63635e-08
 2896.000  1.04868e-26  5.65000e-20  6.91907e-09  3.58361e-08
 2896.100  1.06269e-26  5.65000e-20  6.98347e-09  3.62422e-08
 2896.200  1.08779e-26  5.65000e-20  7.11967e-09  3.70235e-08
 2896.300  1.11285e-26  5.65000e-20  7.25439e-09  3.78003e-08
 2896.400  1.13791e-26  5.65000e-20  7.38775e-09  3.85733e-08
 2896.500  1.15181e-26  5.65000e-20  7.44755e-09  3.89648e-08
 2896.600  1.16309e-26  5.65000e-20  7.48982e-09  3.92662e-08
 2896.700  1.17439e-26  5.65000e-20  7.53154e-09  3.95662e-08
 2896.800  1.18567e-26  5.65000e-20  7.57263e-09  3.98641e-08
 2896.900  1.16110e-26  5.65000e-20  7.38503e-09  3.89571e-08
 2897.000  1.13297e-26  5.65000e-20  7.17617e-09  3.79342e-08
 2897.100  1.10484e-26  5.65000e-20  6.96901e-09  3.69156e-08
 2897.200  1.07688e-26  5.65000e-20  6.76438e-09  3.59065e-08
 2897.300  1.07294e-26  5.65000e-20  6.71152e-09  3.57005e-08
 2897.400  1.06901e-26  5.65000e-20  6.65884e-09  3.54948e-08
 2897.500  1.06507e-26  5.65000e-20  6.60636e-09  3.52895e-08
 2897.600  1.06104e-26  5.65000e-20  6.55351e-09  3.50815e-08
 2897.700  1.05622e-26  5.65000e-20  6.49601e-09  3.48479e-08
 2897.800  1.05141e-26  5.65000e-20  6.43885e-09  3.46152e-08
 2897.900  1.04660e-26  5.65000e-20  6.38191e-09  3.43829e-08
 2898.000  1.04486e-26  5.65000e-20  6.34381e-09  3.42515e-08
 2898.100  1.05498e-26  5.65000e-20  6.37752e-09  3.45082e-08
 2898.200  1.06510e-26  5.65000e-20  6.41074e-09  3.47637e-08
 2898.300  1.07522e-26  5.65000e-20  6.44340e-09  3.50172e-08
 2898.400  1.07819e-26  5.65000e-20  6.43284e-09  3.50367e-08
 2898.500  1.06479e-26  5.65000e-20  6.32490e-09  3.45250e-08
 2898.600  1.05139e-26  5.65000e-20  6.21766e-09  3.40150e-08
 2898.700  1.03797e-26  5.65000e-20  6.11101e-09  3.35062e-08
 2898.800  1.02911e-26  5.65000e-20  6.03179e-09  3.31458e-08
 2898.900  1.02689e-26  5.65000e-20  5.99180e-09  3.30002e-08
 2899.000  1.02468e-26  5.65000e-20  5.95194e-09  3.28548e-08
 2899.100  1.02247e-26  5.65000e-20  5.91241e-09  3.27101e-08
 2899.200  1.01622e-26  5.65000e-20  5.84978e-09  3.24369e-08
 2899.300  1.00602e-26  5.65000e-20  5.76485e-09  3.20386e-08
 2899.400  9.95825e-27  5.65000e-20  5.68043e-09  3.16416e-08
 2899.500  9.85627e-27  5.65000e-20  5.59654e-09  3.12458e-08
 2899.600  9.70792e-27  5.65000e-20  5.48697e-09  3.07047e-08
 2899.700  9.52869e-27  5.65000e-20  5.36078e-09  3.00681e-08
 2899.800  9.34970e-27  5.65000e-20  5.23569e-09  2.94348e-08
