Wave,TAU_spectrpol_S,TAU_spectrpol_P,TAU_spectrpol,TAU_spectr,coat_Rs,coat_Rp,coat_R,echelle_Rs,echelle_Rp,echelle_R,CD_Rs,CD_Rp,CD_R,dDOPED_QE,R_percent,EFF,Read Noise,Sky,Dark,BEF,Disp_Width,XDisp_Width
944.0,0.024263,0.049889,0.029968,0.039803,0.983,0.983,0.983,0.26998,0.57625,0.33831,0.82282,0.79264,0.81101,0.77432,0.9186000000000001,0.039803,0.0,0.0,5e-06,5.65e-20,3.1,3.1
944.8,0.022796,0.049499,0.028844,0.038309,0.98294,0.98294,0.98294,0.24475,0.52504,0.30775,0.8512,0.86157,0.85654,0.77444,0.9189200000000001,0.038309,0.0,0.0,5e-06,5.65e-20,3.1,3.1
945.6,0.019959,0.043099,0.025237,0.033518,0.98288,0.98288,0.98288,0.2182,0.47096,0.27551,0.83422,0.8346,0.83539,0.77456,0.9193600000000001,0.033518,0.0,0.0,5e-06,5.65e-20,3.1,3.1
946.4,0.017069,0.03665,0.021568,0.028646,0.98283,0.98283,0.98283,0.19008,0.41297,0.24105,0.81723,0.80762,0.81425,0.77469,0.91984,0.028646,0.0,0.0,5e-06,5.65e-20,3.1,3.1
947.2,0.014017,0.0299,0.017691,0.023496,0.98277,0.98277,0.98277,0.15901,0.34772,0.2025,0.80024,0.78064,0.79311,0.77481,0.92032,0.023496,0.0,0.0,5e-06,5.65e-20,3.1,3.1
948.0,0.011074,0.023525,0.013985,0.018574,0.98273,0.98273,0.98273,0.12795,0.28246,0.16394,0.78326,0.75367,0.77197,0.77494,0.9208000000000001,0.018574,0.0,0.0,5e-06,5.65e-20,3.1,3.1
948.8,0.032198,0.058801,0.038018,0.050492,0.98268,0.98268,0.98268,0.37849,0.72886,0.4561,0.76627,0.72669,0.75082,0.77506,0.92128,0.050492,0.0,0.0,5e-06,5.65e-20,3.1,3.1
949.6,0.033226,0.060257,0.039173,0.052025,0.98265,0.98265,0.98265,0.39702,0.77102,0.48065,0.74929,0.69972,0.72968,0.77519,0.92176,0.052025,0.0,0.0,5e-06,5.65e-20,3.1,3.1
950.4,0.033606,0.060464,0.039543,0.052516,0.98262,0.98262,0.98262,0.40789,0.79884,0.49604,0.7323,0.67274,0.70854,0.77531,0.92208,0.052516,0.0,0.0,5e-06,5.65e-20,3.1,3.1
951.2,0.032248,0.057636,0.037893,0.050324,0.98261,0.98261,0.98261,0.39722,0.78639,0.4857,0.71531,0.64577,0.6874,0.77543,0.9222400000000001,0.050324,0.0,0.0,5e-06,5.65e-20,3.1,3.1
952.0,0.030969,0.054943,0.036335,0.048255,0.9826,0.9826,0.9826,0.38654,0.77393,0.47536,0.69833,0.61879,0.66626,0.77556,0.9224,0.048255,0.0,0.0,5e-06,5.65e-20,3.1,3.1
952.8,0.035677,0.07329,0.044446,0.059026,0.9826,0.9826,0.9826,0.35852,0.72529,0.44326,0.85722,0.87047,0.86376,0.77568,0.92256,0.059026,0.0,0.0,5e-06,5.65e-20,3.1,3.1
953.6,0.031945,0.065659,0.039853,0.052926,0.9826,0.9826,0.9826,0.32261,0.66021,0.40127,0.84144,0.8451,0.84395,0.77581,0.9227200000000001,0.052926,0.0,0.0,5e-06,5.65e-20,3.1,3.1
954.4,0.028151,0.057963,0.035196,0.046742,0.98261,0.98261,0.98261,0.28533,0.59175,0.3574,0.82565,0.81972,0.82414,0.77593,0.92288,0.046742,0.0,0.0,5e-06,5.65e-20,3.1,3.1
955.2,0.02347,0.048225,0.029354,0.038982,0.98263,0.98263,0.98263,0.23849,0.49963,0.30034,0.80987,0.79435,0.80433,0.77605,0.92308,0.038982,0.0,0.0,5e-06,5.65e-20,3.1,3.1
956.0,0.018827,0.038767,0.023612,0.031357,0.98264,0.98264,0.98264,0.19165,0.40751,0.24329,0.79409,0.76897,0.78451,0.77618,0.9234,0.031357,0.0,0.0,5e-06,5.65e-20,3.1,3.1
956.8,0.038003,0.066151,0.044257,0.058773,0.98266,0.98266,0.98266,0.38728,0.70559,0.45904,0.7783,0.7436,0.7647,0.7763,0.92372,0.058773,0.0,0.0,5e-06,5.65e-20,3.1,3.1
957.6,0.041279,0.071733,0.048076,0.063843,0.98267,0.98267,0.98267,0.42071,0.77618,0.50157,0.76252,0.71822,0.74489,0.77643,0.9240400000000001,0.063843,0.0,0.0,5e-06,5.65e-20,3.1,3.1
958.4,0.044596,0.077152,0.051882,0.068897,0.98269,0.98269,0.98269,0.45414,0.84677,0.54411,0.74674,0.69285,0.72508,0.77655,0.9243600000000001,0.068897,0.0,0.0,5e-06,5.65e-20,3.1,3.1
959.2,0.044286,0.076333,0.051499,0.068388,0.9827,0.9827,0.9827,0.45043,0.85021,0.54287,0.73095,0.66747,0.70527,0.77667,0.9246800000000001,0.068388,0.0,0.0,5e-06,5.65e-20,3.1,3.1
960.0,0.043757,0.075091,0.050854,0.067531,0.98271,0.98271,0.98271,0.44476,0.85011,0.53931,0.71517,0.6421,0.68546,0.7768,0.925,0.067531,0.0,0.0,5e-06,5.65e-20,3.1,3.1
960.8,0.051581,0.10036,0.063136,0.083839,0.98272,0.98272,0.98272,0.42799,0.82781,0.52201,0.85419,0.85923,0.85721,0.77692,0.92532,0.083839,0.0,0.0,5e-06,5.65e-20,3.1,3.1
961.6,0.048009,0.095274,0.05932,0.078772,0.98272,0.98272,0.98272,0.38939,0.7619,0.47771,0.85122,0.86335,0.85732,0.77705,0.92564,0.078772,0.0,0.0,5e-06,5.65e-20,3.1,3.1
962.4,0.043638,0.086831,0.054043,0.071763,0.98272,0.98272,0.98272,0.3508,0.69599,0.43341,0.83668,0.83914,0.83868,0.77717,0.92596,0.071763,0.0,0.0,5e-06,5.65e-20,3.1,3.1
963.2,0.037823,0.075197,0.046874,0.062244,0.98272,0.98272,0.98272,0.30138,0.60448,0.37445,0.82214,0.81493,0.82005,0.7773,0.9262800000000001,0.062244,0.0,0.0,5e-06,5.65e-20,3.1,3.1
964.0,0.031459,0.062554,0.039041,0.051842,0.98271,0.98271,0.98271,0.2481,0.50385,0.31027,0.80759,0.79072,0.80141,0.77742,0.9266000000000001,0.051842,0.0,0.0,5e-06,5.65e-20,3.1,3.1
964.8,0.047924,0.081404,0.055543,0.073754,0.9827,0.9827,0.9827,0.37408,0.65741,0.43925,0.79305,0.76651,0.78277,0.77754,0.9269200000000001,0.073754,0.0,0.0,5e-06,5.65e-20,3.1,3.1
965.6,0.053721,0.09139,0.062341,0.082779,0.98269,0.98269,0.98269,0.4154,0.74115,0.49112,0.77851,0.7423,0.76413,0.77767,0.9272400000000001,0.082779,0.0,0.0,5e-06,5.65e-20,3.1,3.1
966.4,0.059577,0.10114,0.069119,0.09178,0.98268,0.98268,0.98268,0.45672,0.82488,0.543,0.76396,0.71809,0.74549,0.77779,0.92756,0.09178,0.0,0.0,5e-06,5.65e-20,3.1,3.1
967.2,0.062885,0.10632,0.072888,0.096782,0.98267,0.98267,0.98267,0.47831,0.87339,0.5716,0.74942,0.69388,0.72686,0.77792,0.92788,0.096782,0.0,0.0,5e-06,5.65e-20,3.1,3.1
968.0,0.063144,0.10628,0.073125,0.097097,0.98265,0.98265,0.98265,0.47697,0.88097,0.57315,0.73487,0.66967,0.70822,0.77804,0.9282,0.097097,0.0,0.0,5e-06,5.65e-20,3.1,3.1
968.8,0.063209,0.10581,0.073116,0.097083,0.98264,0.98264,0.98264,0.47562,0.88855,0.5747,0.72033,0.64546,0.68958,0.77816,0.92852,0.097083,0.0,0.0,5e-06,5.65e-20,3.1,3.1
969.6,0.0721,0.1395,0.088599,0.11764,0.98263,0.98263,0.98263,0.44387,0.83726,0.53892,0.86099,0.88317,0.87142,0.77829,0.9288400000000001,0.11764,0.0,0.0,5e-06,5.65e-20,3.1,3.1
970.4,0.066152,0.12798,0.081351,0.10802,0.98262,0.98262,0.98262,0.40511,0.77239,0.49453,0.84764,0.86007,0.85391,0.77841,0.92916,0.10802,0.0,0.0,5e-06,5.65e-20,3.1,3.1
971.2,0.059552,0.11526,0.073318,0.097349,0.9826,0.9826,0.9826,0.36344,0.70112,0.44632,0.83428,0.83698,0.83639,0.77854,0.9294800000000001,0.097349,0.0,0.0,5e-06,5.65e-20,3.1,3.1
972.0,0.050325,0.097072,0.061921,0.082216,0.98259,0.98259,0.98259,0.30679,0.59689,0.37842,0.82093,0.81388,0.81888,0.77866,0.9298000000000001,0.082216,0.0,0.0,5e-06,5.65e-20,3.1,3.1
972.8,0.041007,0.079084,0.050515,0.067071,0.98258,0.98258,0.98258,0.25014,0.49266,0.31053,0.80757,0.79079,0.80137,0.77879,0.9301200000000001,0.067071,0.0,0.0,5e-06,5.65e-20,3.1,3.1
973.6,0.064169,0.10791,0.074472,0.09888,0.98257,0.98257,0.98257,0.39228,0.68246,0.46129,0.79422,0.76769,0.78385,0.77891,0.93044,0.09888,0.0,0.0,5e-06,5.65e-20,3.1,3.1
974.4,0.071403,0.11988,0.08286,0.11002,0.98256,0.98256,0.98256,0.4382,0.77155,0.51815,0.78086,0.7446,0.76634,0.77903,0.93076,0.11002,0.0,0.0,5e-06,5.65e-20,3.1,3.1
975.2,0.078441,0.13109,0.0909,0.12069,0.98255,0.98255,0.98255,0.48412,0.86064,0.57501,0.76751,0.7215,0.74882,0.77916,0.93108,0.12069,0.0,0.0,5e-06,5.65e-20,3.1,3.1
976.0,0.079567,0.13227,0.092071,0.12224,0.98253,0.98253,0.98253,0.49472,0.88804,0.59035,0.75415,0.69841,0.73131,0.77928,0.9314,0.12224,0.0,0.0,5e-06,5.65e-20,3.1,3.1
976.8,0.07915,0.13079,0.091442,0.12141,0.98252,0.98252,0.98252,0.4965,0.90001,0.59531,0.7408,0.67531,0.7138,0.77941,0.93172,0.12141,0.0,0.0,5e-06,5.65e-20,3.1,3.1
977.6,0.090664,0.16285,0.10843,0.14397,0.9825,0.9825,0.9825,0.49429,0.90455,0.59543,0.8457,0.83007,0.83967,0.77953,0.9320400000000001,0.14397,0.0,0.0,5e-06,5.65e-20,3.1,3.1
978.4,0.085484,0.16212,0.10476,0.13909,0.98248,0.98248,0.98248,0.45622,0.84219,0.55198,0.8582,0.88164,0.86925,0.77965,0.9323600000000001,0.13909,0.0,0.0,5e-06,5.65e-20,3.1,3.1
979.2,0.077676,0.14719,0.095228,0.12643,0.98245,0.98245,0.98245,0.41814,0.77982,0.50853,0.84603,0.85962,0.85284,0.77978,0.9326800000000001,0.12643,0.0,0.0,5e-06,5.65e-20,3.1,3.1
980.0,0.068452,0.12949,0.083922,0.11142,0.98243,0.98243,0.98243,0.37206,0.70066,0.45474,0.83386,0.83759,0.83643,0.7799,0.933,0.11142,0.0,0.0,5e-06,5.65e-20,3.1,3.1
980.8,0.057011,0.10745,0.069839,0.09272,0.9824,0.9824,0.9824,0.31332,0.59494,0.3846,0.82169,0.81557,0.82002,0.78003,0.93316,0.09272,0.0,0.0,5e-06,5.65e-20,3.1,3.1
981.6,0.045767,0.086216,0.05612,0.074506,0.98236,0.98236,0.98236,0.25458,0.48923,0.31446,0.80952,0.79355,0.80361,0.78015,0.93332,0.074506,0.0,0.0,5e-06,5.65e-20,3.1,3.1
982.4,0.071695,0.11777,0.082823,0.10996,0.98232,0.98232,0.98232,0.40396,0.68579,0.47268,0.79736,0.77152,0.7872,0.78027,0.9334800000000001,0.10996,0.0,0.0,5e-06,5.65e-20,3.1,3.1
983.2,0.079219,0.13017,0.091566,0.12156,0.98228,0.98228,0.98228,0.45241,0.77879,0.53269,0.78519,0.7495,0.77079,0.7804,0.93364,0.12156,0.0,0.0,5e-06,5.65e-20,3.1,3.1
984.0,0.08649,0.14167,0.099883,0.1326,0.98224,0.98224,0.98224,0.50086,0.87179,0.59271,0.77302,0.72748,0.75438,0.78052,0.9338000000000001,0.1326,0.0,0.0,5e-06,5.65e-20,3.1,3.1
984.8,0.086395,0.14117,0.099748,0.13242,0.9822,0.9822,0.9822,0.50761,0.89456,0.60423,0.76085,0.70545,0.73797,0.78065,0.93396,0.13242,0.0,0.0,5e-06,5.65e-20,3.1,3.1
985.6,0.085795,0.13972,0.099003,0.13143,0.98215,0.98215,0.98215,0.51157,0.91266,0.61251,0.74868,0.68343,0.72156,0.78077,0.9342400000000001,0.13143,0.0,0.0,5e-06,5.65e-20,3.1,3.1
986.4,0.097205,0.17462,0.1169,0.15519,0.98211,0.98211,0.98211,0.50775,0.91627,0.6113,0.85345,0.8496,0.85252,0.7809,0.9345600000000001,0.15519,0.0,0.0,5e-06,5.65e-20,3.1,3.1
987.2,0.09066,0.17036,0.11129,0.14774,0.98207,0.98207,0.98207,0.47021,0.85712,0.56895,0.85834,0.88483,0.87077,0.78102,0.93488,0.14774,0.0,0.0,5e-06,5.65e-20,3.1,3.1
988.0,0.082473,0.15507,0.10134,0.13453,0.98202,0.98202,0.98202,0.43267,0.79798,0.52661,0.84737,0.86386,0.85547,0.78114,0.9352,0.13453,0.0,0.0,5e-06,5.65e-20,3.1,3.1
988.8,0.072654,0.13649,0.089312,0.11856,0.98198,0.98198,0.98198,0.38563,0.71887,0.47191,0.83639,0.84289,0.84017,0.78127,0.93552,0.11856,0.0,0.0,5e-06,5.65e-20,3.1,3.1
989.6,0.060647,0.1136,0.074518,0.098923,0.98194,0.98194,0.98194,0.32574,0.61276,0.4005,0.82542,0.82193,0.82487,0.78139,0.9358400000000001,0.098923,0.0,0.0,5e-06,5.65e-20,3.1,3.1
990.4,0.048899,0.09165,0.060172,0.079878,0.98191,0.98191,0.98191,0.26584,0.50665,0.3291,0.81444,0.80096,0.80957,0.78152,0.93616,0.079878,0.0,0.0,5e-06,5.65e-20,3.1,3.1
991.2,0.073929,0.11821,0.084854,0.11264,0.98187,0.98187,0.98187,0.40692,0.67021,0.47246,0.80347,0.78,0.79427,0.78164,0.9364800000000001,0.11264,0.0,0.0,5e-06,5.65e-20,3.1,3.1
992.0,0.081926,0.13139,0.09418,0.12502,0.98184,0.98184,0.98184,0.45659,0.76456,0.534,0.79249,0.75903,0.77897,0.78176,0.9368,0.12502,0.0,0.0,5e-06,5.65e-20,3.1,3.1
992.8,0.089674,0.14368,0.10308,0.13683,0.98181,0.98181,0.98181,0.50625,0.85891,0.59553,0.78152,0.73806,0.76367,0.78189,0.93712,0.13683,0.0,0.0,5e-06,5.65e-20,3.1,3.1
993.6,0.090387,0.14463,0.10391,0.13793,0.98179,0.98179,0.98179,0.51709,0.88908,0.61206,0.77054,0.7171,0.74837,0.78201,0.9374399999999999,0.13793,0.0,0.0,5e-06,5.65e-20,3.1,3.1
994.4,0.090075,0.14382,0.10354,0.13744,0.98177,0.98177,0.98177,0.52238,0.91008,0.62216,0.75957,0.69613,0.73307,0.78214,0.9377599999999999,0.13744,0.0,0.0,5e-06,5.65e-20,3.1,3.1
995.2,0.10187,0.17748,0.12149,0.16127,0.98175,0.98175,0.98175,0.5245,0.92527,0.62839,0.85511,0.84448,0.85116,0.78226,0.93804,0.16127,0.0,0.0,5e-06,5.65e-20,3.1,3.1
996.0,0.095345,0.1758,0.11666,0.15486,0.98174,0.98174,0.98174,0.48741,0.86876,0.58694,0.86075,0.89041,0.87458,0.78239,0.9381999999999999,0.15486,0.0,0.0,5e-06,5.65e-20,3.1,3.1
996.8,0.087119,0.16079,0.10671,0.14165,0.98173,0.98173,0.98173,0.45032,0.81225,0.54549,0.85095,0.8707,0.86048,0.78251,0.93836,0.14165,0.0,0.0,5e-06,5.65e-20,3.1,3.1
997.6,0.077867,0.1438,0.095478,0.12674,0.98172,0.98172,0.98172,0.40707,0.74305,0.49606,0.84115,0.85099,0.84638,0.78263,0.9385199999999999,0.12674,0.0,0.0,5e-06,5.65e-20,3.1,3.1
998.4,0.065525,0.12067,0.080305,0.10659,0.98172,0.98172,0.98172,0.34652,0.63818,0.42421,0.83135,0.83128,0.83227,0.78276,0.93868,0.10659,0.0,0.0,5e-06,5.65e-20,3.1,3.1
999.2,0.053448,0.098466,0.065587,0.087057,0.98172,0.98172,0.98172,0.28596,0.5333,0.35236,0.82156,0.81158,0.81817,0.78287,0.93884,0.087057,0.0,0.0,5e-06,5.65e-20,3.1,3.1
1000.0,0.074019,0.11537,0.084429,0.11207,0.98173,0.98173,0.98173,0.40067,0.64022,0.46139,0.81176,0.79187,0.80406,0.78295,0.939,0.11207,0.0,0.0,5e-06,5.65e-20,3.1,3.1
1000.8,0.082309,0.12898,0.0941,0.1249,0.98174,0.98174,0.98174,0.45088,0.73381,0.5233,0.80196,0.77216,0.78996,0.78304,0.9390799999999999,0.1249,0.0,0.0,5e-06,5.65e-20,3.1,3.1
1001.6,0.090395,0.14178,0.1034,0.13724,0.98176,0.98176,0.98176,0.50109,0.8274,0.58521,0.79216,0.75245,0.77585,0.78312,0.93916,0.13724,0.0,0.0,5e-06,5.65e-20,3.1,3.1
1002.4,0.093379,0.14639,0.10683,0.14179,0.98177,0.98177,0.98177,0.52384,0.87681,0.6155,0.78236,0.73274,0.76175,0.7832,0.93924,0.14179,0.0,0.0,5e-06,5.65e-20,3.1,3.1
1003.2,0.093365,0.14625,0.10683,0.1418,0.98179,0.98179,0.98179,0.53012,0.89971,0.62681,0.77256,0.71303,0.74765,0.78328,0.9393199999999999,0.1418,0.0,0.0,5e-06,5.65e-20,3.1,3.1
1004.0,0.10055,0.16632,0.11774,0.15627,0.98182,0.98182,0.98182,0.53639,0.92261,0.63811,0.82188,0.79033,0.80895,0.78336,0.9393999999999999,0.15627,0.0,0.0,5e-06,5.65e-20,3.1,3.1
1004.8,0.10041,0.18022,0.12188,0.16178,0.98184,0.98184,0.98184,0.51078,0.88877,0.61096,0.86147,0.88858,0.87421,0.78344,0.93948,0.16178,0.0,0.0,5e-06,5.65e-20,3.1,3.1
1005.6,0.092588,0.1678,0.11292,0.14988,0.98186,0.98186,0.98186,0.47453,0.836,0.57098,0.85438,0.8789,0.86604,0.78353,0.93956,0.14988,0.0,0.0,5e-06,5.65e-20,3.1,3.1
1006.4,0.084721,0.15403,0.10354,0.13742,0.98188,0.98188,0.98188,0.43829,0.78324,0.531,0.84578,0.8605,0.85316,0.78361,0.9396399999999999,0.13742,0.0,0.0,5e-06,5.65e-20,3.1,3.1
1007.2,0.072949,0.1324,0.089131,0.1183,0.98189,0.98189,0.98189,0.38099,0.68742,0.46377,0.83717,0.84211,0.84029,0.78369,0.93972,0.1183,0.0,0.0,5e-06,5.65e-20,3.1,3.1
1008.0,0.060813,0.11038,0.07436,0.098693,0.98191,0.98191,0.98191,0.32067,0.58546,0.39266,0.82857,0.82371,0.82741,0.78377,0.9398,0.098693,0.0,0.0,5e-06,5.65e-20,3.1,3.1
1008.8,0.048891,0.089168,0.05998,0.079607,0.98192,0.98192,0.98192,0.26036,0.48349,0.32154,0.81997,0.80531,0.81454,0.78385,0.9398799999999999,0.079607,0.0,0.0,5e-06,5.65e-20,3.1,3.1
1009.6,0.080227,0.12309,0.091187,0.12102,0.98192,0.98192,0.98192,0.43153,0.68268,0.49642,0.81136,0.78691,0.80167,0.78393,0.9399599999999999,0.12102,0.0,0.0,5e-06,5.65e-20,3.1,3.1
1010.4,0.088733,0.13658,0.10099,0.13404,0.98193,0.98193,0.98193,0.48217,0.77524,0.55849,0.80276,0.76851,0.78879,0.78401,0.9410799999999999,0.13404,0.0,0.0,5e-06,5.65e-20,3.1,3.1
1011.2,0.096055,0.14786,0.10934,0.14511,0.98192,0.98192,0.98192,0.52738,0.85946,0.61443,0.79416,0.75012,0.77592,0.7841,0.94124,0.14511,0.0,0.0,5e-06,5.65e-20,3.1,3.1
1012.0,0.096352,0.14862,0.10982,0.14575,0.98191,0.98191,0.98191,0.53463,0.88532,0.62735,0.78555,0.73172,0.76304,0.78418,0.9413999999999999,0.14575,0.0,0.0,5e-06,5.65e-20,3.1,3.1
1012.8,0.096599,0.14913,0.1102,0.14626,0.9819,0.9819,0.9819,0.54188,0.91118,0.64027,0.77695,0.71332,0.75017,0.78426,0.94156,0.14626,0.0,0.0,5e-06,5.65e-20,3.1,3.1
1013.6,0.10644,0.18145,0.12667,0.1681,0.98188,0.98188,0.98188,0.5382,0.91779,0.64003,0.86185,0.86154,0.86245,0.78434,0.94172,0.1681,0.0,0.0,5e-06,5.65e-20,3.1,3.1
1014.4,0.098823,0.17719,0.12034,0.15971,0.98186,0.98186,0.98186,0.50172,0.86665,0.60029,0.85831,0.89095,0.87357,0.78442,0.9418799999999999,0.15971,0.0,0.0,5e-06,5.65e-20,3.1,3.1
1015.2,0.090845,0.16353,0.11087,0.14714,0.98184,0.98184,0.98184,0.46525,0.81551,0.56056,0.85091,0.87386,0.86193,0.7845,0.94204,0.14714,0.0,0.0,5e-06,5.65e-20,3.1,3.1
1016.0,0.081144,0.14643,0.099201,0.13165,0.98181,0.98181,0.98181,0.41924,0.74486,0.50845,0.8435,0.85677,0.85028,0.78458,0.9421999999999999,0.13165,0.0,0.0,5e-06,5.65e-20,3.1,3.1
1016.8,0.068553,0.12363,0.083834,0.11126,0.98179,0.98179,0.98179,0.35735,0.64169,0.43569,0.8361,0.83968,0.83864,0.78467,0.94236,0.11126,0.0,0.0,5e-06,5.65e-20,3.1,3.1
1017.6,0.056168,0.10162,0.068853,0.091374,0.98176,0.98176,0.98176,0.29546,0.53852,0.36293,0.8287,0.82258,0.82699,0.78475,0.9425199999999999,0.091374,0.0,0.0,5e-06,5.65e-20,3.1,3.1
1018.4,0.077407,0.11676,0.087626,0.11629,0.98173,0.98173,0.98173,0.41098,0.6321,0.46862,0.8213,0.80549,0.81535,0.78483,0.94268,0.11629,0.0,0.0,5e-06,5.65e-20,3.1,3.1
1019.2,0.085805,0.13071,0.097519,0.12941,0.98171,0.98171,0.98171,0.45987,0.72319,0.52927,0.81389,0.7884,0.80371,0.78491,0.94284,0.12941,0.0,0.0,5e-06,5.65e-20,3.1,3.1
1020.0,0.094053,0.14397,0.1071,0.14213,0.98168,0.98168,0.98168,0.50876,0.81428,0.58992,0.80649,0.77131,0.79206,0.78499,0.945,0.14213,0.0,0.0,5e-06,5.65e-20,3.1,3.1
1020.8,0.098307,0.15081,0.11208,0.14873,0.98166,0.98166,0.98166,0.53687,0.87257,0.62671,0.79909,0.75422,0.78042,0.78507,0.945,0.14873,0.0,0.0,5e-06,5.65e-20,3.1,3.1
1021.6,0.098705,0.15167,0.11266,0.1495,0.98164,0.98164,0.98164,0.5442,0.89809,0.63966,0.79169,0.73713,0.76878,0.78516,0.945,0.1495,0.0,0.0,5e-06,5.65e-20,3.1,3.1
1022.4,0.10364,0.16595,0.12041,0.15979,0.98162,0.98162,0.98162,0.55153,0.9236,0.6526,0.8204,0.78446,0.80552,0.78524,0.945,0.15979,0.0,0.0,5e-06,5.65e-20,3.1,3.1
1023.2,0.10608,0.18304,0.12735,0.169,0.9816,0.9816,0.9816,0.53754,0.9116,0.6398,0.86179,0.87681,0.86922,0.78532,0.945,0.169,0.0,0.0,5e-06,5.65e-20,3.1,3.1
1024.0,0.098383,0.17559,0.11997,0.1592,0.98158,0.98158,0.98158,0.50224,0.8621,0.60125,0.85564,0.88964,0.87157,0.7854,0.945,0.1592,0.0,0.0,5e-06,5.65e-20,3.1,3.1
1024.8,0.090791,0.16254,0.11092,0.14719,0.98157,0.98157,0.98157,0.46695,0.81261,0.5627,0.84944,0.87387,0.86116,0.78548,0.945,0.14719,0.0,0.0,5e-06,5.65e-20,3.1,3.1
1025.6,0.08059,0.14442,0.098551,0.13077,0.98155,0.98155,0.98155,0.41763,0.73544,0.50619,0.84324,0.8581,0.85075,0.78556,0.945,0.13077,0.0,0.0,5e-06,5.65e-20,3.1,3.1
1026.4,0.067854,0.12154,0.083012,0.11015,0.98154,0.98154,0.98154,0.35428,0.63059,0.43172,0.83704,0.84233,0.84034,0.78564,0.945,0.11015,0.0,0.0,5e-06,5.65e-20,3.1,3.1
1027.2,0.055303,0.099425,0.067834,0.090012,0.98154,0.98154,0.98154,0.29093,0.52575,0.35724,0.83084,0.82656,0.82993,0.78573,0.945,0.090012,0.0,0.0,5e-06,5.65e-20,3.1,3.1
1028.0,0.07983,0.11934,0.090279,0.11979,0.98153,0.98153,0.98153,0.42324,0.64354,0.48163,0.82464,0.81079,0.81952,0.78581,0.945,0.11979,0.0,0.0,5e-06,5.65e-20,3.1,3.1
1028.8,0.088331,0.133,0.10017,0.13292,0.98153,0.98153,0.98153,0.47186,0.7314,0.54131,0.81844,0.79502,0.80911,0.78589,0.945,0.13292,0.0,0.0,5e-06,5.65e-20,3.1,3.1
1029.6,0.096686,0.146,0.10978,0.14566,0.98153,0.98153,0.98153,0.52049,0.81926,0.60098,0.81224,0.77925,0.7987,0.78597,0.945,0.14566,0.0,0.0,5e-06,5.65e-20,3.1,3.1
1030.4,0.10018,0.1516,0.11387,0.15109,0.98153,0.98153,0.98153,0.5435,0.86832,0.63167,0.80604,0.76348,0.78829,0.78605,0.94704,0.15109,0.0,0.0,5e-06,5.65e-20,3.1,3.1
1031.2,0.1008,0.15287,0.11472,0.15222,0.98153,0.98153,0.98153,0.55115,0.89409,0.64496,0.79984,0.74771,0.77788,0.78613,0.94712,0.15222,0.0,0.0,5e-06,5.65e-20,3.1,3.1
1032.0,0.1063,0.16906,0.12348,0.16384,0.98154,0.98154,0.98154,0.55879,0.91987,0.65826,0.83193,0.8037,0.82034,0.78621,0.9471999999999999,0.16384,0.0,0.0,5e-06,5.65e-20,3.1,3.1
1032.8,0.10655,0.18096,0.12741,0.16906,0.98154,0.98154,0.98154,0.5403,0.90054,0.64015,0.8624,0.87877,0.87043,0.7863,0.9472799999999999,0.16906,0.0,0.0,5e-06,5.65e-20,3.1,3.1
1033.6,0.098842,0.1742,0.12024,0.15955,0.98155,0.98155,0.98155,0.50611,0.85416,0.60321,0.85404,0.89187,0.87173,0.78638,0.94736,0.15955,0.0,0.0,5e-06,5.65e-20,3.1,3.1
1034.4,0.091625,0.16205,0.11168,0.14819,0.98156,0.98156,0.98156,0.47193,0.80778,0.56627,0.84897,0.87724,0.86243,0.78646,0.94744,0.14819,0.0,0.0,5e-06,5.65e-20,3.1,3.1
1035.2,0.081762,0.14476,0.099753,0.13236,0.98156,0.98156,0.98156,0.42362,0.73376,0.51125,0.8439,0.86261,0.85313,0.78654,0.9475199999999999,0.13236,0.0,0.0,5e-06,5.65e-20,3.1,3.1
1036.0,0.069303,0.12261,0.084571,0.11221,0.98157,0.98157,0.98157,0.36119,0.63211,0.43815,0.83883,0.84798,0.84383,0.78662,0.9476,0.11221,0.0,0.0,5e-06,5.65e-20,3.1,3.1
1036.8,0.056986,0.10113,0.069696,0.092472,0.98158,0.98158,0.98158,0.29876,0.53046,0.36506,0.83376,0.83334,0.83454,0.7867,0.94768,0.092472,0.0,0.0,5e-06,5.65e-20,3.1,3.1
1037.6,0.080632,0.1196,0.091135,0.12092,0.98158,0.98158,0.98158,0.42523,0.63844,0.48263,0.82869,0.81871,0.82524,0.78679,0.9477599999999999,0.12092,0.0,0.0,5e-06,5.65e-20,3.1,3.1
1038.4,0.089165,0.13395,0.1013,0.1344,0.98158,0.98158,0.98158,0.47306,0.72793,0.54248,0.82362,0.80408,0.81594,0.78687,0.94784,0.1344,0.0,0.0,5e-06,5.65e-20,3.1,3.1
1039.2,0.097583,0.14769,0.1112,0.14754,0.98158,0.98158,0.98158,0.52089,0.81742,0.60233,0.81855,0.78945,0.80664,0.78695,0.94792,0.14754,0.0,0.0,5e-06,5.65e-20,3.1,3.1
1040.0,0.10214,0.15523,0.11662,0.15473,0.98157,0.98157,0.98157,0.5485,0.87516,0.63892,0.81348,0.77482,0.79735,0.78703,0.949,0.15473,0.0,0.0,5e-06,5.65e-20,3.1,3.1
1040.8,0.1029,0.15685,0.11769,0.15614,0.98156,0.98156,0.98156,0.55591,0.90115,0.65223,0.80841,0.76019,0.78805,0.78711,0.9490799999999999,0.15614,0.0,0.0,5e-06,5.65e-20,3.1,3.1
1041.6,0.10757,0.17116,0.12535,0.16631,0.98155,0.98155,0.98155,0.56332,0.92714,0.66555,0.83388,0.80615,0.82245,0.78719,0.9491599999999999,0.16631,0.0,0.0,5e-06,5.65e-20,3.1,3.1
1042.4,0.10974,0.18612,0.13156,0.17454,0.98153,0.98153,0.98153,0.55441,0.92485,0.65916,0.86434,0.87877,0.8715,0.78727,0.94924,0.17454,0.0,0.0,5e-06,5.65e-20,3.1,3.1
1043.2,0.10116,0.17939,0.12381,0.16426,0.98151,0.98151,0.98151,0.51831,0.87543,0.61995,0.85225,0.89481,0.8721,0.78736,0.9493199999999999,0.16426,0.0,0.0,5e-06,5.65e-20,3.1,3.1
1044.0,0.093701,0.16678,0.11493,0.15248,0.98149,0.98149,0.98149,0.48221,0.82601,0.58073,0.84839,0.88153,0.86405,0.78744,0.9493999999999999,0.15248,0.0,0.0,5e-06,5.65e-20,3.1,3.1
1044.8,0.084532,0.15077,0.10383,0.13775,0.98146,0.98146,0.98146,0.43693,0.75798,0.52949,0.84452,0.86826,0.856,0.78752,0.94948,0.13775,0.0,0.0,5e-06,5.65e-20,3.1,3.1
1045.6,0.072488,0.12909,0.089025,0.11811,0.98144,0.98144,0.98144,0.37634,0.65895,0.45821,0.84066,0.85498,0.84796,0.7876,0.94956,0.11811,0.0,0.0,5e-06,5.65e-20,3.1,3.1
1046.4,0.060539,0.10799,0.074465,0.09879,0.98141,0.98141,0.98141,0.31574,0.55992,0.38694,0.83679,0.84171,0.83991,0.78768,0.9496399999999999,0.09879,0.0,0.0,5e-06,5.65e-20,3.1,3.1
1047.2,0.080389,0.11595,0.090079,0.1195,0.98138,0.98138,0.98138,0.42125,0.61091,0.47263,0.83293,0.82843,0.83186,0.78776,0.94972,0.1195,0.0,0.0,5e-06,5.65e-20,3.1,3.1
1048.0,0.088517,0.12949,0.099729,0.1323,0.98136,0.98136,0.98136,0.46602,0.69338,0.52839,0.82906,0.81515,0.82381,0.78785,0.9498,0.1323,0.0,0.0,5e-06,5.65e-20,3.1,3.1
1048.8,0.096579,0.14255,0.10919,0.14485,0.98133,0.98133,0.98133,0.51078,0.77584,0.58414,0.8252,0.80188,0.81576,0.78793,0.94988,0.14485,0.0,0.0,5e-06,5.65e-20,3.1,3.1
1049.6,0.10356,0.15362,0.11731,0.15563,0.9813,0.9813,0.9813,0.55087,0.85113,0.63456,0.82133,0.7886,0.80771,0.78801,0.9499599999999999,0.15563,0.0,0.0,5e-06,5.65e-20,3.1,3.1
1050.4,0.10436,0.15538,0.11843,0.15711,0.98127,0.98127,0.98127,0.5582,0.87626,0.64758,0.81747,0.77533,0.79967,0.78809,0.951,0.15711,0.0,0.0,5e-06,5.65e-20,3.1,3.1
1051.2,0.10667,0.16198,0.12211,0.16199,0.98125,0.98125,0.98125,0.56553,0.90139,0.6606,0.82467,0.78569,0.80822,0.78818,0.951,0.16199,0.0,0.0,5e-06,5.65e-20,3.1,3.1
1052.0,0.11336,0.18374,0.13353,0.17714,0.98122,0.98122,0.98122,0.57286,0.92652,0.67362,0.86509,0.86695,0.86659,0.78827,0.951,0.17714,0.0,0.0,5e-06,5.65e-20,3.1,3.1
1052.8,0.10552,0.17847,0.12676,0.16815,0.9812,0.9812,0.9812,0.53781,0.88037,0.63602,0.85772,0.88623,0.87124,0.78836,0.951,0.16815,0.0,0.0,5e-06,5.65e-20,3.1,3.1
1053.6,0.097512,0.16952,0.11866,0.15741,0.98118,0.98118,0.98118,0.50275,0.83421,0.59842,0.84785,0.88829,0.8668,0.78845,0.951,0.15741,0.0,0.0,5e-06,5.65e-20,3.1,3.1
1054.4,0.090445,0.15803,0.11036,0.14639,0.98116,0.98116,0.98116,0.4677,0.78806,0.56082,0.84519,0.87644,0.86003,0.78854,0.951,0.14639,0.0,0.0,5e-06,5.65e-20,3.1,3.1
1055.2,0.079179,0.13825,0.09662,0.12817,0.98113,0.98113,0.98113,0.41066,0.69875,0.49481,0.84253,0.86458,0.85326,0.78863,0.951,0.12817,0.0,0.0,5e-06,5.65e-20,3.1,3.1
1056.0,0.067356,0.11772,0.082274,0.10914,0.98111,0.98111,0.98111,0.35048,0.60328,0.42475,0.83986,0.85272,0.84649,0.78873,0.951,0.10914,0.0,0.0,5e-06,5.65e-20,3.1,3.1
1056.8,0.055625,0.097729,0.068168,0.090425,0.98109,0.98109,0.98109,0.2903,0.50781,0.35469,0.8372,0.84087,0.83972,0.78882,0.951,0.090425,0.0,0.0,5e-06,5.65e-20,3.1,3.1
1057.6,0.085265,0.12371,0.095983,0.12732,0.98107,0.98107,0.98107,0.44628,0.65184,0.50333,0.83454,0.82901,0.83296,0.78891,0.951,0.12732,0.0,0.0,5e-06,5.65e-20,3.1,3.1
1058.4,0.093287,0.13674,0.10543,0.13985,0.98104,0.98104,0.98104,0.48975,0.73081,0.55732,0.83188,0.81716,0.82619,0.789,0.951,0.13985,0.0,0.0,5e-06,5.65e-20,3.1,3.1
1059.2,0.10125,0.14932,0.1147,0.15215,0.98102,0.98102,0.98102,0.53323,0.80979,0.61131,0.82921,0.8053,0.81942,0.78909,0.951,0.15215,0.0,0.0,5e-06,5.65e-20,3.1,3.1
1060.0,0.10573,0.15678,0.12006,0.15926,0.981,0.981,0.981,0.55863,0.86287,0.64519,0.82655,0.79344,0.81265,0.78918,0.952,0.15926,0.0,0.0,5e-06,5.65e-20,3.1,3.1
1060.8,0.10678,0.15931,0.12161,0.16132,0.98097,0.98097,0.98097,0.56594,0.89004,0.65896,0.82389,0.78159,0.80588,0.78928,0.9520799999999999,0.16132,0.0,0.0,5e-06,5.65e-20,3.1,3.1
1061.6,0.11091,0.17312,0.12885,0.17092,0.98094,0.98094,0.98094,0.57325,0.91721,0.67273,0.84475,0.82406,0.83628,0.78937,0.9521599999999999,0.17092,0.0,0.0,5e-06,5.65e-20,3.1,3.1
1062.4,0.11222,0.18528,0.13369,0.17733,0.98092,0.98092,0.98092,0.565,0.91733,0.66756,0.86702,0.88169,0.87424,0.78946,0.95224,0.17733,0.0,0.0,5e-06,5.65e-20,3.1,3.1
1063.2,0.1035,0.17728,0.12545,0.1664,0.98089,0.98089,0.98089,0.5308,0.87237,0.63084,0.85112,0.88699,0.86801,0.78955,0.9523199999999999,0.1664,0.0,0.0,5e-06,5.65e-20,3.1,3.1
1064.0,0.09605,0.16726,0.11736,0.15566,0.98086,0.98086,0.98086,0.4966,0.82741,0.59413,0.84426,0.8824,0.86222,0.78964,0.9523999999999999,0.15566,0.0,0.0,5e-06,5.65e-20,3.1,3.1
1064.8,0.088664,0.15503,0.10858,0.14402,0.98083,0.98083,0.98083,0.45917,0.77609,0.55322,0.84282,0.87186,0.8567,0.78973,0.95248,0.14402,0.0,0.0,5e-06,5.65e-20,3.1,3.1
1065.6,0.076946,0.13423,0.094178,0.12492,0.98081,0.98081,0.98081,0.39918,0.68025,0.48295,0.84137,0.86133,0.85118,0.78983,0.95256,0.12492,0.0,0.0,5e-06,5.65e-20,3.1,3.1
1066.4,0.065269,0.11391,0.079951,0.10604,0.98078,0.98078,0.98078,0.33919,0.58442,0.41268,0.83993,0.85079,0.84566,0.78992,0.9526399999999999,0.10604,0.0,0.0,5e-06,5.65e-20,3.1,3.1
1067.2,0.053632,0.094049,0.065903,0.087411,0.98075,0.98075,0.98075,0.2792,0.48858,0.34241,0.83849,0.84026,0.84014,0.79001,0.95272,0.087411,0.0,0.0,5e-06,5.65e-20,3.1,3.1
1068.0,0.088562,0.12857,0.099933,0.13255,0.98072,0.98072,0.98072,0.46191,0.67648,0.52273,0.83705,0.82972,0.83463,0.7901,0.9528,0.13255,0.0,0.0,5e-06,5.65e-20,3.1,3.1
1068.8,0.096695,0.14128,0.10938,0.14508,0.98069,0.98069,0.98069,0.50526,0.753,0.57605,0.83561,0.81919,0.82911,0.79019,0.95288,0.14508,0.0,0.0,5e-06,5.65e-20,3.1,3.1
1069.6,0.10479,0.15361,0.11869,0.15742,0.98067,0.98067,0.98067,0.54861,0.82952,0.62936,0.83416,0.80866,0.82359,0.79028,0.9529599999999999,0.15742,0.0,0.0,5e-06,5.65e-20,3.1,3.1
1070.4,0.10763,0.15819,0.12206,0.16189,0.98064,0.98064,0.98064,0.5645,0.86565,0.65167,0.83272,0.79812,0.81807,0.79038,0.954,0.16189,0.0,0.0,5e-06,5.65e-20,3.1,3.1
1071.2,0.10871,0.16017,0.12345,0.16374,0.98061,0.98061,0.98061,0.57123,0.88831,0.66364,0.83128,0.78759,0.81255,0.79047,0.954,0.16374,0.0,0.0,5e-06,5.65e-20,3.1,3.1
1072.0,0.11308,0.17539,0.13135,0.17421,0.98059,0.98059,0.98059,0.57796,0.91097,0.67561,0.85471,0.84113,0.84935,0.79056,0.954,0.17421,0.0,0.0,5e-06,5.65e-20,3.1,3.1
1072.8,0.11166,0.18164,0.13253,0.17577,0.98057,0.98057,0.98057,0.56405,0.90013,0.66318,0.865,0.88175,0.87322,0.79065,0.954,0.17577,0.0,0.0,5e-06,5.65e-20,3.1,3.1
1073.6,0.10266,0.1734,0.12402,0.16448,0.98054,0.98054,0.98054,0.52948,0.85579,0.62633,0.84744,0.88561,0.86546,0.79074,0.954,0.16448,0.0,0.0,5e-06,5.65e-20,3.1,3.1
1074.4,0.095179,0.16352,0.11593,0.15375,0.98052,0.98052,0.98052,0.49491,0.81145,0.58948,0.8407,0.88094,0.85971,0.79084,0.954,0.15375,0.0,0.0,5e-06,5.65e-20,3.1,3.1
1075.2,0.087396,0.15061,0.10664,0.14143,0.9805,0.9805,0.9805,0.45464,0.75584,0.54519,0.84044,0.87116,0.85518,0.79093,0.954,0.14143,0.0,0.0,5e-06,5.65e-20,3.1,3.1
1076.0,0.076311,0.13125,0.093073,0.12344,0.98048,0.98048,0.98048,0.39726,0.66645,0.47857,0.84018,0.86138,0.85064,0.79102,0.954,0.12344,0.0,0.0,5e-06,5.65e-20,3.1,3.1
1076.8,0.06526,0.11234,0.079677,0.10567,0.98046,0.98046,0.98046,0.33989,0.57706,0.41194,0.83992,0.8516,0.8461,0.79111,0.954,0.10567,0.0,0.0,5e-06,5.65e-20,3.1,3.1
1077.6,0.054224,0.093844,0.066428,0.088097,0.98045,0.98045,0.98045,0.28251,0.48767,0.34531,0.83966,0.84182,0.84156,0.7912,0.954,0.088097,0.0,0.0,5e-06,5.65e-20,3.1,3.1
1078.4,0.089226,0.1271,0.10014,0.13281,0.98043,0.98043,0.98043,0.46498,0.66821,0.52335,0.83939,0.83205,0.83702,0.79129,0.954,0.13281,0.0,0.0,5e-06,5.65e-20,3.1,3.1
1079.2,0.097289,0.14031,0.10973,0.14552,0.98042,0.98042,0.98042,0.50713,0.74639,0.57655,0.83913,0.82227,0.83248,0.79139,0.954,0.14552,0.0,0.0,5e-06,5.65e-20,3.1,3.1
1080.0,0.10532,0.15313,0.11917,0.15804,0.98041,0.98041,0.98041,0.54928,0.82457,0.62975,0.83887,0.81249,0.82794,0.79148,0.955,0.15804,0.0,0.0,5e-06,5.65e-20,3.1,3.1
1080.8,0.10909,0.15934,0.1237,0.16404,0.9804,0.9804,0.9804,0.569,0.86826,0.65711,0.83861,0.80271,0.82341,0.79157,0.955,0.16404,0.0,0.0,5e-06,5.65e-20,3.1,3.1
1081.6,0.11025,0.16156,0.12524,0.16608,0.98039,0.98039,0.98039,0.57525,0.89125,0.66898,0.83835,0.79293,0.81887,0.79166,0.955,0.16608,0.0,0.0,5e-06,5.65e-20,3.1,3.1
1082.4,0.11381,0.17565,0.13228,0.17542,0.98038,0.98038,0.98038,0.58149,0.91424,0.68084,0.85607,0.84033,0.84979,0.79175,0.955,0.17542,0.0,0.0,5e-06,5.65e-20,3.1,3.1
1083.2,0.11348,0.18397,0.13486,0.17884,0.98038,0.98038,0.98038,0.57265,0.91169,0.67444,0.8666,0.88248,0.87446,0.79184,0.955,0.17884,0.0,0.0,5e-06,5.65e-20,3.1,3.1
1084.0,0.10442,0.17522,0.12613,0.16726,0.98037,0.98037,0.98037,0.53864,0.86658,0.63763,0.84784,0.88434,0.86517,0.79194,0.955,0.16726,0.0,0.0,5e-06,5.65e-20,3.1,3.1
1084.8,0.096515,0.16571,0.11788,0.15632,0.98036,0.98036,0.98036,0.50463,0.82147,0.60081,0.83644,0.88219,0.85805,0.79203,0.955,0.15632,0.0,0.0,5e-06,5.65e-20,3.1,3.1
1085.6,0.090127,0.15507,0.11023,0.14617,0.98035,0.98035,0.98035,0.47062,0.77636,0.56399,0.83734,0.87335,0.85455,0.79212,0.955,0.14617,0.0,0.0,5e-06,5.65e-20,3.1,3.1
1086.4,0.079673,0.13647,0.097276,0.12899,0.98034,0.98034,0.98034,0.41556,0.69018,0.49972,0.83823,0.86451,0.85106,0.79221,0.955,0.12899,0.0,0.0,5e-06,5.65e-20,3.1,3.1
1087.2,0.069185,0.1182,0.084412,0.11194,0.98033,0.98033,0.98033,0.36049,0.604,0.43546,0.83912,0.85567,0.84756,0.7923,0.955,0.11194,0.0,0.0,5e-06,5.65e-20,3.1,3.1
1088.0,0.058689,0.10031,0.07167,0.095037,0.98031,0.98031,0.98031,0.30543,0.51782,0.37119,0.84001,0.84683,0.84407,0.79239,0.955,0.095037,0.0,0.0,5e-06,5.65e-20,3.1,3.1
1088.8,0.087314,0.12168,0.09735,0.12909,0.98029,0.98029,0.98029,0.45376,0.63458,0.50612,0.84091,0.838,0.84057,0.79249,0.955,0.12909,0.0,0.0,5e-06,5.65e-20,3.1,3.1
1089.6,0.095536,0.13497,0.10708,0.14199,0.98026,0.98026,0.98026,0.49601,0.71142,0.55909,0.8418,0.82916,0.83708,0.79258,0.955,0.14199,0.0,0.0,5e-06,5.65e-20,3.1,3.1
1090.4,0.1038,0.14797,0.11675,0.15482,0.98023,0.98023,0.98023,0.53825,0.78826,0.61206,0.84269,0.82032,0.83358,0.79267,0.956,0.15482,0.0,0.0,5e-06,5.65e-20,3.1,3.1
1091.2,0.11033,0.15826,0.12442,0.16498,0.98019,0.98019,0.98019,0.57136,0.85196,0.65479,0.84358,0.81148,0.83009,0.79276,0.956,0.16498,0.0,0.0,5e-06,5.65e-20,3.1,3.1
1092.0,0.11153,0.16095,0.12614,0.16725,0.98015,0.98015,0.98015,0.57709,0.87623,0.66681,0.84448,0.80264,0.82659,0.79285,0.956,0.16725,0.0,0.0,5e-06,5.65e-20,3.1,3.1
1092.8,0.1139,0.171,0.13111,0.17384,0.98011,0.98011,0.98011,0.58281,0.90051,0.67883,0.85395,0.82976,0.84392,0.79294,0.956,0.17384,0.0,0.0,5e-06,5.65e-20,3.1,3.1
1093.6,0.11691,0.1858,0.13805,0.18305,0.98006,0.98006,0.98006,0.58853,0.92479,0.69085,0.86858,0.87845,0.87375,0.79304,0.956,0.18305,0.0,0.0,5e-06,5.65e-20,3.1,3.1
1094.4,0.10916,0.1796,0.13102,0.17373,0.98002,0.98002,0.98002,0.55891,0.88841,0.65973,0.85413,0.88407,0.86849,0.79313,0.956,0.17373,0.0,0.0,5e-06,5.65e-20,3.1,3.1
1095.2,0.10019,0.17044,0.12219,0.16202,0.97998,0.97998,0.97998,0.52424,0.84338,0.62246,0.83552,0.88353,0.85822,0.79322,0.956,0.16202,0.0,0.0,5e-06,5.65e-20,3.1,3.1
1096.0,0.093168,0.16017,0.11423,0.15146,0.97994,0.97994,0.97994,0.48957,0.79834,0.58518,0.83241,0.87759,0.85386,0.79331,0.956,0.15146,0.0,0.0,5e-06,5.65e-20,3.1,3.1
1096.8,0.084861,0.14573,0.10403,0.13794,0.9799,0.9799,0.9799,0.44479,0.73277,0.53438,0.83447,0.86985,0.85148,0.7934,0.956,0.13794,0.0,0.0,5e-06,5.65e-20,3.1,3.1
1097.6,0.074553,0.12744,0.091236,0.12097,0.97987,0.97987,0.97987,0.38988,0.64666,0.47005,0.83652,0.86211,0.8491,0.79336,0.956,0.12097,0.0,0.0,5e-06,5.65e-20,3.1,3.1
1098.4,0.064195,0.10945,0.07851,0.10409,0.97985,0.97985,0.97985,0.33497,0.56056,0.40573,0.83858,0.85437,0.84672,0.79331,0.956,0.10409,0.0,0.0,5e-06,5.65e-20,3.1,3.1
1099.2,0.084046,0.11706,0.093899,0.1245,0.97984,0.97984,0.97984,0.43758,0.60517,0.48673,0.84063,0.84663,0.84434,0.79326,0.956,0.1245,0.0,0.0,5e-06,5.65e-20,3.1,3.1
1100.0,0.092077,0.13035,0.10354,0.13728,0.97984,0.97984,0.97984,0.47831,0.68019,0.5383,0.84269,0.83889,0.84196,0.79321,0.957,0.13728,0.0,0.0,5e-06,5.65e-20,3.1,3.1
1100.8,0.1002,0.14345,0.11318,0.15006,0.97984,0.97984,0.97984,0.51904,0.75521,0.58988,0.84474,0.83115,0.83958,0.79316,0.957,0.15006,0.0,0.0,5e-06,5.65e-20,3.1,3.1
1101.6,0.10834,0.15626,0.12275,0.16274,0.97986,0.97986,0.97986,0.55977,0.83024,0.64145,0.8468,0.82341,0.8372,0.79312,0.957,0.16274,0.0,0.0,5e-06,5.65e-20,3.1,3.1
1102.4,0.11225,0.16332,0.12769,0.16929,0.97989,0.97989,0.97989,0.57842,0.87582,0.66904,0.84885,0.81567,0.83482,0.79307,0.957,0.16929,0.0,0.0,5e-06,5.65e-20,3.1,3.1
1103.2,0.11371,0.16816,0.13035,0.17281,0.97992,0.97992,0.97992,0.58383,0.90374,0.68225,0.85179,0.81379,0.83556,0.79302,0.957,0.17281,0.0,0.0,5e-06,5.65e-20,3.1,3.1
1104.0,0.11601,0.1817,0.13647,0.18093,0.97996,0.97996,0.97996,0.58924,0.93167,0.69546,0.86094,0.85289,0.85812,0.79297,0.957,0.18093,0.0,0.0,5e-06,5.65e-20,3.1,3.1
1104.8,0.11592,0.1911,0.13961,0.1851,0.98,0.98,0.98,0.58476,0.94195,0.69633,0.86638,0.88672,0.87631,0.79292,0.957,0.1851,0.0,0.0,5e-06,5.65e-20,3.1,3.1
1105.6,0.10659,0.18188,0.13053,0.17306,0.98004,0.98004,0.98004,0.55062,0.89929,0.66022,0.84581,0.88372,0.86389,0.79287,0.957,0.17306,0.0,0.0,5e-06,5.65e-20,3.1,3.1
1106.4,0.097592,0.17275,0.12168,0.16132,0.98009,0.98009,0.98009,0.51647,0.85664,0.6241,0.82525,0.88072,0.85148,0.79282,0.957,0.16132,0.0,0.0,5e-06,5.65e-20,3.1,3.1
1107.2,0.091544,0.16305,0.11454,0.15186,0.98013,0.98013,0.98013,0.48233,0.81398,0.58799,0.82843,0.87434,0.8503,0.79277,0.957,0.15186,0.0,0.0,5e-06,5.65e-20,3.1,3.1
1108.0,0.082439,0.14659,0.10312,0.13672,0.98017,0.98017,0.98017,0.43265,0.73709,0.53004,0.83161,0.86796,0.84913,0.79272,0.957,0.13672,0.0,0.0,5e-06,5.65e-20,3.1,3.1
1108.8,0.072275,0.1281,0.090323,0.11974,0.98021,0.98021,0.98021,0.37781,0.64879,0.46482,0.83478,0.86157,0.84795,0.79268,0.957,0.11974,0.0,0.0,5e-06,5.65e-20,3.1,3.1
1109.6,0.062066,0.10993,0.077602,0.10288,0.98025,0.98025,0.98025,0.32296,0.56049,0.39959,0.83796,0.85519,0.84678,0.79263,0.957,0.10288,0.0,0.0,5e-06,5.65e-20,3.1,3.1
1110.4,0.087127,0.11642,0.095925,0.12717,0.98027,0.98027,0.98027,0.45146,0.59777,0.49442,0.84114,0.84881,0.8456,0.79258,0.957,0.12717,0.0,0.0,5e-06,5.65e-20,3.1,3.1
1111.2,0.094967,0.12916,0.10524,0.13952,0.98029,0.98029,0.98029,0.49027,0.66831,0.54324,0.84432,0.84243,0.84443,0.79253,0.957,0.13952,0.0,0.0,5e-06,5.65e-20,3.1,3.1
1112.0,0.10288,0.14172,0.11455,0.15185,0.9803,0.9803,0.9803,0.52908,0.73885,0.59206,0.8475,0.83604,0.84325,0.79248,0.957,0.15185,0.0,0.0,5e-06,5.65e-20,3.1,3.1
1112.8,0.1108,0.15402,0.12378,0.16409,0.98031,0.98031,0.98031,0.56789,0.80939,0.64088,0.85068,0.82966,0.84208,0.79243,0.957,0.16409,0.0,0.0,5e-06,5.65e-20,3.1,3.1
1113.6,0.11388,0.15986,0.12775,0.16935,0.98031,0.98031,0.98031,0.58111,0.84602,0.66193,0.85385,0.82328,0.8409,0.79238,0.957,0.16935,0.0,0.0,5e-06,5.65e-20,3.1,3.1
1114.4,0.11538,0.16638,0.13099,0.17365,0.9803,0.9803,0.9803,0.5858,0.87136,0.67373,0.8578,0.83161,0.84679,0.79233,0.957,0.17365,0.0,0.0,5e-06,5.65e-20,3.1,3.1
1115.2,0.11697,0.17793,0.13602,0.18032,0.98029,0.98029,0.98029,0.59048,0.89669,0.68552,0.86304,0.86446,0.86445,0.79228,0.957,0.18032,0.0,0.0,5e-06,5.65e-20,3.1,3.1
1116.0,0.11573,0.18451,0.13751,0.18228,0.98027,0.98027,0.98027,0.5854,0.90605,0.68563,0.86193,0.88787,0.87445,0.79224,0.957,0.18228,0.0,0.0,5e-06,5.65e-20,3.1,3.1
1116.8,0.10638,0.17567,0.12855,0.17041,0.98025,0.98025,0.98025,0.551,0.86751,0.6507,0.84181,0.88297,0.86143,0.79219,0.957,0.17041,0.0,0.0,5e-06,5.65e-20,3.1,3.1
1117.6,0.097361,0.16695,0.11982,0.15884,0.98022,0.98022,0.98022,0.51661,0.82896,0.61576,0.82169,0.87807,0.84841,0.79214,0.957,0.15884,0.0,0.0,5e-06,5.65e-20,3.1,3.1
1118.4,0.090998,0.15825,0.11279,0.14951,0.98018,0.98018,0.98018,0.48221,0.79042,0.58083,0.82292,0.87307,0.8468,0.79209,0.957,0.14951,0.0,0.0,5e-06,5.65e-20,3.1,3.1
1119.2,0.082345,0.14371,0.10229,0.1356,0.98014,0.98014,0.98014,0.43433,0.72234,0.52704,0.82721,0.86805,0.84683,0.79204,0.957,0.1356,0.0,0.0,5e-06,5.65e-20,3.1,3.1
1120.0,0.072749,0.1274,0.090585,0.12008,0.9801,0.9801,0.9801,0.38194,0.64441,0.46696,0.83149,0.86303,0.84685,0.79199,0.958,0.12008,0.0,0.0,5e-06,5.65e-20,3.1,3.1
1120.8,0.063084,0.11132,0.078918,0.10461,0.98005,0.98005,0.98005,0.32956,0.56648,0.40688,0.83578,0.85801,0.84688,0.79194,0.958,0.10461,0.0,0.0,5e-06,5.65e-20,3.1,3.1
1121.6,0.086647,0.11256,0.094531,0.1253,0.97999,0.97999,0.97999,0.45058,0.57648,0.4876,0.84006,0.85299,0.84691,0.79189,0.958,0.1253,0.0,0.0,5e-06,5.65e-20,3.1,3.1
1122.4,0.094494,0.12453,0.10359,0.13731,0.97994,0.97994,0.97994,0.48917,0.64193,0.53464,0.84435,0.84797,0.84693,0.79184,0.958,0.13731,0.0,0.0,5e-06,5.65e-20,3.1,3.1
1123.2,0.10242,0.13636,0.11266,0.14933,0.97988,0.97988,0.97988,0.52777,0.70738,0.58168,0.84863,0.84295,0.84696,0.79179,0.958,0.14933,0.0,0.0,5e-06,5.65e-20,3.1,3.1
1124.0,0.11046,0.14808,0.12177,0.16141,0.97982,0.97982,0.97982,0.56637,0.77284,0.62872,0.85292,0.83793,0.84698,0.79175,0.958,0.16141,0.0,0.0,5e-06,5.65e-20,3.1,3.1
1124.8,0.11424,0.1545,0.12636,0.16749,0.97977,0.97977,0.97977,0.58335,0.81195,0.65299,0.85721,0.83291,0.84701,0.7917,0.958,0.16749,0.0,0.0,5e-06,5.65e-20,3.1,3.1
1125.6,0.11549,0.15948,0.12889,0.17083,0.97971,0.97971,0.97971,0.58737,0.83527,0.66361,0.86086,0.83593,0.85034,0.79165,0.958,0.17083,0.0,0.0,5e-06,5.65e-20,3.1,3.1
1126.4,0.11647,0.16917,0.13293,0.17619,0.97965,0.97965,0.97965,0.59139,0.85858,0.67422,0.86264,0.86308,0.8636,0.7916,0.958,0.17619,0.0,0.0,5e-06,5.65e-20,3.1,3.1
1127.2,0.1174,0.17908,0.13698,0.18156,0.9796,0.9796,0.9796,0.59541,0.8819,0.68483,0.86442,0.89023,0.87686,0.79155,0.958,0.18156,0.0,0.0,5e-06,5.65e-20,3.1,3.1
1128.0,0.10795,0.17046,0.12802,0.16969,0.97955,0.97955,0.97955,0.5605,0.84586,0.65034,0.84469,0.88389,0.86342,0.7915,0.958,0.16969,0.0,0.0,5e-06,5.65e-20,3.1,3.1
1128.8,0.098893,0.16209,0.11939,0.15824,0.97951,0.97951,0.97951,0.52559,0.80982,0.61585,0.82497,0.87755,0.84997,0.79145,0.958,0.15824,0.0,0.0,5e-06,5.65e-20,3.1,3.1
1129.6,0.091125,0.15383,0.11159,0.1479,0.97947,0.97947,0.97947,0.49068,0.77378,0.58136,0.81471,0.87215,0.84203,0.7914,0.958,0.1479,0.0,0.0,5e-06,5.65e-20,3.1,3.1
1130.4,0.083763,0.14273,0.10306,0.1366,0.97944,0.97944,0.97944,0.44814,0.7213,0.53634,0.82022,0.86832,0.84324,0.79135,0.95804,0.1366,0.0,0.0,5e-06,5.65e-20,3.1,3.1
1131.2,0.074901,0.12854,0.092531,0.12264,0.97942,0.97942,0.97942,0.39799,0.65237,0.48077,0.82573,0.86449,0.84445,0.79131,0.95812,0.12264,0.0,0.0,5e-06,5.65e-20,3.1,3.1
1132.0,0.0659,0.11445,0.081955,0.10862,0.9794,0.9794,0.9794,0.34783,0.58344,0.4252,0.83125,0.86066,0.84567,0.79126,0.9581999999999999,0.10862,0.0,0.0,5e-06,5.65e-20,3.1,3.1
1132.8,0.056742,0.10043,0.071309,0.094509,0.97939,0.97939,0.97939,0.29768,0.51451,0.36963,0.83676,0.85683,0.84688,0.79121,0.9582799999999999,0.094509,0.0,0.0,5e-06,5.65e-20,3.1,3.1
1133.6,0.091924,0.11797,0.099931,0.13244,0.97938,0.97938,0.97938,0.47889,0.60687,0.51704,0.84228,0.853,0.84809,0.79116,0.95836,0.13244,0.0,0.0,5e-06,5.65e-20,3.1,3.1
1134.4,0.099939,0.12935,0.10891,0.14434,0.97938,0.97938,0.97938,0.51718,0.66831,0.5626,0.84779,0.84917,0.84931,0.79111,0.95844,0.14434,0.0,0.0,5e-06,5.65e-20,3.1,3.1
1135.2,0.108,0.14057,0.11786,0.15621,0.97938,0.97938,0.97938,0.55547,0.72975,0.60817,0.8533,0.84534,0.85052,0.79106,0.9585199999999999,0.15621,0.0,0.0,5e-06,5.65e-20,3.1,3.1
1136.0,0.11449,0.14977,0.12512,0.16582,0.97939,0.97939,0.97939,0.58502,0.78103,0.64466,0.85882,0.84151,0.85174,0.79101,0.9586,0.16582,0.0,0.0,5e-06,5.65e-20,3.1,3.1
1136.8,0.11584,0.153,0.12706,0.16839,0.9794,0.9794,0.9794,0.58835,0.80182,0.65393,0.86433,0.83768,0.85295,0.79096,0.95868,0.16839,0.0,0.0,5e-06,5.65e-20,3.1,3.1
1137.6,0.11641,0.16103,0.13029,0.17268,0.97941,0.97941,0.97941,0.59168,0.82261,0.6632,0.86313,0.85881,0.86191,0.79091,0.95876,0.17268,0.0,0.0,5e-06,5.65e-20,3.1,3.1
1138.4,0.11694,0.16922,0.13353,0.17697,0.97942,0.97942,0.97942,0.59501,0.8434,0.67247,0.86193,0.87994,0.87086,0.79087,0.95884,0.17697,0.0,0.0,5e-06,5.65e-20,3.1,3.1
1139.2,0.11246,0.16916,0.13071,0.17322,0.97943,0.97943,0.97943,0.57954,0.83697,0.66043,0.85123,0.88664,0.86818,0.79082,0.95892,0.17322,0.0,0.0,5e-06,5.65e-20,3.1,3.1
1140.0,0.10327,0.16091,0.12203,0.16172,0.97945,0.97945,0.97945,0.54528,0.80331,0.62707,0.83103,0.87891,0.85387,0.79077,0.959,0.16172,0.0,0.0,5e-06,5.65e-20,3.1,3.1
1140.8,0.094475,0.15288,0.11365,0.15062,0.97947,0.97947,0.97947,0.51101,0.76965,0.59372,0.81083,0.87118,0.83955,0.79072,0.959,0.15062,0.0,0.0,5e-06,5.65e-20,3.1,3.1
1141.6,0.088121,0.14555,0.10703,0.14184,0.97948,0.97948,0.97948,0.47675,0.73599,0.56036,0.81066,0.86734,0.83771,0.79067,0.959,0.14184,0.0,0.0,5e-06,5.65e-20,3.1,3.1
1142.4,0.079914,0.1333,0.097555,0.12928,0.9795,0.9795,0.9795,0.42894,0.67609,0.50937,0.81717,0.8648,0.84003,0.79062,0.959,0.12928,0.0,0.0,5e-06,5.65e-20,3.1,3.1
1143.2,0.071213,0.1204,0.087555,0.11603,0.97951,0.97951,0.97951,0.37919,0.61245,0.45587,0.82368,0.86225,0.84236,0.79057,0.959,0.11603,0.0,0.0,5e-06,5.65e-20,3.1,3.1
1144.0,0.062368,0.10759,0.077502,0.1027,0.97952,0.97952,0.97952,0.32944,0.5488,0.40237,0.83019,0.85971,0.84468,0.79052,0.959,0.1027,0.0,0.0,5e-06,5.65e-20,3.1,3.1
1144.8,0.087614,0.10967,0.094555,0.1253,0.97953,0.97953,0.97953,0.45932,0.56123,0.48968,0.8367,0.85716,0.847,0.79047,0.959,0.1253,0.0,0.0,5e-06,5.65e-20,3.1,3.1
1145.6,0.095318,0.12003,0.103,0.13649,0.97954,0.97954,0.97954,0.49595,0.61622,0.53208,0.84322,0.85461,0.84932,0.79043,0.959,0.13649,0.0,0.0,5e-06,5.65e-20,3.1,3.1
1146.4,0.10314,0.13034,0.1115,0.14776,0.97955,0.97955,0.97955,0.53259,0.67121,0.57448,0.84973,0.85207,0.85164,0.79038,0.959,0.14776,0.0,0.0,5e-06,5.65e-20,3.1,3.1
1147.2,0.11107,0.14059,0.12005,0.15909,0.97955,0.97955,0.97955,0.56922,0.7262,0.61688,0.85624,0.84952,0.85397,0.79033,0.959,0.15909,0.0,0.0,5e-06,5.65e-20,3.1,3.1
1148.0,0.11578,0.14728,0.1253,0.16604,0.97955,0.97955,0.97955,0.58891,0.76305,0.64215,0.86275,0.84698,0.85629,0.79028,0.959,0.16604,0.0,0.0,5e-06,5.65e-20,3.1,3.1
1148.8,0.11674,0.15117,0.12725,0.16862,0.97954,0.97954,0.97954,0.59164,0.78178,0.65029,0.86668,0.84935,0.85947,0.79023,0.959,0.16862,0.0,0.0,5e-06,5.65e-20,3.1,3.1
1149.6,0.11675,0.15789,0.12969,0.17185,0.97953,0.97953,0.97953,0.59437,0.8005,0.65843,0.8629,0.86646,0.86525,0.79018,0.959,0.17185,0.0,0.0,5e-06,5.65e-20,3.1,3.1
1150.4,0.11678,0.16478,0.13217,0.17514,0.97952,0.97952,0.97952,0.59711,0.81923,0.66657,0.85912,0.88357,0.87102,0.79013,0.95904,0.17514,0.0,0.0,5e-06,5.65e-20,3.1,3.1
1151.2,0.11009,0.16111,0.12668,0.16786,0.9795,0.9795,0.9795,0.57256,0.80044,0.64442,0.84483,0.88442,0.86377,0.79008,0.95912,0.16786,0.0,0.0,5e-06,5.65e-20,3.1,3.1
1152.0,0.10097,0.15307,0.1181,0.15649,0.97947,0.97947,0.97947,0.53892,0.76915,0.61217,0.82423,0.8755,0.84871,0.79003,0.9591999999999999,0.15649,0.0,0.0,5e-06,5.65e-20,3.1,3.1
1152.8,0.092297,0.14534,0.10989,0.14561,0.97944,0.97944,0.97944,0.50527,0.73785,0.57992,0.80363,0.86658,0.83365,0.78999,0.9592799999999999,0.14561,0.0,0.0,5e-06,5.65e-20,3.1,3.1
1153.6,0.086219,0.13866,0.10364,0.13732,0.97941,0.97941,0.97941,0.47163,0.70656,0.54767,0.80422,0.8633,0.83247,0.78994,0.95936,0.13732,0.0,0.0,5e-06,5.65e-20,3.1,3.1
1154.4,0.078216,0.12739,0.09461,0.12536,0.97937,0.97937,0.97937,0.42396,0.65041,0.49807,0.81188,0.86191,0.83592,0.78989,0.95944,0.12536,0.0,0.0,5e-06,5.65e-20,3.1,3.1
1155.2,0.070028,0.11612,0.085482,0.11326,0.97934,0.97934,0.97934,0.37629,0.59426,0.44848,0.81953,0.86051,0.83937,0.78984,0.9595199999999999,0.11326,0.0,0.0,5e-06,5.65e-20,3.1,3.1
1156.0,0.061697,0.10493,0.076304,0.1011,0.9793,0.9793,0.9793,0.32861,0.53811,0.39888,0.82719,0.85911,0.84282,0.78979,0.9596,0.1011,0.0,0.0,5e-06,5.65e-20,3.1,3.1
1156.8,0.087863,0.10841,0.094444,0.12514,0.97926,0.97926,0.97926,0.46365,0.55682,0.49165,0.83484,0.85772,0.84627,0.78974,0.95968,0.12514,0.0,0.0,5e-06,5.65e-20,3.1,3.1
1157.6,0.09535,0.11789,0.10246,0.13576,0.97922,0.97922,0.97922,0.49876,0.6067,0.53141,0.8425,0.85632,0.84972,0.78969,0.95976,0.13576,0.0,0.0,5e-06,5.65e-20,3.1,3.1
1158.4,0.10298,0.12736,0.11056,0.14649,0.97918,0.97918,0.97918,0.53388,0.65657,0.57116,0.85015,0.85493,0.85317,0.78964,0.95984,0.14649,0.0,0.0,5e-06,5.65e-20,3.1,3.1
1159.2,0.11075,0.13681,0.11874,0.15733,0.97914,0.97914,0.97914,0.56899,0.70644,0.61091,0.85781,0.85353,0.85662,0.78959,0.95992,0.15733,0.0,0.0,5e-06,5.65e-20,3.1,3.1
1160.0,0.11613,0.14368,0.12449,0.16493,0.9791,0.9791,0.9791,0.59172,0.74354,0.63828,0.86547,0.85213,0.86007,0.78955,0.96,0.16493,0.0,0.0,5e-06,5.65e-20,3.1,3.1
1160.8,0.11689,0.14742,0.12627,0.1673,0.97906,0.97906,0.97906,0.59382,0.75934,0.645,0.86807,0.85616,0.8633,0.7895,0.96,0.1673,0.0,0.0,5e-06,5.65e-20,3.1,3.1
1161.6,0.11652,0.15278,0.128,0.16959,0.97902,0.97902,0.97902,0.59591,0.77514,0.65171,0.86226,0.86921,0.86616,0.78945,0.96,0.16959,0.0,0.0,5e-06,5.65e-20,3.1,3.1
1162.4,0.11616,0.15827,0.12977,0.17194,0.97899,0.97899,0.97899,0.59801,0.79094,0.65843,0.85645,0.88227,0.86902,0.7894,0.96,0.17194,0.0,0.0,5e-06,5.65e-20,3.1,3.1
1163.2,0.1106,0.15599,0.12549,0.16626,0.97896,0.97896,0.97896,0.57807,0.77791,0.64113,0.8435,0.88401,0.8629,0.78935,0.96,0.16626,0.0,0.0,5e-06,5.65e-20,3.1,3.1
1164.0,0.10169,0.14816,0.1171,0.15514,0.97892,0.97892,0.97892,0.54491,0.74757,0.60942,0.82341,0.87442,0.84781,0.7893,0.96,0.15514,0.0,0.0,5e-06,5.65e-20,3.1,3.1
1164.8,0.093208,0.14064,0.10907,0.1445,0.97889,0.97889,0.97889,0.51176,0.71724,0.5777,0.80332,0.86483,0.83271,0.78925,0.96,0.1445,0.0,0.0,5e-06,5.65e-20,3.1,3.1
1165.6,0.086194,0.13379,0.10216,0.13535,0.97887,0.97887,0.97887,0.4786,0.6869,0.54599,0.79406,0.85875,0.825,0.7892,0.96,0.13535,0.0,0.0,5e-06,5.65e-20,3.1,3.1
1166.4,0.079394,0.12497,0.094705,0.12547,0.97884,0.97884,0.97884,0.43597,0.64177,0.50331,0.80287,0.8585,0.82958,0.78915,0.96,0.12547,0.0,0.0,5e-06,5.65e-20,3.1,3.1
1167.2,0.071818,0.11516,0.086439,0.11452,0.97881,0.97881,0.97881,0.39019,0.59171,0.45697,0.81168,0.85825,0.83417,0.78911,0.96,0.11452,0.0,0.0,5e-06,5.65e-20,3.1,3.1
1168.0,0.06405,0.10534,0.078066,0.10342,0.97879,0.97879,0.97879,0.34441,0.54164,0.41063,0.82049,0.858,0.83875,0.78906,0.96,0.10342,0.0,0.0,5e-06,5.65e-20,3.1,3.1
1168.8,0.056157,0.095616,0.069667,0.092294,0.97876,0.97876,0.97876,0.29862,0.49158,0.36429,0.82929,0.85775,0.84333,0.78901,0.96,0.092294,0.0,0.0,5e-06,5.65e-20,3.1,3.1
1169.6,0.093255,0.11339,0.099751,0.13215,0.97874,0.97874,0.97874,0.49062,0.58306,0.51873,0.8381,0.8575,0.84792,0.78896,0.96,0.13215,0.0,0.0,5e-06,5.65e-20,3.1,3.1
1170.4,0.10092,0.1224,0.10774,0.14272,0.97872,0.97872,0.97872,0.52531,0.62943,0.55709,0.84691,0.85725,0.8525,0.78891,0.961,0.14272,0.0,0.0,5e-06,5.65e-20,3.1,3.1
1171.2,0.10872,0.1314,0.11579,0.1534,0.9787,0.9787,0.9787,0.55999,0.67579,0.59545,0.85572,0.85701,0.85709,0.78886,0.961,0.1534,0.0,0.0,5e-06,5.65e-20,3.1,3.1
1172.0,0.11653,0.14024,0.12379,0.16399,0.97868,0.97868,0.97868,0.59467,0.72216,0.63381,0.86452,0.85676,0.86167,0.78881,0.961,0.16399,0.0,0.0,5e-06,5.65e-20,3.1,3.1
1172.8,0.11771,0.14293,0.12541,0.16613,0.97866,0.97866,0.97866,0.59594,0.73506,0.63899,0.87129,0.85776,0.86574,0.78876,0.961,0.16613,0.0,0.0,5e-06,5.65e-20,3.1,3.1
1173.6,0.11696,0.14711,0.12651,0.16759,0.97864,0.97864,0.97864,0.5972,0.74795,0.64416,0.86381,0.86748,0.86619,0.78871,0.961,0.16759,0.0,0.0,5e-06,5.65e-20,3.1,3.1
1174.4,0.11622,0.15135,0.12762,0.16905,0.97863,0.97863,0.97863,0.59847,0.76085,0.64934,0.85632,0.87721,0.86665,0.78867,0.961,0.16905,0.0,0.0,5e-06,5.65e-20,3.1,3.1
1175.2,0.11464,0.15458,0.12782,0.16933,0.97862,0.97862,0.97862,0.59548,0.76849,0.64997,0.84883,0.88693,0.86711,0.78862,0.961,0.16933,0.0,0.0,5e-06,5.65e-20,3.1,3.1
1176.0,0.10571,0.14693,0.11948,0.15827,0.97861,0.97861,0.97861,0.56267,0.73934,0.61881,0.82848,0.8764,0.85145,0.78857,0.961,0.15827,0.0,0.0,5e-06,5.65e-20,3.1,3.1
1176.8,0.097007,0.13931,0.11127,0.14739,0.9786,0.9786,0.9786,0.52985,0.7102,0.58764,0.80813,0.86587,0.83578,0.78852,0.961,0.14739,0.0,0.0,5e-06,5.65e-20,3.1,3.1
1177.6,0.088706,0.13197,0.10339,0.13695,0.9786,0.9786,0.9786,0.49704,0.68105,0.55647,0.78778,0.85533,0.82012,0.78847,0.961,0.13695,0.0,0.0,5e-06,5.65e-20,3.1,3.1
1178.4,0.082821,0.12561,0.097325,0.12892,0.9786,0.9786,0.9786,0.46265,0.64964,0.52354,0.79006,0.85337,0.82043,0.78842,0.961,0.12892,0.0,0.0,5e-06,5.65e-20,3.1,3.1
1179.2,0.075617,0.11659,0.089531,0.11859,0.9786,0.9786,0.9786,0.4172,0.60232,0.4783,0.79988,0.85426,0.82608,0.78837,0.961,0.11859,0.0,0.0,5e-06,5.65e-20,3.1,3.1
1180.0,0.068212,0.10755,0.081621,0.10812,0.97861,0.97861,0.97861,0.37175,0.555,0.43306,0.80971,0.85515,0.83172,0.78832,0.961,0.10812,0.0,0.0,5e-06,5.65e-20,3.1,3.1
1180.8,0.060563,0.098425,0.073547,0.09742,0.97862,0.97862,0.97862,0.32631,0.50768,0.38782,0.81953,0.85604,0.83736,0.78827,0.9610799999999999,0.09742,0.0,0.0,5e-06,5.65e-20,3.1,3.1
1181.6,0.089148,0.10782,0.095351,0.1263,0.97863,0.97863,0.97863,0.47464,0.55559,0.49944,0.82936,0.85694,0.84301,0.78823,0.9611599999999999,0.1263,0.0,0.0,5e-06,5.65e-20,3.1,3.1
1182.4,0.09649,0.11619,0.10292,0.13633,0.97865,0.97865,0.97865,0.50767,0.59804,0.53546,0.83918,0.85783,0.84865,0.78818,0.96124,0.13633,0.0,0.0,5e-06,5.65e-20,3.1,3.1
1183.2,0.10397,0.12456,0.11057,0.14646,0.97866,0.97866,0.97866,0.54071,0.64049,0.57148,0.84901,0.85872,0.85429,0.78813,0.96132,0.14646,0.0,0.0,5e-06,5.65e-20,3.1,3.1
1184.0,0.11159,0.13295,0.11831,0.1567,0.97868,0.97868,0.97868,0.57375,0.68294,0.6075,0.85883,0.85961,0.85994,0.78808,0.9613999999999999,0.1567,0.0,0.0,5e-06,5.65e-20,3.1,3.1
1184.8,0.11776,0.13978,0.12456,0.16498,0.97869,0.97869,0.97869,0.59864,0.71734,0.63545,0.86866,0.8605,0.86558,0.78803,0.96148,0.16498,0.0,0.0,5e-06,5.65e-20,3.1,3.1
1185.6,0.11788,0.14244,0.12557,0.16633,0.9787,0.9787,0.9787,0.59907,0.72758,0.63919,0.86896,0.86455,0.8676,0.78798,0.96156,0.16633,0.0,0.0,5e-06,5.65e-20,3.1,3.1
1186.4,0.11669,0.14563,0.12606,0.16697,0.9787,0.9787,0.9787,0.5995,0.73781,0.64293,0.85974,0.87176,0.86599,0.78793,0.9616399999999999,0.16697,0.0,0.0,5e-06,5.65e-20,3.1,3.1
1187.2,0.11551,0.14885,0.12654,0.1676,0.9787,0.9787,0.9787,0.59993,0.74805,0.64667,0.85052,0.87897,0.86438,0.78788,0.96172,0.1676,0.0,0.0,5e-06,5.65e-20,3.1,3.1
1188.0,0.11236,0.14934,0.12478,0.16527,0.97869,0.97869,0.97869,0.59189,0.74837,0.64154,0.83865,0.88162,0.85928,0.78783,0.9618,0.16527,0.0,0.0,5e-06,5.65e-20,3.1,3.1
1188.8,0.10349,0.14165,0.11643,0.15421,0.97867,0.97867,0.97867,0.55844,0.71893,0.60981,0.81882,0.87059,0.84366,0.78778,0.96188,0.15421,0.0,0.0,5e-06,5.65e-20,3.1,3.1
1189.6,0.094892,0.13407,0.10829,0.14342,0.97864,0.97864,0.97864,0.525,0.6895,0.57808,0.799,0.85956,0.82805,0.78774,0.9619599999999999,0.14342,0.0,0.0,5e-06,5.65e-20,3.1,3.1
1190.4,0.086616,0.12666,0.10038,0.13295,0.97859,0.97859,0.97859,0.49155,0.66006,0.54635,0.77917,0.84853,0.81243,0.78769,0.962,0.13295,0.0,0.0,5e-06,5.65e-20,3.1,3.1
1191.2,0.080586,0.1201,0.094142,0.12468,0.97854,0.97854,0.97854,0.45556,0.62691,0.51177,0.78233,0.84727,0.81354,0.78764,0.962,0.12468,0.0,0.0,5e-06,5.65e-20,3.1,3.1
1192.0,0.07385,0.11185,0.086891,0.11508,0.97848,0.97848,0.97848,0.41191,0.58262,0.46866,0.79315,0.84927,0.82022,0.78759,0.962,0.11508,0.0,0.0,5e-06,5.65e-20,3.1,3.1
1192.8,0.066891,0.10353,0.079499,0.10529,0.97841,0.97841,0.97841,0.36827,0.53833,0.42555,0.80397,0.85127,0.8269,0.78754,0.962,0.10529,0.0,0.0,5e-06,5.65e-20,3.1,3.1
1193.6,0.059725,0.095186,0.071983,0.095334,0.97833,0.97833,0.97833,0.32462,0.49404,0.38243,0.8148,0.85327,0.83358,0.78749,0.962,0.095334,0.0,0.0,5e-06,5.65e-20,3.1,3.1
1194.4,0.089477,0.10753,0.095581,0.12659,0.97824,0.97824,0.97824,0.48024,0.55712,0.50406,0.82562,0.85527,0.84026,0.78744,0.962,0.12659,0.0,0.0,5e-06,5.65e-20,3.1,3.1
1195.2,0.096742,0.11537,0.10293,0.13632,0.97816,0.97816,0.97816,0.51278,0.59668,0.53883,0.83644,0.85727,0.84694,0.78739,0.962,0.13632,0.0,0.0,5e-06,5.65e-20,3.1,3.1
1196.0,0.10418,0.12328,0.11041,0.14622,0.97807,0.97807,0.97807,0.54532,0.63624,0.5736,0.84726,0.85927,0.85362,0.78734,0.962,0.14622,0.0,0.0,5e-06,5.65e-20,3.1,3.1
1196.8,0.11174,0.13116,0.11794,0.1562,0.97798,0.97798,0.97798,0.57786,0.6758,0.60837,0.85809,0.86127,0.8603,0.7873,0.962,0.1562,0.0,0.0,5e-06,5.65e-20,3.1,3.1
1197.6,0.11784,0.13752,0.124,0.16421,0.97789,0.97789,0.97789,0.60218,0.70732,0.63502,0.86891,0.86327,0.86698,0.78725,0.962,0.16421,0.0,0.0,5e-06,5.65e-20,3.1,3.1
1198.4,0.11772,0.13946,0.12461,0.16502,0.97781,0.97781,0.97781,0.60184,0.71473,0.6373,0.86892,0.86675,0.86858,0.7872,0.962,0.16502,0.0,0.0,5e-06,5.65e-20,3.1,3.1
1199.2,0.11613,0.14163,0.12449,0.16486,0.97773,0.97773,0.97773,0.60151,0.72214,0.63957,0.85812,0.87171,0.86511,0.78715,0.962,0.16486,0.0,0.0,5e-06,5.65e-20,3.1,3.1
1200.0,0.11451,0.14378,0.12433,0.16465,0.97766,0.97766,0.97766,0.60117,0.72955,0.64185,0.84731,0.87667,0.86163,0.7871,0.962,0.16465,0.0,0.0,5e-06,5.65e-20,3.1,3.1
1200.8,0.11208,0.14485,0.12325,0.16321,0.97759,0.97759,0.97759,0.59661,0.73238,0.63982,0.83544,0.87957,0.85664,0.78705,0.962,0.16321,0.0,0.0,5e-06,5.65e-20,3.1,3.1
1201.6,0.10317,0.13719,0.11487,0.15212,0.97754,0.97754,0.97754,0.56249,0.70318,0.60766,0.8161,0.86809,0.84108,0.787,0.962,0.15212,0.0,0.0,5e-06,5.65e-20,3.1,3.1
1202.4,0.094558,0.12968,0.10671,0.14131,0.97748,0.97748,0.97748,0.52836,0.67398,0.57551,0.79676,0.8566,0.82551,0.78695,0.962,0.14131,0.0,0.0,5e-06,5.65e-20,3.1,3.1
1203.2,0.086263,0.12234,0.098803,0.13084,0.97744,0.97744,0.97744,0.49423,0.64478,0.54335,0.77742,0.84512,0.80994,0.7869,0.962,0.13084,0.0,0.0,5e-06,5.65e-20,3.1,3.1
1204.0,0.079318,0.11563,0.091934,0.12174,0.9774,0.9774,0.9774,0.45912,0.61411,0.51009,0.76983,0.83902,0.80311,0.78686,0.962,0.12174,0.0,0.0,5e-06,5.65e-20,3.1,3.1
1204.8,0.073186,0.1083,0.085367,0.11304,0.97737,0.97737,0.97737,0.4171,0.57319,0.46913,0.78183,0.84191,0.81083,0.78682,0.962,0.11304,0.0,0.0,5e-06,5.65e-20,3.1,3.1
1205.6,0.066808,0.10089,0.078636,0.10413,0.97734,0.97734,0.97734,0.37509,0.53227,0.42816,0.79383,0.8448,0.81855,0.7869,0.962,0.10413,0.0,0.0,5e-06,5.65e-20,3.1,3.1
1206.4,0.060211,0.093438,0.071771,0.095038,0.97732,0.97732,0.97732,0.33307,0.49135,0.3872,0.80583,0.84769,0.82627,0.78697,0.962,0.095038,0.0,0.0,5e-06,5.65e-20,3.1,3.1
1207.2,0.053397,0.085943,0.064775,0.085773,0.9773,0.9773,0.9773,0.29106,0.45043,0.34624,0.81783,0.85058,0.83399,0.78705,0.962,0.085773,0.0,0.0,5e-06,5.65e-20,3.1,3.1
1208.0,0.094731,0.11229,0.10068,0.13331,0.97729,0.97729,0.97729,0.50907,0.58671,0.53338,0.82983,0.85347,0.84171,0.78712,0.962,0.13331,0.0,0.0,5e-06,5.65e-20,3.1,3.1
1208.8,0.10195,0.11966,0.10783,0.14278,0.97728,0.97728,0.97728,0.54005,0.62311,0.56609,0.84183,0.85636,0.84943,0.78719,0.962,0.14278,0.0,0.0,5e-06,5.65e-20,3.1,3.1
1209.6,0.10933,0.12707,0.11509,0.15239,0.97727,0.97727,0.97727,0.57103,0.65951,0.59879,0.85383,0.85925,0.85715,0.78727,0.962,0.15239,0.0,0.0,5e-06,5.65e-20,3.1,3.1
1210.4,0.11689,0.13455,0.12248,0.16218,0.97726,0.97726,0.97726,0.60202,0.69591,0.6315,0.86583,0.86214,0.86487,0.78734,0.963,0.16218,0.0,0.0,5e-06,5.65e-20,3.1,3.1
1211.2,0.11829,0.13679,0.12412,0.16434,0.97726,0.97726,0.97726,0.6049,0.70493,0.63644,0.87185,0.86517,0.86946,0.78742,0.963,0.16434,0.0,0.0,5e-06,5.65e-20,3.1,3.1
1212.0,0.11645,0.13833,0.12362,0.16368,0.97725,0.97725,0.97725,0.60377,0.71005,0.63742,0.85991,0.86862,0.86468,0.78749,0.963,0.16368,0.0,0.0,5e-06,5.65e-20,3.1,3.1
1212.8,0.1146,0.13986,0.1231,0.163,0.97725,0.97725,0.97725,0.60264,0.71516,0.6384,0.84798,0.87206,0.85989,0.78757,0.963,0.163,0.0,0.0,5e-06,5.65e-20,3.1,3.1
1213.6,0.11277,0.14141,0.1226,0.16233,0.97725,0.97725,0.97725,0.60151,0.72027,0.63937,0.83605,0.87551,0.8551,0.78764,0.963,0.16233,0.0,0.0,5e-06,5.65e-20,3.1,3.1
1214.4,0.1066,0.13724,0.11723,0.15522,0.97724,0.97724,0.97724,0.57999,0.70414,0.61983,0.81977,0.86933,0.84359,0.78772,0.963,0.15522,0.0,0.0,5e-06,5.65e-20,3.1,3.1
1215.2,0.098052,0.12976,0.10913,0.14449,0.97724,0.97724,0.97724,0.54622,0.67526,0.58797,0.80088,0.85737,0.82804,0.78779,0.963,0.14449,0.0,0.0,5e-06,5.65e-20,3.1,3.1
1216.0,0.089852,0.12252,0.10131,0.13414,0.97723,0.97723,0.97723,0.51246,0.64637,0.55612,0.782,0.84541,0.81248,0.78786,0.963,0.13414,0.0,0.0,5e-06,5.65e-20,3.1,3.1
1216.8,0.081922,0.11541,0.093696,0.12405,0.97722,0.97722,0.97722,0.47869,0.61749,0.52426,0.76311,0.83345,0.79693,0.78794,0.963,0.12405,0.0,0.0,5e-06,5.65e-20,3.1,3.1
1217.6,0.075581,0.10869,0.087188,0.11544,0.9772,0.9772,0.9772,0.44095,0.58269,0.48793,0.76423,0.83165,0.79671,0.78801,0.963,0.11544,0.0,0.0,5e-06,5.65e-20,3.1,3.1
1218.4,0.069617,0.10163,0.080813,0.107,0.97718,0.97718,0.97718,0.39924,0.54197,0.44714,0.77736,0.83595,0.80568,0.78809,0.963,0.107,0.0,0.0,5e-06,5.65e-20,3.1,3.1
1219.2,0.063403,0.09449,0.074267,0.098328,0.97716,0.97716,0.97716,0.35752,0.50125,0.40635,0.79048,0.84026,0.81466,0.78816,0.963,0.098328,0.0,0.0,5e-06,5.65e-20,3.1,3.1
1220.0,0.056914,0.087227,0.067524,0.089399,0.97712,0.97712,0.97712,0.3158,0.46053,0.36556,0.80361,0.84456,0.82363,0.78824,0.963,0.089399,0.0,0.0,5e-06,5.65e-20,3.1,3.1
1220.8,0.090779,0.10834,0.096878,0.12826,0.97709,0.97709,0.97709,0.49562,0.56908,0.51883,0.81673,0.84887,0.83261,0.78831,0.963,0.12826,0.0,0.0,5e-06,5.65e-20,3.1,3.1
1221.6,0.09773,0.1154,0.10376,0.13738,0.97704,0.97704,0.97704,0.52511,0.60308,0.54976,0.82985,0.85317,0.84158,0.78839,0.963,0.13738,0.0,0.0,5e-06,5.65e-20,3.1,3.1
1222.4,0.10485,0.12251,0.11077,0.14665,0.977,0.977,0.977,0.5546,0.63707,0.58069,0.84298,0.85748,0.85056,0.78846,0.963,0.14665,0.0,0.0,5e-06,5.65e-20,3.1,3.1
1223.2,0.11212,0.12967,0.11788,0.15606,0.97695,0.97695,0.97695,0.58409,0.67107,0.61162,0.8561,0.86178,0.85953,0.78853,0.963,0.15606,0.0,0.0,5e-06,5.65e-20,3.1,3.1
1224.0,0.11879,0.13615,0.12435,0.16462,0.9769,0.9769,0.9769,0.60965,0.70126,0.63868,0.86923,0.86609,0.8685,0.78861,0.963,0.16462,0.0,0.0,5e-06,5.65e-20,3.1,3.1
1224.8,0.11806,0.13721,0.12429,0.16454,0.97685,0.97685,0.97685,0.60776,0.70483,0.63864,0.86619,0.86807,0.86778,0.78868,0.963,0.16454,0.0,0.0,5e-06,5.65e-20,3.1,3.1
1225.6,0.11596,0.13801,0.12335,0.16329,0.97679,0.97679,0.97679,0.60586,0.70841,0.6386,0.85346,0.86866,0.86125,0.78876,0.963,0.16329,0.0,0.0,5e-06,5.65e-20,3.1,3.1
1226.4,0.11385,0.13877,0.12238,0.16201,0.97674,0.97674,0.97674,0.60396,0.71198,0.63857,0.84073,0.86924,0.85471,0.78883,0.963,0.16201,0.0,0.0,5e-06,5.65e-20,3.1,3.1
1227.2,0.11175,0.13952,0.1214,0.16072,0.9767,0.9767,0.9767,0.60206,0.71556,0.63853,0.828,0.86983,0.84817,0.78891,0.963,0.16072,0.0,0.0,5e-06,5.65e-20,3.1,3.1
1228.0,0.10478,0.13409,0.11506,0.15232,0.97666,0.97666,0.97666,0.57652,0.69521,0.61494,0.81098,0.86066,0.83487,0.78898,0.963,0.15232,0.0,0.0,5e-06,5.65e-20,3.1,3.1
1228.8,0.096469,0.12679,0.10715,0.14185,0.97662,0.97662,0.97662,0.54309,0.6669,0.58349,0.79252,0.84823,0.81932,0.78906,0.963,0.14185,0.0,0.0,5e-06,5.65e-20,3.1,3.1
1229.6,0.088436,0.11964,0.099464,0.13167,0.97659,0.97659,0.97659,0.50967,0.63858,0.55205,0.77406,0.83581,0.80376,0.78913,0.963,0.13167,0.0,0.0,5e-06,5.65e-20,3.1,3.1
1230.4,0.080679,0.11266,0.091998,0.12179,0.97657,0.97657,0.97657,0.47624,0.61027,0.5206,0.75561,0.82338,0.78821,0.7892,0.96304,0.12179,0.0,0.0,5e-06,5.65e-20,3.1,3.1
1231.2,0.074252,0.10591,0.085438,0.1131,0.97656,0.97656,0.97656,0.43942,0.57576,0.48493,0.7535,0.82025,0.78565,0.78928,0.96312,0.1131,0.0,0.0,5e-06,5.65e-20,3.1,3.1
1232.0,0.068766,0.099218,0.079491,0.10523,0.97655,0.97655,0.97655,0.39919,0.53507,0.44502,0.76774,0.82642,0.79608,0.78935,0.9632,0.10523,0.0,0.0,5e-06,5.65e-20,3.1,3.1
1232.8,0.062963,0.092328,0.073288,0.097015,0.97655,0.97655,0.97655,0.35896,0.49437,0.40511,0.78198,0.83259,0.80651,0.78943,0.9632799999999999,0.097015,0.0,0.0,5e-06,5.65e-20,3.1,3.1
1233.6,0.056934,0.085368,0.066933,0.088602,0.97655,0.97655,0.97655,0.31873,0.45367,0.3652,0.79622,0.83876,0.81695,0.7895,0.96336,0.088602,0.0,0.0,5e-06,5.65e-20,3.1,3.1
1234.4,0.090632,0.10779,0.096673,0.12797,0.97656,0.97656,0.97656,0.49837,0.56855,0.52072,0.81045,0.84493,0.82738,0.78958,0.96344,0.12797,0.0,0.0,5e-06,5.65e-20,3.1,3.1
1235.2,0.097427,0.1149,0.10348,0.13698,0.97656,0.97656,0.97656,0.52648,0.60163,0.55044,0.82469,0.8511,0.83782,0.78965,0.9635199999999999,0.13698,0.0,0.0,5e-06,5.65e-20,3.1,3.1
1236.0,0.1044,0.1221,0.11043,0.14617,0.97657,0.97657,0.97657,0.55458,0.63472,0.58017,0.83893,0.85727,0.84825,0.78972,0.9636,0.14617,0.0,0.0,5e-06,5.65e-20,3.1,3.1
1236.8,0.11153,0.12937,0.1175,0.15553,0.97658,0.97658,0.97658,0.58268,0.66781,0.60989,0.85317,0.86344,0.85868,0.7898,0.96368,0.15553,0.0,0.0,5e-06,5.65e-20,3.1,3.1
1237.6,0.11889,0.13677,0.12474,0.16512,0.97659,0.97659,0.97659,0.61079,0.70089,0.63961,0.86741,0.86961,0.86912,0.78987,0.96376,0.16512,0.0,0.0,5e-06,5.65e-20,3.1,3.1
1238.4,0.11873,0.13833,0.12522,0.16575,0.97659,0.97659,0.97659,0.6118,0.70772,0.64261,0.86445,0.87067,0.86802,0.78995,0.96384,0.16575,0.0,0.0,5e-06,5.65e-20,3.1,3.1
1239.2,0.1164,0.13866,0.12395,0.16407,0.97659,0.97659,0.97659,0.60894,0.71079,0.64179,0.85118,0.86868,0.86001,0.79002,0.96392,0.16407,0.0,0.0,5e-06,5.65e-20,3.1,3.1
1240.0,0.11403,0.13893,0.12263,0.16231,0.97659,0.97659,0.97659,0.60607,0.71386,0.64096,0.83791,0.86669,0.852,0.7901,0.964,0.16231,0.0,0.0,5e-06,5.65e-20,3.1,3.1
1240.8,0.11164,0.13913,0.12126,0.1605,0.97658,0.97658,0.97658,0.60321,0.71693,0.64014,0.82464,0.8647,0.84399,0.79017,0.964,0.1605,0.0,0.0,5e-06,5.65e-20,3.1,3.1
1241.6,0.1055,0.13483,0.11585,0.15334,0.97656,0.97656,0.97656,0.58136,0.70093,0.62046,0.80897,0.85749,0.83232,0.79025,0.964,0.15334,0.0,0.0,5e-06,5.65e-20,3.1,3.1
1242.4,0.097221,0.12764,0.108,0.14295,0.97654,0.97654,0.97654,0.54812,0.67348,0.58948,0.79092,0.84507,0.81698,0.79032,0.964,0.14295,0.0,0.0,5e-06,5.65e-20,3.1,3.1
1243.2,0.089224,0.12061,0.10039,0.13287,0.97652,0.97652,0.97652,0.51488,0.64604,0.55849,0.77287,0.83265,0.80165,0.79039,0.964,0.13287,0.0,0.0,5e-06,5.65e-20,3.1,3.1
1244.0,0.081489,0.11373,0.092973,0.12306,0.97649,0.97649,0.97649,0.48163,0.61859,0.5275,0.75481,0.82023,0.78631,0.79047,0.964,0.12306,0.0,0.0,5e-06,5.65e-20,3.1,3.1
1244.8,0.073789,0.10637,0.085413,0.11305,0.97646,0.97646,0.97646,0.44697,0.58766,0.49442,0.73676,0.80781,0.77097,0.79054,0.964,0.11305,0.0,0.0,5e-06,5.65e-20,3.1,3.1
1245.6,0.068758,0.099803,0.079795,0.10561,0.97644,0.97644,0.97644,0.40803,0.54625,0.45504,0.75212,0.81547,0.78269,0.79062,0.964,0.10561,0.0,0.0,5e-06,5.65e-20,3.1,3.1
1246.4,0.06346,0.093094,0.073973,0.097905,0.97641,0.97641,0.97641,0.3691,0.50485,0.41566,0.76748,0.82314,0.7944,0.79069,0.964,0.097905,0.0,0.0,5e-06,5.65e-20,3.1,3.1
1247.2,0.057891,0.086239,0.067941,0.08992,0.97638,0.97638,0.97638,0.33016,0.46344,0.37629,0.78284,0.8308,0.80612,0.79077,0.964,0.08992,0.0,0.0,5e-06,5.65e-20,3.1,3.1
1248.0,0.052055,0.079241,0.061702,0.081662,0.97636,0.97636,0.97636,0.29123,0.42204,0.33691,0.7982,0.83846,0.81784,0.79084,0.964,0.081662,0.0,0.0,5e-06,5.65e-20,3.1,3.1
1248.8,0.095304,0.11225,0.10131,0.13409,0.97634,0.97634,0.97634,0.5229,0.59219,0.54516,0.81356,0.84612,0.82955,0.79092,0.964,0.13409,0.0,0.0,5e-06,5.65e-20,3.1,3.1
1249.6,0.10202,0.11945,0.10809,0.14306,0.97632,0.97632,0.97632,0.54953,0.62469,0.57372,0.82892,0.85379,0.84127,0.79099,0.964,0.14306,0.0,0.0,5e-06,5.65e-20,3.1,3.1
1250.4,0.10891,0.12675,0.11502,0.15223,0.97631,0.97631,0.97631,0.57615,0.65718,0.60228,0.84428,0.86145,0.85299,0.79106,0.965,0.15223,0.0,0.0,5e-06,5.65e-20,3.1,3.1
1251.2,0.11601,0.1342,0.12213,0.16163,0.9763,0.9763,0.9763,0.60278,0.68968,0.63084,0.85964,0.86911,0.8647,0.79114,0.965,0.16163,0.0,0.0,5e-06,5.65e-20,3.1,3.1
1252.0,0.12005,0.1391,0.12641,0.16729,0.9763,0.9763,0.9763,0.618,0.71091,0.64808,0.8677,0.87398,0.87124,0.79121,0.965,0.16729,0.0,0.0,5e-06,5.65e-20,3.1,3.1
1252.8,0.11753,0.13916,0.12491,0.16531,0.9763,0.9763,0.9763,0.6142,0.71336,0.64646,0.85388,0.87047,0.86225,0.79129,0.965,0.16531,0.0,0.0,5e-06,5.65e-20,3.1,3.1
1253.6,0.1149,0.13905,0.12329,0.16315,0.97631,0.97631,0.97631,0.61041,0.71581,0.64483,0.84006,0.86696,0.85325,0.79136,0.965,0.16315,0.0,0.0,5e-06,5.65e-20,3.1,3.1
1254.4,0.11226,0.1389,0.12163,0.16096,0.97632,0.97632,0.97632,0.60661,0.71826,0.64321,0.82624,0.86345,0.84426,0.79144,0.965,0.16096,0.0,0.0,5e-06,5.65e-20,3.1,3.1
1255.2,0.10968,0.1388,0.12001,0.15882,0.97632,0.97632,0.97632,0.60282,0.72071,0.64158,0.81242,0.85994,0.83526,0.79151,0.965,0.15882,0.0,0.0,5e-06,5.65e-20,3.1,3.1
1256.0,0.10195,0.13238,0.11281,0.14929,0.97633,0.97633,0.97633,0.57206,0.69649,0.61336,0.79526,0.84812,0.82068,0.79159,0.965,0.14929,0.0,0.0,5e-06,5.65e-20,3.1,3.1
1256.8,0.094362,0.12585,0.10563,0.13979,0.97634,0.97634,0.97634,0.54131,0.67226,0.58514,0.77763,0.83511,0.80529,0.79166,0.965,0.13979,0.0,0.0,5e-06,5.65e-20,3.1,3.1
1257.6,0.087003,0.11946,0.098639,0.13053,0.97635,0.97635,0.97635,0.51055,0.64804,0.55692,0.76,0.82211,0.78991,0.79173,0.965,0.13053,0.0,0.0,5e-06,5.65e-20,3.1,3.1
1258.4,0.079901,0.11322,0.091858,0.12156,0.97635,0.97635,0.97635,0.4798,0.62381,0.5287,0.74237,0.8091,0.77452,0.79181,0.965,0.12156,0.0,0.0,5e-06,5.65e-20,3.1,3.1
1259.2,0.072707,0.10568,0.084551,0.11189,0.97635,0.97635,0.97635,0.44438,0.5894,0.49395,0.72899,0.79887,0.76268,0.79188,0.965,0.11189,0.0,0.0,5e-06,5.65e-20,3.1,3.1
1260.0,0.067644,0.098808,0.078808,0.10428,0.97634,0.97634,0.97634,0.40431,0.54479,0.45266,0.74541,0.80805,0.77566,0.79196,0.966,0.10428,0.0,0.0,5e-06,5.65e-20,3.1,3.1
1260.8,0.062306,0.091786,0.072847,0.096397,0.97634,0.97634,0.97634,0.36423,0.50019,0.41137,0.76183,0.81723,0.78864,0.79203,0.966,0.096397,0.0,0.0,5e-06,5.65e-20,3.1,3.1
1261.6,0.056637,0.084527,0.066604,0.088135,0.97632,0.97632,0.97632,0.32416,0.45558,0.37009,0.77825,0.82641,0.80162,0.79211,0.966,0.088135,0.0,0.0,5e-06,5.65e-20,3.1,3.1
1262.4,0.05068,0.077095,0.060129,0.079566,0.9763,0.9763,0.9763,0.28408,0.41098,0.3288,0.79467,0.83559,0.8146,0.79218,0.966,0.079566,0.0,0.0,5e-06,5.65e-20,3.1,3.1
1263.2,0.097398,0.11338,0.10316,0.1365,0.97628,0.97628,0.97628,0.53479,0.59769,0.55511,0.81109,0.84477,0.82758,0.79226,0.966,0.1365,0.0,0.0,5e-06,5.65e-20,3.1,3.1
1264.0,0.10421,0.12075,0.11006,0.14564,0.97626,0.97626,0.97626,0.56074,0.62961,0.58305,0.8275,0.85396,0.84056,0.79233,0.966,0.14564,0.0,0.0,5e-06,5.65e-20,3.1,3.1
1264.8,0.11118,0.12821,0.1171,0.15495,0.97623,0.97623,0.97623,0.58669,0.66153,0.61098,0.84392,0.86314,0.85354,0.7924,0.966,0.15495,0.0,0.0,5e-06,5.65e-20,3.1,3.1
1265.6,0.11838,0.13586,0.12434,0.16453,0.97621,0.97621,0.97621,0.61264,0.69346,0.63891,0.86034,0.87232,0.86652,0.79248,0.966,0.16453,0.0,0.0,5e-06,5.65e-20,3.1,3.1
1266.4,0.12061,0.13953,0.12708,0.16815,0.97618,0.97618,0.97618,0.62328,0.71028,0.65166,0.86143,0.87445,0.86808,0.79255,0.966,0.16815,0.0,0.0,5e-06,5.65e-20,3.1,3.1
1267.2,0.11773,0.13908,0.12517,0.16562,0.97615,0.97615,0.97615,0.61862,0.712,0.64922,0.8472,0.86953,0.85823,0.79263,0.966,0.16562,0.0,0.0,5e-06,5.65e-20,3.1,3.1
1268.0,0.11486,0.1386,0.12325,0.16307,0.97612,0.97612,0.97612,0.61396,0.71373,0.64679,0.83297,0.8646,0.84838,0.7927,0.966,0.16307,0.0,0.0,5e-06,5.65e-20,3.1,3.1
1268.8,0.11204,0.13814,0.12135,0.16056,0.97608,0.97608,0.97608,0.60929,0.71545,0.64435,0.81873,0.85968,0.83853,0.79278,0.966,0.16056,0.0,0.0,5e-06,5.65e-20,3.1,3.1
1269.6,0.10923,0.13766,0.11945,0.15805,0.97606,0.97606,0.97606,0.60463,0.71717,0.64191,0.8045,0.85476,0.82868,0.79285,0.966,0.15805,0.0,0.0,5e-06,5.65e-20,3.1,3.1
1270.4,0.10209,0.13181,0.11283,0.14928,0.97603,0.97603,0.97603,0.57729,0.6965,0.61713,0.78768,0.84291,0.81428,0.79292,0.966,0.14928,0.0,0.0,5e-06,5.65e-20,3.1,3.1
1271.2,0.094574,0.12535,0.10572,0.13987,0.976,0.976,0.976,0.54672,0.67262,0.58915,0.77049,0.83007,0.79922,0.793,0.966,0.13987,0.0,0.0,5e-06,5.65e-20,3.1,3.1
1272.0,0.087329,0.11908,0.09884,0.13077,0.97597,0.97597,0.97597,0.51614,0.64875,0.56117,0.7533,0.81724,0.78417,0.79307,0.966,0.13077,0.0,0.0,5e-06,5.65e-20,3.1,3.1
1272.8,0.080254,0.11286,0.092079,0.12183,0.97595,0.97595,0.97595,0.48556,0.62487,0.5332,0.73611,0.8044,0.76912,0.79315,0.966,0.12183,0.0,0.0,5e-06,5.65e-20,3.1,3.1
1273.6,0.072852,0.10542,0.084675,0.11203,0.97593,0.97593,0.97593,0.45138,0.59319,0.50018,0.71892,0.79156,0.75406,0.79322,0.966,0.11203,0.0,0.0,5e-06,5.65e-20,3.1,3.1
1274.4,0.067548,0.098342,0.078699,0.10412,0.9759,0.9759,0.9759,0.41119,0.5485,0.45876,0.73182,0.79873,0.76422,0.7933,0.966,0.10412,0.0,0.0,5e-06,5.65e-20,3.1,3.1
1275.2,0.062366,0.091444,0.072868,0.096406,0.97588,0.97588,0.97588,0.371,0.5038,0.41734,0.74901,0.80876,0.77799,0.79337,0.966,0.096406,0.0,0.0,5e-06,5.65e-20,3.1,3.1
1276.0,0.056876,0.084349,0.066785,0.088357,0.97585,0.97585,0.97585,0.33082,0.45911,0.37592,0.76621,0.81878,0.79175,0.79345,0.966,0.088357,0.0,0.0,5e-06,5.65e-20,3.1,3.1
1276.8,0.051075,0.07705,0.060443,0.079966,0.97583,0.97583,0.97583,0.29063,0.41441,0.3345,0.7834,0.8288,0.80552,0.79352,0.966,0.079966,0.0,0.0,5e-06,5.65e-20,3.1,3.1
1277.6,0.09682,0.11233,0.10254,0.13566,0.9758,0.9758,0.9758,0.53926,0.59715,0.5581,0.8006,0.83883,0.81928,0.79359,0.966,0.13566,0.0,0.0,5e-06,5.65e-20,3.1,3.1
1278.4,0.10335,0.11945,0.10918,0.14444,0.97577,0.97577,0.97577,0.5637,0.62763,0.58456,0.81779,0.84885,0.83305,0.79367,0.966,0.14444,0.0,0.0,5e-06,5.65e-20,3.1,3.1
1279.2,0.11008,0.1267,0.11598,0.15344,0.97574,0.97574,0.97574,0.58814,0.6581,0.61102,0.83499,0.85888,0.84681,0.79374,0.966,0.15344,0.0,0.0,5e-06,5.65e-20,3.1,3.1
1280.0,0.117,0.1341,0.12296,0.16267,0.9757,0.9757,0.9757,0.61258,0.68858,0.63748,0.85218,0.8689,0.86058,0.79382,0.966,0.16267,0.0,0.0,5e-06,5.65e-20,3.1,3.1
1280.8,0.12218,0.14018,0.12839,0.16985,0.97567,0.97567,0.97567,0.63323,0.71533,0.66018,0.86144,0.8749,0.86827,0.79389,0.9660799999999999,0.16985,0.0,0.0,5e-06,5.65e-20,3.1,3.1
1281.6,0.11898,0.13931,0.12612,0.16684,0.97563,0.97563,0.97563,0.62728,0.71593,0.65654,0.8469,0.86884,0.85774,0.79397,0.9661599999999999,0.16684,0.0,0.0,5e-06,5.65e-20,3.1,3.1
1282.4,0.11581,0.13843,0.12386,0.16385,0.97559,0.97559,0.97559,0.62133,0.71653,0.65289,0.83236,0.86277,0.8472,0.79404,0.96624,0.16385,0.0,0.0,5e-06,5.65e-20,3.1,3.1
1283.2,0.11266,0.13753,0.1216,0.16086,0.97555,0.97555,0.97555,0.61538,0.71713,0.64924,0.81781,0.8567,0.83667,0.79412,0.96632,0.16086,0.0,0.0,5e-06,5.65e-20,3.1,3.1
1284.0,0.10956,0.13663,0.11936,0.1579,0.97551,0.97551,0.97551,0.60943,0.71773,0.64559,0.80327,0.85063,0.82614,0.79419,0.9663999999999999,0.1579,0.0,0.0,5e-06,5.65e-20,3.1,3.1
1284.8,0.10431,0.13306,0.11477,0.15183,0.97547,0.97547,0.97547,0.59177,0.70629,0.63024,0.7879,0.84212,0.81405,0.79426,0.96648,0.15183,0.0,0.0,5e-06,5.65e-20,3.1,3.1
1285.6,0.097008,0.12669,0.10785,0.14266,0.97543,0.97543,0.97543,0.56242,0.68282,0.60319,0.77115,0.82952,0.79934,0.79434,0.96656,0.14266,0.0,0.0,5e-06,5.65e-20,3.1,3.1
1286.4,0.089938,0.12046,0.1011,0.13374,0.97539,0.97539,0.97539,0.53306,0.65934,0.57614,0.75439,0.81691,0.78464,0.79441,0.9666399999999999,0.13374,0.0,0.0,5e-06,5.65e-20,3.1,3.1
1287.2,0.083088,0.11437,0.09454,0.12506,0.97536,0.97536,0.97536,0.5037,0.63586,0.54909,0.73764,0.80431,0.76994,0.79449,0.96672,0.12506,0.0,0.0,5e-06,5.65e-20,3.1,3.1
1288.0,0.076461,0.10841,0.088157,0.11661,0.97532,0.97532,0.97532,0.47435,0.61239,0.52203,0.72089,0.79172,0.75524,0.79456,0.9668,0.11661,0.0,0.0,5e-06,5.65e-20,3.1,3.1
1288.8,0.069084,0.10003,0.08043,0.10639,0.97529,0.97529,0.97529,0.43609,0.57206,0.48335,0.7085,0.78206,0.74421,0.79464,0.96688,0.10639,0.0,0.0,5e-06,5.65e-20,3.1,3.1
1289.6,0.064148,0.093276,0.074786,0.098925,0.97526,0.97526,0.97526,0.39486,0.52612,0.44079,0.7267,0.79304,0.75893,0.79471,0.9669599999999999,0.098925,0.0,0.0,5e-06,5.65e-20,3.1,3.1
1290.4,0.058886,0.086306,0.068872,0.091101,0.97524,0.97524,0.97524,0.35363,0.48018,0.39822,0.74489,0.80402,0.77365,0.79479,0.967,0.091101,0.0,0.0,5e-06,5.65e-20,3.1,3.1
1291.2,0.053295,0.079121,0.062687,0.082919,0.97522,0.97522,0.97522,0.3124,0.43424,0.35566,0.76309,0.815,0.78837,0.79486,0.967,0.082919,0.0,0.0,5e-06,5.65e-20,3.1,3.1
1292.0,0.094471,0.10959,0.1002,0.13254,0.9752,0.9752,0.9752,0.54087,0.59349,0.5581,0.78128,0.82597,0.80309,0.79493,0.967,0.13254,0.0,0.0,5e-06,5.65e-20,3.1,3.1
1292.8,0.10083,0.11655,0.10667,0.1411,0.97519,0.97519,0.97519,0.56405,0.62278,0.58334,0.79947,0.83695,0.81782,0.79501,0.967,0.1411,0.0,0.0,5e-06,5.65e-20,3.1,3.1
1293.6,0.10738,0.12365,0.11331,0.14987,0.97517,0.97517,0.97517,0.58723,0.65207,0.60859,0.81767,0.84793,0.83254,0.79508,0.967,0.14987,0.0,0.0,5e-06,5.65e-20,3.1,3.1
1294.4,0.11412,0.13089,0.12011,0.15887,0.97516,0.97516,0.97516,0.6104,0.68135,0.63383,0.83586,0.85891,0.84726,0.79516,0.967,0.15887,0.0,0.0,5e-06,5.65e-20,3.1,3.1
1295.2,0.12106,0.1383,0.1271,0.16811,0.97515,0.97515,0.97515,0.63358,0.71064,0.65907,0.85406,0.86988,0.86198,0.79523,0.967,0.16811,0.0,0.0,5e-06,5.65e-20,3.1,3.1
1296.0,0.12301,0.14183,0.12962,0.17145,0.97515,0.97515,0.97515,0.64542,0.72884,0.6731,0.85165,0.86955,0.86054,0.79531,0.967,0.17145,0.0,0.0,5e-06,5.65e-20,3.1,3.1
1296.8,0.11956,0.14062,0.12707,0.16807,0.97514,0.97514,0.97514,0.63834,0.72858,0.66844,0.83688,0.86244,0.84941,0.79538,0.967,0.16807,0.0,0.0,5e-06,5.65e-20,3.1,3.1
1297.6,0.11617,0.13944,0.12456,0.16474,0.97513,0.97513,0.97513,0.63127,0.72831,0.66379,0.82211,0.85532,0.83828,0.79546,0.967,0.16474,0.0,0.0,5e-06,5.65e-20,3.1,3.1
1298.4,0.11283,0.13826,0.12206,0.16144,0.97512,0.97512,0.97512,0.6242,0.72805,0.65913,0.80734,0.8482,0.82715,0.79553,0.967,0.16144,0.0,0.0,5e-06,5.65e-20,3.1,3.1
1299.2,0.10953,0.13707,0.11959,0.15817,0.9751,0.9751,0.9751,0.61713,0.72778,0.65447,0.79257,0.84109,0.81602,0.7956,0.967,0.15817,0.0,0.0,5e-06,5.65e-20,3.1,3.1
1300.0,0.10416,0.13323,0.11482,0.15186,0.97509,0.97509,0.97509,0.59848,0.71553,0.63821,0.77703,0.83135,0.80328,0.79568,0.967,0.15186,0.0,0.0,5e-06,5.65e-20,3.1,3.1
1300.8,0.096835,0.12682,0.10787,0.14266,0.97507,0.97507,0.97507,0.56826,0.69129,0.61036,0.76071,0.81898,0.78891,0.79575,0.967,0.14266,0.0,0.0,5e-06,5.65e-20,3.1,3.1
1301.6,0.089728,0.12054,0.10108,0.13368,0.97505,0.97505,0.97505,0.53804,0.66705,0.58251,0.74439,0.80661,0.77455,0.79583,0.967,0.13368,0.0,0.0,5e-06,5.65e-20,3.1,3.1
1302.4,0.082843,0.11439,0.094474,0.12495,0.97503,0.97503,0.97503,0.50782,0.64281,0.55466,0.72807,0.79424,0.76019,0.7959,0.967,0.12495,0.0,0.0,5e-06,5.65e-20,3.1,3.1
1303.2,0.076176,0.10838,0.088045,0.11644,0.975,0.975,0.975,0.4776,0.61857,0.5268,0.71175,0.78187,0.74582,0.79598,0.967,0.11644,0.0,0.0,5e-06,5.65e-20,3.1,3.1
1304.0,0.068389,0.099688,0.079952,0.10574,0.97498,0.97498,0.97498,0.43887,0.57815,0.4878,0.69543,0.7695,0.73146,0.79602,0.967,0.10574,0.0,0.0,5e-06,5.65e-20,3.1,3.1
1304.8,0.063595,0.093187,0.07449,0.098513,0.97495,0.97495,0.97495,0.39729,0.53233,0.44508,0.7146,0.7815,0.74717,0.79577,0.967,0.098513,0.0,0.0,5e-06,5.65e-20,3.1,3.1
1305.6,0.058447,0.086444,0.068731,0.090896,0.97492,0.97492,0.97492,0.35572,0.48651,0.40235,0.73378,0.7935,0.76287,0.79552,0.967,0.090896,0.0,0.0,5e-06,5.65e-20,3.1,3.1
1306.4,0.052949,0.079463,0.062679,0.082892,0.97489,0.97489,0.97489,0.31414,0.44069,0.35963,0.75295,0.80551,0.77858,0.79527,0.967,0.082892,0.0,0.0,5e-06,5.65e-20,3.1,3.1
1307.2,0.047097,0.07224,0.05633,0.074494,0.97487,0.97487,0.97487,0.27257,0.39487,0.31691,0.77212,0.81751,0.79429,0.79502,0.967,0.074494,0.0,0.0,5e-06,5.65e-20,3.1,3.1
1308.0,0.10432,0.11685,0.10918,0.14439,0.97484,0.97484,0.97484,0.5894,0.62981,0.60266,0.79129,0.82951,0.80999,0.79477,0.967,0.14439,0.0,0.0,5e-06,5.65e-20,3.1,3.1
1308.8,0.11069,0.12371,0.11561,0.15288,0.97481,0.97481,0.97481,0.61098,0.65763,0.62633,0.81047,0.84151,0.8257,0.79452,0.967,0.15288,0.0,0.0,5e-06,5.65e-20,3.1,3.1
1309.6,0.11725,0.13071,0.12219,0.16159,0.97478,0.97478,0.97478,0.63256,0.68544,0.65001,0.82964,0.85352,0.8414,0.79427,0.967,0.16159,0.0,0.0,5e-06,5.65e-20,3.1,3.1
1310.4,0.12398,0.13785,0.12893,0.1705,0.97476,0.97476,0.97476,0.65414,0.71326,0.67368,0.84881,0.86552,0.85711,0.79402,0.967,0.1705,0.0,0.0,5e-06,5.65e-20,3.1,3.1
1311.2,0.12698,0.14236,0.13247,0.17518,0.97473,0.97473,0.97473,0.6719,0.73744,0.69362,0.84688,0.8651,0.85588,0.79377,0.967,0.17518,0.0,0.0,5e-06,5.65e-20,3.1,3.1
1312.0,0.12306,0.14075,0.12946,0.1712,0.97471,0.97471,0.97471,0.66294,0.7362,0.68737,0.83228,0.85722,0.84449,0.79352,0.967,0.1712,0.0,0.0,5e-06,5.65e-20,3.1,3.1
1312.8,0.11924,0.13919,0.12653,0.16732,0.97469,0.97469,0.97469,0.65398,0.73496,0.68112,0.81768,0.84934,0.8331,0.79327,0.967,0.16732,0.0,0.0,5e-06,5.65e-20,3.1,3.1
1313.6,0.11541,0.13756,0.12355,0.16338,0.97466,0.97466,0.97466,0.64503,0.73372,0.67487,0.80308,0.84146,0.82171,0.79302,0.967,0.16338,0.0,0.0,5e-06,5.65e-20,3.1,3.1
1314.4,0.11169,0.13598,0.12066,0.15955,0.97464,0.97464,0.97464,0.63607,0.73248,0.66862,0.78848,0.83358,0.81032,0.79277,0.967,0.15955,0.0,0.0,5e-06,5.65e-20,3.1,3.1
1315.2,0.10707,0.1333,0.11679,0.15443,0.97461,0.97461,0.97461,0.6215,0.7255,0.65678,0.77372,0.82517,0.7986,0.79252,0.967,0.15443,0.0,0.0,5e-06,5.65e-20,3.1,3.1
1316.0,0.099483,0.12684,0.10964,0.14497,0.97459,0.97459,0.97459,0.5901,0.70128,0.62816,0.75783,0.81305,0.78458,0.79227,0.967,0.14497,0.0,0.0,5e-06,5.65e-20,3.1,3.1
1316.8,0.092155,0.12056,0.10271,0.13581,0.97456,0.97456,0.97456,0.55869,0.67706,0.59954,0.74194,0.80093,0.77056,0.79201,0.967,0.13581,0.0,0.0,5e-06,5.65e-20,3.1,3.1
1317.6,0.085057,0.11441,0.095961,0.12689,0.97453,0.97453,0.97453,0.52729,0.65284,0.57092,0.72605,0.78882,0.75653,0.79176,0.967,0.12689,0.0,0.0,5e-06,5.65e-20,3.1,3.1
1318.4,0.07819,0.1084,0.089403,0.11821,0.97449,0.97449,0.97449,0.49589,0.62862,0.5423,0.71016,0.77669,0.74251,0.79151,0.967,0.11821,0.0,0.0,5e-06,5.65e-20,3.1,3.1
1319.2,0.071031,0.10131,0.082271,0.10878,0.97445,0.97445,0.97445,0.4611,0.59718,0.50898,0.69427,0.76457,0.72849,0.79126,0.967,0.10878,0.0,0.0,5e-06,5.65e-20,3.1,3.1
1320.0,0.064534,0.093541,0.075307,0.099573,0.97441,0.97441,0.97441,0.42066,0.55372,0.46783,0.69189,0.76188,0.72599,0.79101,0.968,0.099573,0.0,0.0,5e-06,5.65e-20,3.1,3.1
1320.8,0.059983,0.087608,0.070209,0.092832,0.97436,0.97436,0.97436,0.38022,0.51026,0.42667,0.71202,0.77491,0.74267,0.79076,0.968,0.092832,0.0,0.0,5e-06,5.65e-20,3.1,3.1
1321.6,0.05508,0.081436,0.064817,0.085701,0.97431,0.97431,0.97431,0.33978,0.4668,0.38552,0.73215,0.78793,0.75936,0.79051,0.968,0.085701,0.0,0.0,5e-06,5.65e-20,3.1,3.1
1322.4,0.049821,0.075018,0.059126,0.078175,0.97426,0.97426,0.97426,0.29934,0.42334,0.34437,0.75228,0.80096,0.77605,0.79026,0.968,0.078175,0.0,0.0,5e-06,5.65e-20,3.1,3.1
1323.2,0.098773,0.10769,0.10252,0.13555,0.9742,0.9742,0.9742,0.57844,0.59848,0.58499,0.77241,0.81398,0.79273,0.79001,0.968,0.13555,0.0,0.0,5e-06,5.65e-20,3.1,3.1
1324.0,0.10505,0.11429,0.10878,0.14383,0.97415,0.97415,0.97415,0.59997,0.62554,0.60836,0.79254,0.82701,0.80942,0.78976,0.968,0.14383,0.0,0.0,5e-06,5.65e-20,3.1,3.1
1324.8,0.11149,0.12102,0.1152,0.15232,0.97409,0.97409,0.97409,0.62149,0.6526,0.63173,0.81267,0.84003,0.8261,0.78951,0.968,0.15232,0.0,0.0,5e-06,5.65e-20,3.1,3.1
1325.6,0.11813,0.1279,0.12179,0.16103,0.97404,0.97404,0.97404,0.64301,0.67966,0.6551,0.83281,0.85305,0.84279,0.78926,0.968,0.16103,0.0,0.0,5e-06,5.65e-20,3.1,3.1
1326.4,0.12432,0.13451,0.12802,0.16926,0.97398,0.97398,0.97398,0.66454,0.70672,0.67847,0.84858,0.86337,0.85591,0.78901,0.968,0.16926,0.0,0.0,5e-06,5.65e-20,3.1,3.1
1327.2,0.12394,0.13624,0.12848,0.16986,0.97393,0.97393,0.97393,0.67466,0.72348,0.69086,0.83387,0.85472,0.84411,0.78876,0.968,0.16986,0.0,0.0,5e-06,5.65e-20,3.1,3.1
1328.0,0.12008,0.1347,0.12551,0.16594,0.97388,0.97388,0.97388,0.66579,0.7231,0.68493,0.81916,0.84608,0.8323,0.78851,0.968,0.16594,0.0,0.0,5e-06,5.65e-20,3.1,3.1
1328.8,0.11629,0.13318,0.12259,0.16208,0.97384,0.97384,0.97384,0.65691,0.72271,0.679,0.80445,0.83743,0.82049,0.78826,0.968,0.16208,0.0,0.0,5e-06,5.65e-20,3.1,3.1
1329.6,0.11256,0.13166,0.11971,0.15827,0.9738,0.9738,0.9738,0.64804,0.72232,0.67307,0.78974,0.82879,0.80869,0.78801,0.968,0.15827,0.0,0.0,5e-06,5.65e-20,3.1,3.1
1330.4,0.1089,0.13016,0.11687,0.1545,0.97377,0.97377,0.97377,0.63917,0.72193,0.66714,0.77503,0.82014,0.79688,0.78776,0.9679599999999999,0.1545,0.0,0.0,5e-06,5.65e-20,3.1,3.1
1331.2,0.10391,0.12702,0.11258,0.14883,0.97375,0.97375,0.97375,0.6221,0.7133,0.65311,0.76015,0.81039,0.78448,0.78751,0.96788,0.14883,0.0,0.0,5e-06,5.65e-20,3.1,3.1
1332.0,0.096772,0.12123,0.10595,0.14007,0.97373,0.97373,0.97373,0.59138,0.69094,0.62557,0.74499,0.79879,0.77108,0.78726,0.9678,0.14007,0.0,0.0,5e-06,5.65e-20,3.1,3.1
1332.8,0.089844,0.11556,0.099488,0.13152,0.97372,0.97372,0.97372,0.56066,0.66858,0.59803,0.72983,0.78718,0.75768,0.78701,0.96772,0.13152,0.0,0.0,5e-06,5.65e-20,3.1,3.1
1333.6,0.083139,0.11002,0.093208,0.12322,0.97371,0.97371,0.97371,0.52995,0.64621,0.57049,0.71467,0.77558,0.74428,0.78675,0.96764,0.12322,0.0,0.0,5e-06,5.65e-20,3.1,3.1
1334.4,0.076637,0.10459,0.087087,0.11513,0.9737,0.9737,0.9737,0.49923,0.62385,0.54294,0.6995,0.76398,0.73089,0.7865,0.96756,0.11513,0.0,0.0,5e-06,5.65e-20,3.1,3.1
1335.2,0.069763,0.098001,0.080313,0.10617,0.97369,0.97369,0.97369,0.46468,0.59373,0.51023,0.68434,0.75237,0.71749,0.78625,0.96748,0.10617,0.0,0.0,5e-06,5.65e-20,3.1,3.1
1336.0,0.063035,0.090251,0.073213,0.096782,0.97369,0.97369,0.97369,0.42373,0.55071,0.46891,0.67824,0.74717,0.71185,0.786,0.9673999999999999,0.096782,0.0,0.0,5e-06,5.65e-20,3.1,3.1
1336.8,0.058691,0.084726,0.068389,0.090404,0.97369,0.97369,0.97369,0.38279,0.50768,0.42759,0.69931,0.76117,0.72949,0.78575,0.96732,0.090404,0.0,0.0,5e-06,5.65e-20,3.1,3.1
1337.6,0.053983,0.078958,0.063262,0.083626,0.97369,0.97369,0.97369,0.34184,0.46465,0.38626,0.72038,0.77518,0.74713,0.7855,0.96724,0.083626,0.0,0.0,5e-06,5.65e-20,3.1,3.1
1338.4,0.048898,0.072927,0.057817,0.076428,0.97368,0.97368,0.97368,0.3009,0.42162,0.34494,0.74145,0.78918,0.76476,0.78525,0.9671599999999999,0.076428,0.0,0.0,5e-06,5.65e-20,3.1,3.1
1339.2,0.096848,0.10442,0.10014,0.13238,0.97368,0.97368,0.97368,0.57964,0.59331,0.58414,0.76252,0.80319,0.7824,0.785,0.9670799999999999,0.13238,0.0,0.0,5e-06,5.65e-20,3.1,3.1
1340.0,0.10316,0.11095,0.10642,0.14067,0.97367,0.97367,0.97367,0.60098,0.61978,0.60719,0.78359,0.81719,0.80004,0.78475,0.967,0.14067,0.0,0.0,5e-06,5.65e-20,3.1,3.1
1340.8,0.10966,0.11763,0.11285,0.14917,0.97366,0.97366,0.97366,0.62232,0.64624,0.63024,0.80466,0.83119,0.81768,0.7845,0.967,0.14917,0.0,0.0,5e-06,5.65e-20,3.1,3.1
1341.6,0.11635,0.12447,0.11946,0.15791,0.97365,0.97365,0.97365,0.64366,0.67271,0.6533,0.82573,0.8452,0.83532,0.78425,0.967,0.15791,0.0,0.0,5e-06,5.65e-20,3.1,3.1
1342.4,0.12259,0.13103,0.12571,0.16616,0.97364,0.97364,0.97364,0.665,0.69917,0.67635,0.84232,0.8563,0.84924,0.784,0.967,0.16616,0.0,0.0,5e-06,5.65e-20,3.1,3.1
1343.2,0.12291,0.13327,0.12679,0.16759,0.97362,0.97362,0.97362,0.67883,0.71903,0.69222,0.82755,0.84711,0.83715,0.78375,0.967,0.16759,0.0,0.0,5e-06,5.65e-20,3.1,3.1
1344.0,0.1191,0.13176,0.12387,0.16373,0.9736,0.9736,0.9736,0.67009,0.71907,0.68653,0.81278,0.83792,0.82506,0.7835,0.967,0.16373,0.0,0.0,5e-06,5.65e-20,3.1,3.1
1344.8,0.11537,0.13027,0.12099,0.15993,0.97358,0.97358,0.97358,0.66135,0.7191,0.68084,0.79801,0.82873,0.81296,0.78325,0.967,0.15993,0.0,0.0,5e-06,5.65e-20,3.1,3.1
1345.6,0.11168,0.12877,0.11814,0.15615,0.97356,0.97356,0.97356,0.65262,0.71914,0.67515,0.78324,0.81953,0.80087,0.783,0.967,0.15615,0.0,0.0,5e-06,5.65e-20,3.1,3.1
1346.4,0.10805,0.12727,0.11532,0.15242,0.97354,0.97354,0.97354,0.64388,0.71918,0.66946,0.76847,0.81034,0.78878,0.78275,0.967,0.15242,0.0,0.0,5e-06,5.65e-20,3.1,3.1
1347.2,0.10406,0.12527,0.11207,0.14813,0.97351,0.97351,0.97351,0.6325,0.71658,0.66116,0.75373,0.80091,0.7766,0.7825,0.967,0.14813,0.0,0.0,5e-06,5.65e-20,3.1,3.1
1348.0,0.097176,0.11984,0.10574,0.13976,0.97349,0.97349,0.97349,0.60255,0.69551,0.63458,0.73924,0.7898,0.76378,0.78225,0.967,0.13976,0.0,0.0,5e-06,5.65e-20,3.1,3.1
1348.8,0.090484,0.11451,0.099552,0.13158,0.97346,0.97346,0.97346,0.57261,0.67444,0.608,0.72474,0.77868,0.75096,0.782,0.967,0.13158,0.0,0.0,5e-06,5.65e-20,3.1,3.1
1349.6,0.083999,0.1093,0.093534,0.12362,0.97344,0.97344,0.97344,0.54266,0.65337,0.58143,0.71025,0.76757,0.73814,0.78175,0.967,0.12362,0.0,0.0,5e-06,5.65e-20,3.1,3.1
1350.4,0.077704,0.10419,0.087662,0.11586,0.97341,0.97341,0.97341,0.51272,0.63231,0.55485,0.69576,0.75646,0.72532,0.78149,0.96704,0.11586,0.0,0.0,5e-06,5.65e-20,3.1,3.1
1351.2,0.071598,0.099177,0.081938,0.10829,0.97339,0.97339,0.97339,0.48277,0.61124,0.52827,0.68127,0.74534,0.71251,0.78124,0.96712,0.10829,0.0,0.0,5e-06,5.65e-20,3.1,3.1
1352.0,0.064187,0.091044,0.074288,0.098182,0.97336,0.97336,0.97336,0.44243,0.56989,0.48797,0.66677,0.73423,0.69969,0.78099,0.9672,0.098182,0.0,0.0,5e-06,5.65e-20,3.1,3.1
1352.8,0.059018,0.084968,0.068762,0.090877,0.97334,0.97334,0.97334,0.40209,0.52854,0.44766,0.67508,0.73938,0.70647,0.78074,0.9672799999999999,0.090877,0.0,0.0,5e-06,5.65e-20,3.1,3.1
1353.6,0.054794,0.079854,0.064176,0.084815,0.97331,0.97331,0.97331,0.36175,0.4872,0.40736,0.69707,0.7543,0.72502,0.78049,0.96736,0.084815,0.0,0.0,5e-06,5.65e-20,3.1,3.1
1354.4,0.050191,0.07448,0.059273,0.078334,0.97328,0.97328,0.97328,0.3214,0.44585,0.36705,0.71906,0.76922,0.74357,0.78024,0.96744,0.078334,0.0,0.0,5e-06,5.65e-20,3.1,3.1
1355.2,0.045205,0.06884,0.054047,0.071426,0.97325,0.97325,0.97325,0.28106,0.4045,0.32675,0.74105,0.78413,0.76212,0.77999,0.9675199999999999,0.071426,0.0,0.0,5e-06,5.65e-20,3.1,3.1
1356.0,0.097794,0.1026,0.10012,0.13231,0.97322,0.97322,0.97322,0.59095,0.59207,0.59134,0.76304,0.79905,0.78067,0.77974,0.9676,0.13231,0.0,0.0,5e-06,5.65e-20,3.1,3.1
1356.8,0.10412,0.1092,0.10641,0.14063,0.97319,0.97319,0.97319,0.61198,0.61905,0.61435,0.78503,0.81396,0.79922,0.77949,0.96768,0.14063,0.0,0.0,5e-06,5.65e-20,3.1,3.1
1357.6,0.11064,0.11597,0.11288,0.14918,0.97315,0.97315,0.97315,0.63301,0.64603,0.63736,0.80702,0.82888,0.81777,0.77924,0.96776,0.14918,0.0,0.0,5e-06,5.65e-20,3.1,3.1
1358.4,0.11735,0.1229,0.11953,0.15795,0.97312,0.97312,0.97312,0.65404,0.67301,0.66037,0.82901,0.8438,0.83631,0.77899,0.96784,0.15795,0.0,0.0,5e-06,5.65e-20,3.1,3.1
1359.2,0.12092,0.12771,0.12352,0.16323,0.97308,0.97308,0.97308,0.67507,0.69999,0.68337,0.82819,0.84357,0.83577,0.77874,0.96792,0.16323,0.0,0.0,5e-06,5.65e-20,3.1,3.1
1360.0,0.11916,0.12828,0.12266,0.16209,0.97303,0.97303,0.97303,0.67757,0.71144,0.68895,0.81368,0.83425,0.82376,0.77849,0.968,0.16209,0.0,0.0,5e-06,5.65e-20,3.1,3.1
1360.8,0.11544,0.12712,0.11991,0.15846,0.97299,0.97299,0.97299,0.66894,0.71357,0.68406,0.79917,0.82494,0.81175,0.77824,0.968,0.15846,0.0,0.0,5e-06,5.65e-20,3.1,3.1
1361.6,0.11178,0.12594,0.11719,0.15486,0.97294,0.97294,0.97294,0.66031,0.71569,0.67918,0.78466,0.81562,0.79974,0.77799,0.968,0.15486,0.0,0.0,5e-06,5.65e-20,3.1,3.1
1362.4,0.10819,0.12477,0.1145,0.1513,0.97288,0.97288,0.97288,0.65168,0.71782,0.6743,0.77015,0.80631,0.78773,0.77774,0.968,0.1513,0.0,0.0,5e-06,5.65e-20,3.1,3.1
1363.2,0.10468,0.12361,0.11187,0.14782,0.97283,0.97283,0.97283,0.64305,0.71995,0.66941,0.75564,0.797,0.77573,0.77763,0.968,0.14782,0.0,0.0,5e-06,5.65e-20,3.1,3.1
1364.0,0.10003,0.12106,0.108,0.14271,0.97278,0.97278,0.97278,0.62673,0.71411,0.65687,0.74123,0.78729,0.76359,0.77777,0.968,0.14271,0.0,0.0,5e-06,5.65e-20,3.1,3.1
1364.8,0.093528,0.11615,0.1021,0.13492,0.97273,0.97273,0.97273,0.59759,0.695,0.63156,0.72711,0.77643,0.75109,0.7779,0.968,0.13492,0.0,0.0,5e-06,5.65e-20,3.1,3.1
1365.6,0.087206,0.11133,0.096343,0.12731,0.97267,0.97267,0.97267,0.56845,0.67589,0.60625,0.713,0.76556,0.73858,0.77804,0.968,0.12731,0.0,0.0,5e-06,5.65e-20,3.1,3.1
1366.4,0.081068,0.10661,0.090725,0.11988,0.97262,0.97262,0.97262,0.5393,0.65678,0.58094,0.69888,0.75469,0.72608,0.77817,0.968,0.11988,0.0,0.0,5e-06,5.65e-20,3.1,3.1
1367.2,0.075109,0.10198,0.085245,0.11264,0.97258,0.97258,0.97258,0.51016,0.63766,0.55563,0.68476,0.74383,0.71357,0.77831,0.968,0.11264,0.0,0.0,5e-06,5.65e-20,3.1,3.1
1368.0,0.06915,0.097027,0.079645,0.10524,0.97254,0.97254,0.97254,0.47982,0.61601,0.52866,0.67065,0.73296,0.70107,0.77844,0.968,0.10524,0.0,0.0,5e-06,5.65e-20,3.1,3.1
1368.8,0.062204,0.089431,0.07249,0.095782,0.9725,0.9725,0.9725,0.44106,0.57654,0.49009,0.65653,0.72209,0.68856,0.77857,0.968,0.095782,0.0,0.0,5e-06,5.65e-20,3.1,3.1
1369.6,0.057102,0.08356,0.067098,0.088656,0.97246,0.97246,0.97246,0.40231,0.53707,0.45151,0.6611,0.72467,0.69218,0.77871,0.968,0.088656,0.0,0.0,5e-06,5.65e-20,3.1,3.1
1370.4,0.053386,0.079084,0.063078,0.083344,0.97244,0.97244,0.97244,0.36356,0.49761,0.41294,0.68436,0.74068,0.71191,0.77884,0.968,0.083344,0.0,0.0,5e-06,5.65e-20,3.1,3.1
1371.2,0.049288,0.074343,0.058738,0.077608,0.97242,0.97242,0.97242,0.3248,0.45814,0.37437,0.70762,0.7567,0.73164,0.77898,0.968,0.077608,0.0,0.0,5e-06,5.65e-20,3.1,3.1
1372.0,0.044807,0.069334,0.054073,0.071444,0.9724,0.9724,0.9724,0.28605,0.41868,0.33579,0.73089,0.77271,0.75138,0.77911,0.968,0.071444,0.0,0.0,5e-06,5.65e-20,3.1,3.1
1372.8,0.095099,0.095776,0.096066,0.12693,0.97239,0.97239,0.97239,0.58892,0.56711,0.58183,0.75415,0.78872,0.77111,0.77925,0.968,0.12693,0.0,0.0,5e-06,5.65e-20,3.1,3.1
1373.6,0.10139,0.10217,0.10226,0.1351,0.97238,0.97238,0.97238,0.60958,0.5934,0.60432,0.77741,0.80474,0.79084,0.77938,0.968,0.1351,0.0,0.0,5e-06,5.65e-20,3.1,3.1
1374.4,0.10788,0.10873,0.10862,0.14351,0.97237,0.97237,0.97237,0.63023,0.61968,0.62681,0.80067,0.82075,0.81057,0.77952,0.968,0.14351,0.0,0.0,5e-06,5.65e-20,3.1,3.1
1375.2,0.11455,0.11545,0.11516,0.15214,0.97236,0.97236,0.97236,0.65089,0.64596,0.6493,0.82393,0.83677,0.83031,0.77965,0.968,0.15214,0.0,0.0,5e-06,5.65e-20,3.1,3.1
1376.0,0.11738,0.11962,0.11847,0.15652,0.97236,0.97236,0.97236,0.67154,0.67224,0.67179,0.81907,0.83384,0.82637,0.77979,0.968,0.15652,0.0,0.0,5e-06,5.65e-20,3.1,3.1
1376.8,0.11691,0.12126,0.11881,0.15697,0.97235,0.97235,0.97235,0.68125,0.68967,0.68409,0.80484,0.8246,0.81455,0.77992,0.968,0.15697,0.0,0.0,5e-06,5.65e-20,3.1,3.1
1377.6,0.11332,0.12027,0.1162,0.15351,0.97235,0.97235,0.97235,0.67272,0.69233,0.6794,0.79061,0.81536,0.80272,0.78005,0.968,0.15351,0.0,0.0,5e-06,5.65e-20,3.1,3.1
1378.4,0.10977,0.11927,0.1136,0.15008,0.97234,0.97234,0.97234,0.66419,0.69498,0.67472,0.77637,0.80613,0.7909,0.78019,0.968,0.15008,0.0,0.0,5e-06,5.65e-20,3.1,3.1
1379.2,0.10629,0.11825,0.11103,0.14668,0.97232,0.97232,0.97232,0.65565,0.69764,0.67003,0.76214,0.79689,0.77907,0.78032,0.968,0.14668,0.0,0.0,5e-06,5.65e-20,3.1,3.1
1380.0,0.10288,0.11725,0.10851,0.14335,0.97231,0.97231,0.97231,0.64712,0.7003,0.66534,0.7479,0.78765,0.76725,0.78046,0.968,0.14335,0.0,0.0,5e-06,5.65e-20,3.1,3.1
1380.8,0.099516,0.11623,0.10601,0.14004,0.97229,0.97229,0.97229,0.63859,0.70296,0.66065,0.73367,0.77841,0.75542,0.78059,0.9680799999999999,0.14004,0.0,0.0,5e-06,5.65e-20,3.1,3.1
1381.6,0.093328,0.11187,0.1005,0.13276,0.97226,0.97226,0.97226,0.61024,0.68601,0.63658,0.72038,0.76811,0.74361,0.78073,0.9681599999999999,0.13276,0.0,0.0,5e-06,5.65e-20,3.1,3.1
1382.4,0.087321,0.1076,0.09513,0.12567,0.97223,0.97223,0.97223,0.58189,0.66905,0.61252,0.70709,0.75782,0.73181,0.78086,0.96824,0.12567,0.0,0.0,5e-06,5.65e-20,3.1,3.1
1383.2,0.081489,0.10343,0.089899,0.11876,0.9722,0.9722,0.9722,0.55354,0.6521,0.58845,0.69381,0.74752,0.72,0.781,0.96832,0.11876,0.0,0.0,5e-06,5.65e-20,3.1,3.1
1384.0,0.075825,0.099341,0.084797,0.11202,0.97217,0.97217,0.97217,0.52519,0.63515,0.56438,0.68052,0.73722,0.7082,0.78113,0.9683999999999999,0.11202,0.0,0.0,5e-06,5.65e-20,3.1,3.1
1384.8,0.070334,0.095344,0.079832,0.10546,0.97214,0.97214,0.97214,0.49684,0.6182,0.54032,0.66723,0.72693,0.69639,0.78126,0.96848,0.10546,0.0,0.0,5e-06,5.65e-20,3.1,3.1
1385.6,0.064093,0.0894,0.073706,0.097364,0.97211,0.97211,0.97211,0.46184,0.58785,0.50734,0.65394,0.71663,0.68459,0.7814,0.96856,0.097364,0.0,0.0,5e-06,5.65e-20,3.1,3.1
1386.4,0.057511,0.082393,0.066988,0.088488,0.97209,0.97209,0.97209,0.42285,0.54946,0.46901,0.64065,0.70633,0.67278,0.78153,0.96864,0.088488,0.0,0.0,5e-06,5.65e-20,3.1,3.1
1387.2,0.053462,0.077783,0.062707,0.082832,0.97207,0.97207,0.97207,0.38386,0.51108,0.43069,0.65575,0.71658,0.68552,0.78167,0.96872,0.082832,0.0,0.0,5e-06,5.65e-20,3.1,3.1
1388.0,0.049854,0.07369,0.058897,0.077799,0.97205,0.97205,0.97205,0.34487,0.47269,0.39236,0.68032,0.73366,0.70644,0.7818,0.9688,0.077799,0.0,0.0,5e-06,5.65e-20,3.1,3.1
1388.8,0.045841,0.069323,0.05475,0.07232,0.97204,0.97204,0.97204,0.30588,0.43431,0.35403,0.70488,0.75075,0.72737,0.78194,0.96888,0.07232,0.0,0.0,5e-06,5.65e-20,3.1,3.1
1389.6,0.089902,0.089058,0.090452,0.11948,0.97204,0.97204,0.97204,0.57924,0.54511,0.56811,0.72944,0.76784,0.74829,0.78207,0.9689599999999999,0.11948,0.0,0.0,5e-06,5.65e-20,3.1,3.1
1390.4,0.096261,0.095299,0.09663,0.12764,0.97205,0.97205,0.97205,0.59951,0.57014,0.58991,0.75401,0.78493,0.76921,0.78221,0.969,0.12764,0.0,0.0,5e-06,5.65e-20,3.1,3.1
1391.2,0.10284,0.10173,0.10302,0.13607,0.97206,0.97206,0.97206,0.61977,0.59516,0.61172,0.77857,0.80202,0.79014,0.78234,0.969,0.13607,0.0,0.0,5e-06,5.65e-20,3.1,3.1
1392.0,0.10966,0.10837,0.10961,0.14478,0.97208,0.97208,0.97208,0.64004,0.62019,0.63353,0.80314,0.8191,0.81106,0.78247,0.969,0.14478,0.0,0.0,5e-06,5.65e-20,3.1,3.1
1392.8,0.11533,0.1143,0.11528,0.15226,0.97211,0.97211,0.97211,0.6603,0.64521,0.65533,0.81807,0.82966,0.82385,0.78261,0.969,0.15226,0.0,0.0,5e-06,5.65e-20,3.1,3.1
1393.6,0.11696,0.11755,0.11755,0.15527,0.97214,0.97214,0.97214,0.68056,0.67023,0.67714,0.80412,0.82061,0.81227,0.78274,0.969,0.15527,0.0,0.0,5e-06,5.65e-20,3.1,3.1
1394.4,0.11485,0.11777,0.11633,0.15365,0.97216,0.97216,0.97216,0.67944,0.6784,0.67917,0.79016,0.81156,0.80068,0.78288,0.969,0.15365,0.0,0.0,5e-06,5.65e-20,3.1,3.1
1395.2,0.11154,0.117,0.11397,0.15053,0.97219,0.97219,0.97219,0.67119,0.68094,0.6746,0.77621,0.80251,0.7891,0.78301,0.969,0.15053,0.0,0.0,5e-06,5.65e-20,3.1,3.1
1396.0,0.10832,0.11624,0.11167,0.14749,0.97221,0.97221,0.97221,0.66294,0.68348,0.67004,0.76226,0.79346,0.77752,0.78315,0.969,0.14749,0.0,0.0,5e-06,5.65e-20,3.1,3.1
1396.8,0.10506,0.1154,0.10931,0.14437,0.97222,0.97222,0.97222,0.65469,0.68602,0.66547,0.7483,0.78441,0.76593,0.78328,0.969,0.14437,0.0,0.0,5e-06,5.65e-20,3.1,3.1
1397.6,0.10188,0.11457,0.10699,0.14131,0.97223,0.97223,0.97223,0.64644,0.68856,0.6609,0.73435,0.77536,0.75435,0.78342,0.969,0.14131,0.0,0.0,5e-06,5.65e-20,3.1,3.1
1398.4,0.098376,0.11334,0.10432,0.13778,0.97222,0.97222,0.97222,0.63577,0.68884,0.65402,0.72052,0.76618,0.74277,0.78355,0.969,0.13778,0.0,0.0,5e-06,5.65e-20,3.1,3.1
1399.2,0.092466,0.10938,0.099128,0.13092,0.97221,0.97221,0.97221,0.60819,0.67328,0.63092,0.70758,0.75607,0.73123,0.78369,0.969,0.13092,0.0,0.0,5e-06,5.65e-20,3.1,3.1
1400.0,0.086701,0.10548,0.094039,0.1242,0.97217,0.97217,0.97217,0.5806,0.65772,0.60781,0.69463,0.74597,0.71969,0.78382,0.969,0.1242,0.0,0.0,5e-06,5.65e-20,3.1,3.1
1400.8,0.081072,0.10162,0.089046,0.1176,0.97213,0.97213,0.97213,0.55302,0.64216,0.58471,0.68169,0.73586,0.70815,0.78395,0.969,0.1176,0.0,0.0,5e-06,5.65e-20,3.1,3.1
1401.6,0.075574,0.097809,0.084144,0.11113,0.97206,0.97206,0.97206,0.52543,0.6266,0.56161,0.66875,0.72576,0.69661,0.78409,0.969,0.11113,0.0,0.0,5e-06,5.65e-20,3.1,3.1
1402.4,0.070229,0.094063,0.079355,0.1048,0.97199,0.97199,0.97199,0.49784,0.61104,0.5385,0.6558,0.71565,0.68507,0.78422,0.969,0.1048,0.0,0.0,5e-06,5.65e-20,3.1,3.1
1403.2,0.064109,0.088389,0.0734,0.096934,0.9719,0.9719,0.9719,0.46356,0.58235,0.50657,0.64286,0.70554,0.67354,0.78436,0.969,0.096934,0.0,0.0,5e-06,5.65e-20,3.1,3.1
1404.0,0.05762,0.08164,0.066832,0.088259,0.97181,0.97181,0.97181,0.42526,0.54576,0.46934,0.62991,0.69544,0.662,0.78449,0.969,0.088259,0.0,0.0,5e-06,5.65e-20,3.1,3.1
1404.8,0.053316,0.076939,0.062358,0.082349,0.97171,0.97171,0.97171,0.38695,0.50918,0.43211,0.6407,0.70264,0.67104,0.78463,0.969,0.082349,0.0,0.0,5e-06,5.65e-20,3.1,3.1
1405.6,0.049919,0.073204,0.058807,0.077659,0.97161,0.97161,0.97161,0.34865,0.47259,0.39488,0.66572,0.72021,0.69243,0.78476,0.969,0.077659,0.0,0.0,5e-06,5.65e-20,3.1,3.1
1406.4,0.046093,0.069167,0.054893,0.072489,0.9715,0.9715,0.9715,0.31035,0.43601,0.35765,0.69074,0.73779,0.71383,0.7849,0.969,0.072489,0.0,0.0,5e-06,5.65e-20,3.1,3.1
1407.2,0.08873,0.087362,0.089141,0.11771,0.9714,0.9714,0.9714,0.57685,0.53818,0.56418,0.71577,0.75537,0.73522,0.78503,0.969,0.11771,0.0,0.0,5e-06,5.65e-20,3.1,3.1
1408.0,0.094928,0.093139,0.095058,0.12553,0.9713,0.9713,0.9713,0.59625,0.56068,0.58458,0.74079,0.77295,0.75661,0.78516,0.969,0.12553,0.0,0.0,5e-06,5.65e-20,3.1,3.1
1408.8,0.10131,0.09906,0.10114,0.13355,0.97121,0.97121,0.97121,0.61566,0.58318,0.60498,0.76581,0.79052,0.77801,0.7853,0.969,0.13355,0.0,0.0,5e-06,5.65e-20,3.1,3.1
1409.6,0.1079,0.10515,0.1074,0.14183,0.97112,0.97112,0.97112,0.63506,0.60568,0.62538,0.79084,0.8081,0.7994,0.78543,0.969,0.14183,0.0,0.0,5e-06,5.65e-20,3.1,3.1
1410.4,0.11402,0.11097,0.1133,0.14961,0.97105,0.97105,0.97105,0.65446,0.62818,0.64578,0.81099,0.82236,0.81668,0.78557,0.9699599999999999,0.14961,0.0,0.0,5e-06,5.65e-20,3.1,3.1
1411.2,0.11539,0.1137,0.11523,0.15216,0.97098,0.97098,0.97098,0.67386,0.65068,0.66618,0.7971,0.8134,0.80518,0.7857,0.96988,0.15216,0.0,0.0,5e-06,5.65e-20,3.1,3.1
1412.0,0.11491,0.11498,0.11545,0.15244,0.97092,0.97092,0.97092,0.68287,0.66531,0.67706,0.78321,0.80444,0.79367,0.78584,0.9698,0.15244,0.0,0.0,5e-06,5.65e-20,3.1,3.1
1412.8,0.1115,0.11397,0.11294,0.14914,0.97088,0.97088,0.97088,0.67455,0.66681,0.67206,0.76932,0.79548,0.78216,0.78597,0.96972,0.14914,0.0,0.0,5e-06,5.65e-20,3.1,3.1
1413.6,0.10813,0.11293,0.11045,0.14584,0.97084,0.97084,0.97084,0.66624,0.66832,0.66707,0.75543,0.78651,0.77066,0.78611,0.96964,0.14584,0.0,0.0,5e-06,5.65e-20,3.1,3.1
1414.4,0.10482,0.1119,0.10799,0.14259,0.97081,0.97081,0.97081,0.65792,0.66983,0.66208,0.74154,0.77755,0.75915,0.78624,0.96956,0.14259,0.0,0.0,5e-06,5.65e-20,3.1,3.1
1415.2,0.10158,0.11088,0.10557,0.13939,0.97079,0.97079,0.97079,0.64961,0.67134,0.65708,0.72764,0.76859,0.74764,0.78637,0.96948,0.13939,0.0,0.0,5e-06,5.65e-20,3.1,3.1
1416.0,0.098385,0.10986,0.10318,0.13624,0.97078,0.97078,0.97078,0.64129,0.67284,0.65209,0.71375,0.75963,0.73614,0.78651,0.9693999999999999,0.13624,0.0,0.0,5e-06,5.65e-20,3.1,3.1
1416.8,0.093345,0.10682,0.098861,0.13053,0.97078,0.97078,0.97078,0.61913,0.66218,0.63407,0.70111,0.75014,0.72504,0.78664,0.96932,0.13053,0.0,0.0,5e-06,5.65e-20,3.1,3.1
1417.6,0.087782,0.10313,0.093968,0.12407,0.97078,0.97078,0.97078,0.59235,0.64746,0.61171,0.68889,0.74047,0.71408,0.78678,0.96924,0.12407,0.0,0.0,5e-06,5.65e-20,3.1,3.1
1418.4,0.082344,0.099494,0.089163,0.11772,0.97079,0.97079,0.97079,0.56557,0.63274,0.58936,0.67666,0.7308,0.70312,0.78691,0.9691599999999999,0.11772,0.0,0.0,5e-06,5.65e-20,3.1,3.1
1419.2,0.077052,0.095923,0.084469,0.11152,0.9708,0.9708,0.9708,0.53879,0.61803,0.567,0.66444,0.72113,0.69216,0.78705,0.9690799999999999,0.11152,0.0,0.0,5e-06,5.65e-20,3.1,3.1
1420.0,0.071946,0.092475,0.079933,0.10553,0.97082,0.97082,0.97082,0.51201,0.60331,0.54464,0.65222,0.71146,0.68121,0.78718,0.97,0.10553,0.0,0.0,5e-06,5.65e-20,3.1,3.1
1420.8,0.066755,0.088653,0.075207,0.099293,0.97084,0.97084,0.97084,0.48398,0.58615,0.52065,0.63999,0.70179,0.67025,0.78732,0.96992,0.099293,0.0,0.0,5e-06,5.65e-20,3.1,3.1
1421.6,0.060526,0.082348,0.06896,0.091044,0.97087,0.97087,0.97087,0.44722,0.55189,0.48518,0.62777,0.69212,0.65929,0.78745,0.96984,0.091044,0.0,0.0,5e-06,5.65e-20,3.1,3.1
1422.4,0.054479,0.076172,0.062867,0.083,0.9709,0.9709,0.9709,0.41046,0.51764,0.44971,0.61555,0.68245,0.64833,0.78759,0.96976,0.083,0.0,0.0,5e-06,5.65e-20,3.1,3.1
1423.2,0.050985,0.072386,0.05922,0.078184,0.97093,0.97093,0.97093,0.3737,0.48338,0.41424,0.63258,0.69432,0.66285,0.78772,0.96968,0.078184,0.0,0.0,5e-06,5.65e-20,3.1,3.1
1424.0,0.047958,0.069163,0.056079,0.074036,0.97096,0.97096,0.97096,0.33694,0.44913,0.37877,0.65937,0.71338,0.68587,0.78785,0.9696,0.074036,0.0,0.0,5e-06,5.65e-20,3.1,3.1
1424.8,0.044485,0.06563,0.052562,0.069391,0.97099,0.97099,0.97099,0.30018,0.41487,0.3433,0.68616,0.73244,0.70889,0.78799,0.9695199999999999,0.069391,0.0,0.0,5e-06,5.65e-20,3.1,3.1
1425.6,0.089535,0.088966,0.090176,0.11905,0.97102,0.97102,0.97102,0.58114,0.54781,0.57013,0.71294,0.7515,0.73191,0.78812,0.96944,0.11905,0.0,0.0,5e-06,5.65e-20,3.1,3.1
1426.4,0.096058,0.095155,0.096441,0.12732,0.97106,0.97106,0.97106,0.60062,0.57116,0.59087,0.73973,0.77056,0.75493,0.78826,0.96936,0.12732,0.0,0.0,5e-06,5.65e-20,3.1,3.1
1427.2,0.10281,0.10154,0.10291,0.13586,0.97109,0.97109,0.97109,0.62009,0.59451,0.61161,0.76652,0.78962,0.77795,0.78839,0.9692799999999999,0.13586,0.0,0.0,5e-06,5.65e-20,3.1,3.1
1428.0,0.10979,0.10812,0.10961,0.14469,0.97111,0.97111,0.97111,0.63957,0.61786,0.63236,0.7933,0.80868,0.80097,0.78853,0.9692,0.14469,0.0,0.0,5e-06,5.65e-20,3.1,3.1
1428.8,0.11341,0.11249,0.11348,0.1498,0.97114,0.97114,0.97114,0.65904,0.64121,0.6531,0.79499,0.81042,0.80267,0.78866,0.96912,0.1498,0.0,0.0,5e-06,5.65e-20,3.1,3.1
1429.6,0.11483,0.11537,0.1155,0.15247,0.97116,0.97116,0.97116,0.67852,0.66455,0.67384,0.78162,0.80177,0.79158,0.7888,0.96904,0.15247,0.0,0.0,5e-06,5.65e-20,3.1,3.1
1430.4,0.11333,0.11585,0.11477,0.1515,0.97117,0.97117,0.97117,0.68083,0.67417,0.67864,0.76824,0.79311,0.78049,0.78893,0.96904,0.1515,0.0,0.0,5e-06,5.65e-20,3.1,3.1
1431.2,0.11012,0.1149,0.11242,0.14839,0.97118,0.97118,0.97118,0.67286,0.67556,0.67388,0.75487,0.78445,0.76941,0.78906,0.96912,0.14839,0.0,0.0,5e-06,5.65e-20,3.1,3.1
1432.0,0.10684,0.11381,0.10996,0.14515,0.97118,0.97118,0.97118,0.66488,0.67694,0.66911,0.7415,0.7758,0.75832,0.7892,0.9692,0.14515,0.0,0.0,5e-06,5.65e-20,3.1,3.1
1432.8,0.10368,0.1128,0.10761,0.14204,0.97118,0.97118,0.97118,0.65691,0.67833,0.66435,0.72812,0.76714,0.74723,0.78933,0.9692799999999999,0.14204,0.0,0.0,5e-06,5.65e-20,3.1,3.1
1433.6,0.10055,0.11176,0.10526,0.13894,0.97118,0.97118,0.97118,0.64893,0.67971,0.65959,0.71475,0.75849,0.73614,0.78947,0.96936,0.13894,0.0,0.0,5e-06,5.65e-20,3.1,3.1
1434.4,0.097463,0.11072,0.10293,0.13587,0.97117,0.97117,0.97117,0.64095,0.68109,0.65482,0.70137,0.74983,0.72505,0.7896,0.96944,0.13587,0.0,0.0,5e-06,5.65e-20,3.1,3.1
1435.2,0.09257,0.10758,0.098674,0.13025,0.97116,0.97116,0.97116,0.61944,0.66997,0.6371,0.68923,0.74055,0.71431,0.78974,0.9695199999999999,0.13025,0.0,0.0,5e-06,5.65e-20,3.1,3.1
1436.0,0.087181,0.10379,0.093854,0.12388,0.97114,0.97114,0.97114,0.59342,0.65468,0.61506,0.67749,0.73106,0.70369,0.78987,0.9696,0.12388,0.0,0.0,5e-06,5.65e-20,3.1,3.1
1436.8,0.081921,0.10005,0.089132,0.11765,0.97112,0.97112,0.97112,0.5674,0.63939,0.59302,0.66576,0.72158,0.69307,0.79001,0.96968,0.11765,0.0,0.0,5e-06,5.65e-20,3.1,3.1
1437.6,0.076783,0.096373,0.084501,0.11153,0.9711,0.9711,0.9711,0.54138,0.6241,0.57099,0.65402,0.71209,0.68244,0.79014,0.96976,0.11153,0.0,0.0,5e-06,5.65e-20,3.1,3.1
1438.4,0.07178,0.092757,0.079973,0.10556,0.97107,0.97107,0.97107,0.51536,0.60881,0.54895,0.64229,0.7026,0.67182,0.79027,0.96984,0.10556,0.0,0.0,5e-06,5.65e-20,3.1,3.1
1439.2,0.06691,0.089206,0.075548,0.099715,0.97105,0.97105,0.97105,0.48934,0.59352,0.52691,0.63055,0.69311,0.6612,0.79041,0.96992,0.099715,0.0,0.0,5e-06,5.65e-20,3.1,3.1
1440.0,0.060815,0.082878,0.069372,0.091562,0.97101,0.97101,0.97101,0.45323,0.55911,0.49177,0.61882,0.68362,0.65057,0.79054,0.969,0.091562,0.0,0.0,5e-06,5.65e-20,3.1,3.1
1440.8,0.054909,0.0767,0.063365,0.083632,0.97098,0.97098,0.97098,0.41712,0.52471,0.45663,0.60708,0.67413,0.63995,0.79068,0.969,0.083632,0.0,0.0,5e-06,5.65e-20,3.1,3.1
1441.6,0.050403,0.071837,0.058699,0.077473,0.97095,0.97095,0.97095,0.38101,0.4903,0.42149,0.61012,0.67574,0.6423,0.79081,0.969,0.077473,0.0,0.0,5e-06,5.65e-20,3.1,3.1
1442.4,0.047688,0.068776,0.055808,0.073656,0.97091,0.97091,0.97091,0.3449,0.4559,0.38636,0.63777,0.69584,0.66627,0.79095,0.969,0.073656,0.0,0.0,5e-06,5.65e-20,3.1,3.1
1443.2,0.044541,0.065415,0.052551,0.069356,0.97087,0.97087,0.97087,0.30879,0.42149,0.35122,0.66542,0.71595,0.69024,0.79108,0.969,0.069356,0.0,0.0,5e-06,5.65e-20,3.1,3.1
1444.0,0.086519,0.083394,0.086453,0.1141,0.97083,0.97083,0.97083,0.57596,0.52274,0.5585,0.69307,0.73605,0.7142,0.79122,0.969,0.1141,0.0,0.0,5e-06,5.65e-20,3.1,3.1
1444.8,0.092899,0.089527,0.092599,0.12221,0.97079,0.97079,0.97079,0.59465,0.54621,0.57873,0.72072,0.75616,0.73817,0.79135,0.969,0.12221,0.0,0.0,5e-06,5.65e-20,3.1,3.1
1445.6,0.099479,0.095841,0.098932,0.13057,0.97074,0.97074,0.97074,0.61334,0.56969,0.59896,0.74838,0.77626,0.76214,0.79149,0.969,0.13057,0.0,0.0,5e-06,5.65e-20,3.1,3.1
1446.4,0.10627,0.10235,0.10547,0.13919,0.97069,0.97069,0.97069,0.63203,0.59316,0.61919,0.77603,0.79636,0.78611,0.79162,0.969,0.13919,0.0,0.0,5e-06,5.65e-20,3.1,3.1
1447.2,0.11114,0.10763,0.1104,0.1457,0.97064,0.97064,0.97064,0.65073,0.61664,0.63942,0.78841,0.80571,0.797,0.79175,0.969,0.1457,0.0,0.0,5e-06,5.65e-20,3.1,3.1
1448.0,0.11243,0.11053,0.11233,0.14824,0.97059,0.97059,0.97059,0.66942,0.64011,0.65965,0.77533,0.79712,0.7861,0.79189,0.969,0.14824,0.0,0.0,5e-06,5.65e-20,3.1,3.1
1448.8,0.11305,0.11288,0.11363,0.14996,0.97054,0.97054,0.97054,0.68479,0.66094,0.6768,0.76225,0.78853,0.7752,0.79202,0.969,0.14996,0.0,0.0,5e-06,5.65e-20,3.1,3.1
1449.6,0.10982,0.11203,0.11129,0.14687,0.97048,0.97048,0.97048,0.67693,0.66328,0.67243,0.74917,0.77994,0.76429,0.79219,0.969,0.14687,0.0,0.0,5e-06,5.65e-20,3.1,3.1
1450.4,0.10664,0.11117,0.10898,0.14382,0.97042,0.97042,0.97042,0.66906,0.66563,0.66805,0.73609,0.77135,0.75339,0.79239,0.96904,0.14382,0.0,0.0,5e-06,5.65e-20,3.1,3.1
1451.2,0.10351,0.11031,0.10669,0.14079,0.97036,0.97036,0.97036,0.6612,0.66797,0.66367,0.72301,0.76276,0.74249,0.79259,0.96912,0.14079,0.0,0.0,5e-06,5.65e-20,3.1,3.1
1452.0,0.10041,0.10944,0.10442,0.13779,0.9703,0.9703,0.9703,0.65334,0.67031,0.6593,0.70993,0.75417,0.73158,0.7928,0.9692,0.13779,0.0,0.0,5e-06,5.65e-20,3.1,3.1
1452.8,0.097364,0.10856,0.10217,0.13482,0.97024,0.97024,0.97024,0.64548,0.67265,0.65492,0.69685,0.74558,0.72068,0.793,0.9692799999999999,0.13482,0.0,0.0,5e-06,5.65e-20,3.1,3.1
1453.6,0.094073,0.10731,0.09962,0.13146,0.97018,0.97018,0.97018,0.63543,0.67283,0.6484,0.684,0.73688,0.70984,0.7932,0.96936,0.13146,0.0,0.0,5e-06,5.65e-20,3.1,3.1
1454.4,0.088828,0.10358,0.094906,0.12523,0.97012,0.97012,0.97012,0.61008,0.6579,0.62691,0.67273,0.72741,0.69946,0.7934,0.96944,0.12523,0.0,0.0,5e-06,5.65e-20,3.1,3.1
1455.2,0.083706,0.099905,0.090288,0.11914,0.97006,0.97006,0.97006,0.58474,0.64298,0.60542,0.66145,0.71795,0.68909,0.7936,0.9695199999999999,0.11914,0.0,0.0,5e-06,5.65e-20,3.1,3.1
1456.0,0.078698,0.096281,0.085755,0.11316,0.97001,0.97001,0.97001,0.55939,0.62805,0.58393,0.65017,0.70848,0.67871,0.7938,0.9696,0.11316,0.0,0.0,5e-06,5.65e-20,3.1,3.1
1456.8,0.073788,0.092685,0.081291,0.10726,0.96996,0.96996,0.96996,0.53404,0.61312,0.56243,0.6389,0.69902,0.66833,0.794,0.96968,0.10726,0.0,0.0,5e-06,5.65e-20,3.1,3.1
1457.6,0.06907,0.089236,0.076998,0.1016,0.96992,0.96992,0.96992,0.50869,0.59819,0.54094,0.62762,0.68955,0.65795,0.7942,0.96976,0.1016,0.0,0.0,5e-06,5.65e-20,3.1,3.1
1458.4,0.064139,0.085148,0.072342,0.095454,0.96988,0.96988,0.96988,0.48081,0.57848,0.51616,0.61635,0.68009,0.64757,0.7944,0.96984,0.095454,0.0,0.0,5e-06,5.65e-20,3.1,3.1
1459.2,0.058333,0.079036,0.066417,0.087635,0.96984,0.96984,0.96984,0.44535,0.54443,0.48151,0.60507,0.67062,0.63719,0.7946,0.96992,0.087635,0.0,0.0,5e-06,5.65e-20,3.1,3.1
1460.0,0.052701,0.073067,0.06065,0.080024,0.96982,0.96982,0.96982,0.40988,0.51038,0.44685,0.5938,0.66116,0.62682,0.7948,0.969,0.080024,0.0,0.0,5e-06,5.65e-20,3.1,3.1
1460.8,0.04846,0.068439,0.056232,0.074193,0.9698,0.9698,0.9698,0.37441,0.47633,0.4122,0.59764,0.66344,0.6299,0.79501,0.969,0.074193,0.0,0.0,5e-06,5.65e-20,3.1,3.1
1461.6,0.046015,0.065661,0.053608,0.070731,0.96978,0.96978,0.96978,0.33895,0.44228,0.37755,0.62667,0.68531,0.65544,0.79521,0.969,0.070731,0.0,0.0,5e-06,5.65e-20,3.1,3.1
1462.4,0.043123,0.06256,0.050601,0.066763,0.96977,0.96977,0.96977,0.30348,0.40823,0.3429,0.6557,0.70717,0.68097,0.79541,0.969,0.066763,0.0,0.0,5e-06,5.65e-20,3.1,3.1
1463.2,0.085818,0.082577,0.085739,0.11312,0.96977,0.96977,0.96977,0.57817,0.52253,0.55984,0.68473,0.72904,0.7065,0.79561,0.969,0.11312,0.0,0.0,5e-06,5.65e-20,3.1,3.1
1464.0,0.092308,0.088894,0.092027,0.12142,0.96977,0.96977,0.96977,0.59643,0.54596,0.57978,0.71377,0.75091,0.73203,0.79581,0.969,0.12142,0.0,0.0,5e-06,5.65e-20,3.1,3.1
1464.8,0.099022,0.095426,0.098529,0.12999,0.96976,0.96976,0.96976,0.6147,0.5694,0.59972,0.7428,0.77277,0.75756,0.79601,0.969,0.12999,0.0,0.0,5e-06,5.65e-20,3.1,3.1
1465.6,0.10599,0.10221,0.10528,0.1389,0.96976,0.96976,0.96976,0.63297,0.59284,0.61965,0.77183,0.79464,0.7831,0.79621,0.969,0.1389,0.0,0.0,5e-06,5.65e-20,3.1,3.1
1466.4,0.10952,0.10667,0.10912,0.14396,0.96976,0.96976,0.96976,0.65123,0.61628,0.63959,0.77484,0.79749,0.78602,0.79641,0.969,0.14396,0.0,0.0,5e-06,5.65e-20,3.1,3.1
1467.2,0.1108,0.10957,0.11103,0.14648,0.96975,0.96975,0.96975,0.6695,0.63971,0.65953,0.76223,0.78893,0.77538,0.79661,0.969,0.14648,0.0,0.0,5e-06,5.65e-20,3.1,3.1
1468.0,0.11145,0.11197,0.11236,0.14823,0.96973,0.96973,0.96973,0.68451,0.66062,0.67647,0.74963,0.78037,0.76473,0.79681,0.969,0.14823,0.0,0.0,5e-06,5.65e-20,3.1,3.1
1468.8,0.10836,0.11131,0.11017,0.14534,0.96971,0.96971,0.96971,0.67676,0.66385,0.67251,0.73702,0.77181,0.75409,0.79702,0.969,0.14534,0.0,0.0,5e-06,5.65e-20,3.1,3.1
1469.6,0.1053,0.11063,0.10799,0.14247,0.96968,0.96968,0.96968,0.66902,0.66709,0.66854,0.72441,0.76324,0.74345,0.79722,0.969,0.14247,0.0,0.0,5e-06,5.65e-20,3.1,3.1
1470.4,0.10229,0.10993,0.10583,0.13961,0.96965,0.96965,0.96965,0.66127,0.67032,0.66457,0.71181,0.75468,0.73281,0.79742,0.9699599999999999,0.13961,0.0,0.0,5e-06,5.65e-20,3.1,3.1
1471.2,0.099304,0.10921,0.10368,0.13677,0.9696,0.9696,0.9696,0.65352,0.67355,0.6606,0.6992,0.74612,0.72216,0.79762,0.96988,0.13677,0.0,0.0,5e-06,5.65e-20,3.1,3.1
1472.0,0.096355,0.10848,0.10153,0.13394,0.96954,0.96954,0.96954,0.64578,0.67678,0.65664,0.68659,0.73756,0.71152,0.79782,0.9698,0.13394,0.0,0.0,5e-06,5.65e-20,3.1,3.1
1472.8,0.093443,0.10772,0.099401,0.13113,0.96948,0.96948,0.96948,0.63803,0.68001,0.65267,0.67399,0.729,0.70088,0.79802,0.96972,0.13113,0.0,0.0,5e-06,5.65e-20,3.1,3.1
1473.6,0.088483,0.10408,0.094897,0.12518,0.96942,0.96942,0.96942,0.61434,0.66619,0.63268,0.66292,0.71908,0.69037,0.79822,0.96964,0.12518,0.0,0.0,5e-06,5.65e-20,3.1,3.1
1474.4,0.083674,0.10048,0.090496,0.11938,0.96935,0.96935,0.96935,0.59066,0.65237,0.61269,0.65208,0.70896,0.67989,0.79842,0.96956,0.11938,0.0,0.0,5e-06,5.65e-20,3.1,3.1
1475.2,0.079006,0.096973,0.086217,0.11373,0.96928,0.96928,0.96928,0.56697,0.63854,0.59269,0.64124,0.69885,0.6694,0.79862,0.96948,0.11373,0.0,0.0,5e-06,5.65e-20,3.1,3.1
1476.0,0.074497,0.093591,0.082083,0.10828,0.96921,0.96921,0.96921,0.54328,0.62472,0.5727,0.63039,0.68873,0.65891,0.79882,0.9693999999999999,0.10828,0.0,0.0,5e-06,5.65e-20,3.1,3.1
1476.8,0.069892,0.090006,0.07781,0.10264,0.96914,0.96914,0.96914,0.5196,0.6109,0.55271,0.61955,0.67861,0.64842,0.79903,0.96932,0.10264,0.0,0.0,5e-06,5.65e-20,3.1,3.1
1477.6,0.065535,0.086654,0.073779,0.097319,0.96908,0.96908,0.96908,0.49591,0.59708,0.53272,0.60871,0.6685,0.63793,0.79923,0.96924,0.097319,0.0,0.0,5e-06,5.65e-20,3.1,3.1
1478.4,0.060225,0.081303,0.068438,0.090272,0.96902,0.96902,0.96902,0.46389,0.56868,0.50229,0.59787,0.65838,0.62745,0.79943,0.9691599999999999,0.090272,0.0,0.0,5e-06,5.65e-20,3.1,3.1
1479.2,0.054693,0.075368,0.062749,0.082766,0.96897,0.96897,0.96897,0.42908,0.53543,0.46839,0.58702,0.64827,0.61696,0.79963,0.9690799999999999,0.082766,0.0,0.0,5e-06,5.65e-20,3.1,3.1
1480.0,0.049331,0.069588,0.05722,0.075474,0.96892,0.96892,0.96892,0.39428,0.50218,0.43449,0.57618,0.63815,0.60647,0.79983,0.97,0.075474,0.0,0.0,5e-06,5.65e-20,3.1,3.1
1480.8,0.046513,0.066581,0.054301,0.071622,0.96889,0.96889,0.96889,0.35947,0.46892,0.40059,0.59589,0.65388,0.62424,0.80003,0.97,0.071622,0.0,0.0,5e-06,5.65e-20,3.1,3.1
1481.6,0.04412,0.064168,0.051875,0.068421,0.96886,0.96886,0.96886,0.32467,0.43567,0.36669,0.62577,0.67823,0.65143,0.80023,0.97,0.068421,0.0,0.0,5e-06,5.65e-20,3.1,3.1
1482.4,0.04128,0.061409,0.049053,0.064699,0.96884,0.96884,0.96884,0.28986,0.40242,0.33279,0.65566,0.70257,0.67863,0.80043,0.97,0.064699,0.0,0.0,5e-06,5.65e-20,3.1,3.1
1483.2,0.086991,0.083114,0.086636,0.11427,0.96883,0.96883,0.96883,0.58407,0.52627,0.56498,0.68555,0.72692,0.70582,0.80063,0.97,0.11427,0.0,0.0,5e-06,5.65e-20,3.1,3.1
1484.0,0.093584,0.08985,0.093163,0.12287,0.96883,0.96883,0.96883,0.60194,0.55036,0.58487,0.71544,0.75127,0.73301,0.80083,0.97,0.12287,0.0,0.0,5e-06,5.65e-20,3.1,3.1
1484.8,0.10037,0.096808,0.09989,0.13174,0.96883,0.96883,0.96883,0.61982,0.57445,0.60477,0.74533,0.77562,0.7602,0.80103,0.97,0.13174,0.0,0.0,5e-06,5.65e-20,3.1,3.1
1485.6,0.1067,0.10351,0.10625,0.14012,0.96883,0.96883,0.96883,0.63769,0.59854,0.62466,0.76994,0.79577,0.78264,0.80124,0.97,0.14012,0.0,0.0,5e-06,5.65e-20,3.1,3.1
1486.4,0.10797,0.10646,0.10815,0.14263,0.96884,0.96884,0.96884,0.65556,0.62263,0.64455,0.75762,0.78654,0.77181,0.80144,0.97,0.14263,0.0,0.0,5e-06,5.65e-20,3.1,3.1
1487.2,0.10915,0.10932,0.10996,0.14501,0.96885,0.96885,0.96885,0.67344,0.64672,0.66444,0.7453,0.77731,0.76099,0.80164,0.97,0.14501,0.0,0.0,5e-06,5.65e-20,3.1,3.1
1488.0,0.10872,0.11086,0.11026,0.14542,0.96886,0.96886,0.96886,0.68184,0.6635,0.67566,0.73298,0.76808,0.75016,0.80184,0.97,0.14542,0.0,0.0,5e-06,5.65e-20,3.1,3.1
1488.8,0.10578,0.11034,0.1082,0.1427,0.96887,0.96887,0.96887,0.67444,0.66808,0.67244,0.72066,0.75885,0.73934,0.80204,0.97,0.1427,0.0,0.0,5e-06,5.65e-20,3.1,3.1
1489.6,0.10286,0.10977,0.10613,0.13997,0.96888,0.96888,0.96888,0.66704,0.67266,0.66921,0.70835,0.74962,0.72852,0.80224,0.97,0.13997,0.0,0.0,5e-06,5.65e-20,3.1,3.1
1490.4,0.099971,0.10918,0.10407,0.13725,0.96889,0.96889,0.96889,0.65964,0.67724,0.66599,0.69603,0.74039,0.71769,0.80244,0.9699599999999999,0.13725,0.0,0.0,5e-06,5.65e-20,3.1,3.1
1491.2,0.097121,0.10857,0.10203,0.13455,0.9689,0.9689,0.9689,0.65225,0.68182,0.66277,0.68371,0.73116,0.70687,0.80264,0.96988,0.13455,0.0,0.0,5e-06,5.65e-20,3.1,3.1
1492.0,0.0943,0.10793,0.099991,0.13186,0.9689,0.9689,0.9689,0.64485,0.6864,0.65954,0.67139,0.72193,0.69604,0.80284,0.9698,0.13186,0.0,0.0,5e-06,5.65e-20,3.1,3.1
1492.8,0.091509,0.10726,0.097956,0.12918,0.96891,0.96891,0.96891,0.63745,0.69098,0.65632,0.65907,0.7127,0.68522,0.80304,0.96972,0.12918,0.0,0.0,5e-06,5.65e-20,3.1,3.1
1493.6,0.086775,0.10385,0.093711,0.12358,0.96891,0.96891,0.96891,0.6139,0.67632,0.63616,0.64884,0.70482,0.67619,0.80325,0.96964,0.12358,0.0,0.0,5e-06,5.65e-20,3.1,3.1
1494.4,0.082154,0.10049,0.089554,0.11809,0.96891,0.96891,0.96891,0.59035,0.66166,0.616,0.63861,0.69695,0.66715,0.80345,0.96956,0.11809,0.0,0.0,5e-06,5.65e-20,3.1,3.1
1495.2,0.077639,0.097185,0.085478,0.11272,0.96891,0.96891,0.96891,0.5668,0.647,0.59584,0.62838,0.68907,0.65812,0.80365,0.96948,0.11272,0.0,0.0,5e-06,5.65e-20,3.1,3.1
1496.0,0.073225,0.093927,0.081478,0.10744,0.96891,0.96891,0.96891,0.54325,0.63234,0.57567,0.61815,0.6812,0.64908,0.80385,0.9693999999999999,0.10744,0.0,0.0,5e-06,5.65e-20,3.1,3.1
1496.8,0.068921,0.090728,0.077564,0.10228,0.9689,0.9689,0.9689,0.51971,0.61768,0.55551,0.60792,0.67332,0.64005,0.80405,0.96932,0.10228,0.0,0.0,5e-06,5.65e-20,3.1,3.1
1497.6,0.064709,0.087563,0.073714,0.097199,0.9689,0.9689,0.9689,0.49616,0.60302,0.53535,0.59769,0.66545,0.63102,0.80425,0.96924,0.097199,0.0,0.0,5e-06,5.65e-20,3.1,3.1
1498.4,0.059562,0.082485,0.068589,0.090441,0.96889,0.96889,0.96889,0.46465,0.57485,0.50536,0.58746,0.65757,0.62198,0.80445,0.9691599999999999,0.090441,0.0,0.0,5e-06,5.65e-20,3.1,3.1
1499.2,0.05421,0.076848,0.063131,0.083242,0.96888,0.96888,0.96888,0.43048,0.54218,0.4721,0.57722,0.6497,0.61295,0.80465,0.9690799999999999,0.083242,0.0,0.0,5e-06,5.65e-20,3.1,3.1
1500.0,0.049012,0.071326,0.057806,0.07622,0.96887,0.96887,0.96887,0.39632,0.5095,0.43884,0.56699,0.64182,0.60392,0.80485,0.97,0.07622,0.0,0.0,5e-06,5.65e-20,3.1,3.1
1500.8,0.045248,0.067222,0.053885,0.071048,0.96886,0.96886,0.96886,0.36215,0.47683,0.40558,0.57257,0.64606,0.60885,0.80505,0.97,0.071048,0.0,0.0,5e-06,5.65e-20,3.1,3.1
1501.6,0.043276,0.065003,0.051772,0.068262,0.96884,0.96884,0.96884,0.32799,0.44415,0.37232,0.60449,0.6705,0.63705,0.80526,0.97,0.068262,0.0,0.0,5e-06,5.65e-20,3.1,3.1
1502.4,0.040824,0.062429,0.049245,0.064929,0.96883,0.96883,0.96883,0.29382,0.41148,0.33906,0.63641,0.69494,0.66526,0.80546,0.97,0.064929,0.0,0.0,5e-06,5.65e-20,3.1,3.1
1503.2,0.084757,0.079364,0.084188,0.111,0.96881,0.96881,0.96881,0.5807,0.50516,0.55589,0.66832,0.71937,0.69346,0.80566,0.97,0.111,0.0,0.0,5e-06,5.65e-20,3.1,3.1
1504.0,0.091492,0.085857,0.090672,0.11955,0.96879,0.96879,0.96879,0.59786,0.52818,0.57492,0.70024,0.74381,0.72167,0.80586,0.97,0.11955,0.0,0.0,5e-06,5.65e-20,3.1,3.1
1504.8,0.098348,0.092485,0.097274,0.12825,0.96877,0.96877,0.96877,0.61502,0.55119,0.59394,0.73216,0.76825,0.74987,0.80606,0.97,0.12825,0.0,0.0,5e-06,5.65e-20,3.1,3.1
1505.6,0.10473,0.098884,0.10351,0.13647,0.96875,0.96875,0.96875,0.63219,0.57421,0.61297,0.75861,0.78859,0.77328,0.80626,0.97,0.13647,0.0,0.0,5e-06,5.65e-20,3.1,3.1
1506.4,0.10591,0.10178,0.10534,0.13889,0.96874,0.96874,0.96874,0.64935,0.59723,0.63199,0.74675,0.78026,0.76316,0.80646,0.97,0.13889,0.0,0.0,5e-06,5.65e-20,3.1,3.1
1507.2,0.10702,0.10461,0.10711,0.14121,0.96872,0.96872,0.96872,0.66652,0.62024,0.65102,0.7349,0.77194,0.75304,0.80666,0.97,0.14121,0.0,0.0,5e-06,5.65e-20,3.1,3.1
1508.0,0.10803,0.10734,0.10878,0.14341,0.9687,0.9687,0.9687,0.68368,0.64326,0.67004,0.72305,0.76361,0.74292,0.80686,0.97,0.14341,0.0,0.0,5e-06,5.65e-20,3.1,3.1
1508.8,0.10518,0.10724,0.10693,0.14097,0.96868,0.96868,0.96868,0.6765,0.64945,0.66748,0.71119,0.75529,0.7328,0.80706,0.97,0.14097,0.0,0.0,5e-06,5.65e-20,3.1,3.1
1509.6,0.10234,0.10707,0.10506,0.1385,0.96866,0.96866,0.96866,0.66932,0.65564,0.66493,0.69934,0.74696,0.72268,0.80726,0.97,0.1385,0.0,0.0,5e-06,5.65e-20,3.1,3.1
1510.4,0.099547,0.1069,0.10321,0.13607,0.96864,0.96864,0.96864,0.66214,0.66182,0.66237,0.68749,0.73864,0.71256,0.80747,0.96904,0.13607,0.0,0.0,5e-06,5.65e-20,3.1,3.1
1511.2,0.096795,0.10671,0.10138,0.13365,0.96862,0.96862,0.96862,0.65497,0.66801,0.65981,0.67563,0.73031,0.70243,0.80767,0.96912,0.13365,0.0,0.0,5e-06,5.65e-20,3.1,3.1
1512.0,0.094014,0.10643,0.099488,0.13115,0.96861,0.96861,0.96861,0.64779,0.6742,0.65726,0.66378,0.72199,0.69231,0.80787,0.9692,0.13115,0.0,0.0,5e-06,5.65e-20,3.1,3.1
1512.8,0.091354,0.10621,0.097697,0.12879,0.96859,0.96859,0.96859,0.64061,0.68039,0.6547,0.65193,0.71366,0.68219,0.80807,0.9692799999999999,0.12879,0.0,0.0,5e-06,5.65e-20,3.1,3.1
1513.6,0.087741,0.10435,0.094708,0.12485,0.96857,0.96857,0.96857,0.62571,0.67608,0.64359,0.6412,0.70579,0.67289,0.80827,0.96936,0.12485,0.0,0.0,5e-06,5.65e-20,3.1,3.1
1514.4,0.083328,0.10103,0.090685,0.11954,0.96855,0.96855,0.96855,0.6031,0.66127,0.62393,0.63159,0.69838,0.66441,0.80847,0.96944,0.11954,0.0,0.0,5e-06,5.65e-20,3.1,3.1
1515.2,0.079049,0.097797,0.086778,0.11439,0.96853,0.96853,0.96853,0.58049,0.64646,0.60427,0.62198,0.69097,0.65593,0.80867,0.9695199999999999,0.11439,0.0,0.0,5e-06,5.65e-20,3.1,3.1
1516.0,0.074806,0.094543,0.082879,0.10925,0.96851,0.96851,0.96851,0.55788,0.63166,0.5846,0.61238,0.68355,0.64745,0.80887,0.9696,0.10925,0.0,0.0,5e-06,5.65e-20,3.1,3.1
1516.8,0.070644,0.091321,0.079038,0.10418,0.96849,0.96849,0.96849,0.53526,0.61685,0.56494,0.60277,0.67614,0.63897,0.80907,0.96968,0.10418,0.0,0.0,5e-06,5.65e-20,3.1,3.1
1517.6,0.066581,0.088152,0.075275,0.099223,0.96847,0.96847,0.96847,0.51265,0.60205,0.54528,0.59316,0.66872,0.63048,0.80927,0.96976,0.099223,0.0,0.0,5e-06,5.65e-20,3.1,3.1
1518.4,0.062611,0.085027,0.071581,0.094353,0.96844,0.96844,0.96844,0.49004,0.58724,0.52562,0.58356,0.66131,0.622,0.80948,0.96984,0.094353,0.0,0.0,5e-06,5.65e-20,3.1,3.1
1519.2,0.05745,0.079712,0.066354,0.087462,0.96841,0.96841,0.96841,0.45715,0.55675,0.49395,0.57395,0.6539,0.61352,0.80968,0.96992,0.087462,0.0,0.0,5e-06,5.65e-20,3.1,3.1
1520.0,0.052453,0.074533,0.061275,0.080766,0.96838,0.96838,0.96838,0.42426,0.52625,0.46228,0.56434,0.64648,0.60504,0.80988,0.97,0.080766,0.0,0.0,5e-06,5.65e-20,3.1,3.1
1520.8,0.047546,0.069384,0.056256,0.074149,0.96835,0.96835,0.96835,0.39137,0.49576,0.4306,0.55474,0.63907,0.59656,0.81008,0.97,0.074149,0.0,0.0,5e-06,5.65e-20,3.1,3.1
1521.6,0.043643,0.065203,0.052209,0.068814,0.96831,0.96831,0.96831,0.35848,0.46526,0.39893,0.55589,0.63989,0.59757,0.81028,0.97,0.068814,0.0,0.0,5e-06,5.65e-20,3.1,3.1
1522.4,0.042026,0.063363,0.050437,0.066477,0.96828,0.96828,0.96828,0.32559,0.43477,0.36726,0.58933,0.66541,0.62703,0.81048,0.97,0.066477,0.0,0.0,5e-06,5.65e-20,3.1,3.1
1523.2,0.039923,0.061176,0.048251,0.063595,0.96824,0.96824,0.96824,0.2927,0.40428,0.33559,0.62277,0.69092,0.6565,0.81068,0.97,0.063595,0.0,0.0,5e-06,5.65e-20,3.1,3.1
1524.0,0.083314,0.078078,0.083041,0.10945,0.9682,0.9682,0.9682,0.5797,0.4976,0.55274,0.65621,0.71644,0.68596,0.81088,0.97,0.10945,0.0,0.0,5e-06,5.65e-20,3.1,3.1
1524.8,0.090069,0.084366,0.089456,0.1179,0.96816,0.96816,0.96816,0.59647,0.51931,0.57106,0.68965,0.74196,0.71543,0.81108,0.97,0.1179,0.0,0.0,5e-06,5.65e-20,3.1,3.1
1525.6,0.097135,0.090958,0.096172,0.12675,0.96812,0.96812,0.96812,0.61323,0.54103,0.58938,0.72309,0.76747,0.74489,0.81128,0.97,0.12675,0.0,0.0,5e-06,5.65e-20,3.1,3.1
1526.4,0.10288,0.096737,0.1018,0.13416,0.96808,0.96808,0.96808,0.63,0.56274,0.6077,0.74531,0.78461,0.76456,0.81149,0.97,0.13416,0.0,0.0,5e-06,5.65e-20,3.1,3.1
1527.2,0.10396,0.099411,0.1035,0.1364,0.96804,0.96804,0.96804,0.64677,0.58446,0.62602,0.73389,0.77659,0.75482,0.81169,0.97,0.1364,0.0,0.0,5e-06,5.65e-20,3.1,3.1
1528.0,0.10498,0.10202,0.10513,0.13855,0.96801,0.96801,0.96801,0.66354,0.60617,0.64434,0.72246,0.76857,0.74508,0.81189,0.97,0.13855,0.0,0.0,5e-06,5.65e-20,3.1,3.1
1528.8,0.10595,0.1046,0.10673,0.14066,0.96798,0.96798,0.96798,0.68031,0.62789,0.66266,0.71103,0.76055,0.73534,0.81209,0.97,0.14066,0.0,0.0,5e-06,5.65e-20,3.1,3.1
1529.6,0.10363,0.10499,0.1054,0.1389,0.96795,0.96795,0.96795,0.67643,0.63711,0.66327,0.69961,0.75253,0.72561,0.81229,0.97,0.1389,0.0,0.0,5e-06,5.65e-20,3.1,3.1
1530.4,0.10093,0.1051,0.10369,0.13665,0.96792,0.96792,0.96792,0.66959,0.64456,0.66136,0.68818,0.74451,0.71587,0.81249,0.97004,0.13665,0.0,0.0,5e-06,5.65e-20,3.1,3.1
1531.2,0.098275,0.10521,0.10203,0.13445,0.9679,0.9679,0.9679,0.66276,0.652,0.65944,0.67676,0.73649,0.70613,0.81269,0.97012,0.13445,0.0,0.0,5e-06,5.65e-20,3.1,3.1
1532.0,0.095599,0.10523,0.10031,0.13219,0.96789,0.96789,0.96789,0.65593,0.65944,0.65753,0.66533,0.72847,0.69639,0.81289,0.9702,0.13219,0.0,0.0,5e-06,5.65e-20,3.1,3.1
1532.8,0.092995,0.10527,0.098635,0.12998,0.96787,0.96787,0.96787,0.64909,0.66688,0.65561,0.6539,0.72046,0.68666,0.81309,0.9702799999999999,0.12998,0.0,0.0,5e-06,5.65e-20,3.1,3.1
1533.6,0.090404,0.10525,0.096947,0.12775,0.96786,0.96786,0.96786,0.64226,0.67433,0.6537,0.64248,0.71244,0.67692,0.81329,0.97036,0.12775,0.0,0.0,5e-06,5.65e-20,3.1,3.1
1534.4,0.087393,0.10437,0.094679,0.12476,0.96785,0.96785,0.96785,0.63168,0.67603,0.6474,0.63133,0.70446,0.66735,0.81349,0.97044,0.12476,0.0,0.0,5e-06,5.65e-20,3.1,3.1
1535.2,0.083179,0.10091,0.090721,0.11954,0.96784,0.96784,0.96784,0.60987,0.66053,0.62797,0.62209,0.69682,0.65894,0.8137,0.9705199999999999,0.11954,0.0,0.0,5e-06,5.65e-20,3.1,3.1
1536.0,0.079012,0.097462,0.08679,0.11436,0.96784,0.96784,0.96784,0.58805,0.64503,0.60853,0.61286,0.68918,0.65053,0.8139,0.9706,0.11436,0.0,0.0,5e-06,5.65e-20,3.1,3.1
1536.8,0.074929,0.094057,0.082925,0.10927,0.96783,0.96783,0.96783,0.56624,0.62953,0.58909,0.60362,0.68154,0.64212,0.8141,0.97068,0.10927,0.0,0.0,5e-06,5.65e-20,3.1,3.1
1537.6,0.070968,0.090747,0.079169,0.10432,0.96783,0.96783,0.96783,0.54443,0.61403,0.56966,0.59439,0.6739,0.63371,0.8143,0.97076,0.10432,0.0,0.0,5e-06,5.65e-20,3.1,3.1
1538.4,0.067077,0.087467,0.075466,0.099437,0.96782,0.96782,0.96782,0.52262,0.59853,0.55022,0.58515,0.66625,0.6253,0.8145,0.97084,0.099437,0.0,0.0,5e-06,5.65e-20,3.1,3.1
1539.2,0.06326,0.08422,0.071817,0.094628,0.96782,0.96782,0.96782,0.50081,0.58303,0.53079,0.57592,0.65861,0.61689,0.8147,0.97092,0.094628,0.0,0.0,5e-06,5.65e-20,3.1,3.1
1540.0,0.058908,0.080077,0.067508,0.088949,0.96781,0.96781,0.96781,0.47376,0.56062,0.50563,0.56668,0.65097,0.60848,0.8149,0.971,0.088949,0.0,0.0,5e-06,5.65e-20,3.1,3.1
1540.8,0.054003,0.075005,0.062513,0.082366,0.9678,0.9678,0.9678,0.44148,0.53131,0.47474,0.55745,0.64333,0.60007,0.8151,0.971,0.082366,0.0,0.0,5e-06,5.65e-20,3.1,3.1
1541.6,0.049228,0.070029,0.05763,0.075932,0.9678,0.9678,0.9678,0.40919,0.502,0.44385,0.54821,0.63568,0.59166,0.8153,0.971,0.075932,0.0,0.0,5e-06,5.65e-20,3.1,3.1
1542.4,0.044589,0.06516,0.052868,0.069656,0.96779,0.96779,0.96779,0.37691,0.47269,0.41297,0.53898,0.62804,0.58325,0.8155,0.971,0.069656,0.0,0.0,5e-06,5.65e-20,3.1,3.1
1543.2,0.041753,0.0621,0.049881,0.06572,0.96778,0.96778,0.96778,0.34463,0.44338,0.38208,0.55186,0.638,0.59467,0.81571,0.971,0.06572,0.0,0.0,5e-06,5.65e-20,3.1,3.1
1544.0,0.040233,0.060486,0.048247,0.063565,0.96776,0.96776,0.96776,0.31235,0.41407,0.3512,0.58687,0.66556,0.62592,0.81591,0.971,0.063565,0.0,0.0,5e-06,5.65e-20,3.1,3.1
1544.8,0.038244,0.058559,0.046221,0.060896,0.96774,0.96774,0.96774,0.28007,0.38475,0.32031,0.62188,0.69312,0.65716,0.81611,0.971,0.060896,0.0,0.0,5e-06,5.65e-20,3.1,3.1
1545.6,0.084259,0.07965,0.084275,0.11103,0.96772,0.96772,0.96772,0.58416,0.50332,0.55752,0.65688,0.72068,0.6884,0.81631,0.971,0.11103,0.0,0.0,5e-06,5.65e-20,3.1,3.1
1546.4,0.091196,0.086347,0.090951,0.11982,0.9677,0.9677,0.9677,0.6003,0.52558,0.5756,0.69189,0.74824,0.71965,0.81651,0.971,0.11982,0.0,0.0,5e-06,5.65e-20,3.1,3.1
1547.2,0.098397,0.093327,0.097891,0.12896,0.96767,0.96767,0.96767,0.61645,0.54783,0.59368,0.7269,0.7758,0.75089,0.81671,0.971,0.12896,0.0,0.0,5e-06,5.65e-20,3.1,3.1
1548.0,0.10108,0.097258,0.101,0.13305,0.96764,0.96764,0.96764,0.63259,0.57009,0.61177,0.7274,0.77666,0.75155,0.81691,0.971,0.13305,0.0,0.0,5e-06,5.65e-20,3.1,3.1
1548.8,0.10207,0.099986,0.10264,0.13522,0.96761,0.96761,0.96761,0.64874,0.59234,0.62985,0.71639,0.76861,0.74203,0.81711,0.971,0.13522,0.0,0.0,5e-06,5.65e-20,3.1,3.1
1549.6,0.103,0.10265,0.10423,0.13731,0.96757,0.96757,0.96757,0.66488,0.6146,0.64794,0.70539,0.76057,0.7325,0.81731,0.971,0.13731,0.0,0.0,5e-06,5.65e-20,3.1,3.1
1550.4,0.10384,0.10524,0.10574,0.13929,0.96752,0.96752,0.96752,0.68103,0.63685,0.66602,0.69438,0.75252,0.72297,0.81751,0.971,0.13929,0.0,0.0,5e-06,5.65e-20,3.1,3.1
1551.2,0.10132,0.10565,0.10426,0.13735,0.96747,0.96747,0.96747,0.67532,0.64636,0.66563,0.68338,0.74448,0.71344,0.81772,0.971,0.13735,0.0,0.0,5e-06,5.65e-20,3.1,3.1
1552.0,0.098834,0.10603,0.1028,0.13542,0.96742,0.96742,0.96742,0.6696,0.65587,0.66525,0.67238,0.73644,0.70391,0.81792,0.971,0.13542,0.0,0.0,5e-06,5.65e-20,3.1,3.1
1552.8,0.096313,0.10631,0.10127,0.1334,0.96737,0.96737,0.96737,0.66389,0.66538,0.66486,0.66137,0.72839,0.69438,0.81812,0.971,0.1334,0.0,0.0,5e-06,5.65e-20,3.1,3.1
1553.6,0.093952,0.1067,0.099881,0.13157,0.96731,0.96731,0.96731,0.65818,0.67489,0.66448,0.65037,0.72035,0.68485,0.81832,0.971,0.13157,0.0,0.0,5e-06,5.65e-20,3.1,3.1
1554.4,0.091582,0.10702,0.098457,0.12969,0.96725,0.96725,0.96725,0.65247,0.6844,0.66409,0.63936,0.7123,0.67533,0.8185,0.971,0.12969,0.0,0.0,5e-06,5.65e-20,3.1,3.1
1555.2,0.089173,0.10723,0.096963,0.12772,0.9672,0.9672,0.9672,0.64675,0.69391,0.66371,0.62836,0.70426,0.6658,0.81862,0.971,0.12772,0.0,0.0,5e-06,5.65e-20,3.1,3.1
1556.0,0.086307,0.10639,0.094801,0.12487,0.96714,0.96714,0.96714,0.63692,0.69646,0.65824,0.61763,0.69627,0.65644,0.81875,0.971,0.12487,0.0,0.0,5e-06,5.65e-20,3.1,3.1
1556.8,0.082086,0.10242,0.090646,0.1194,0.96709,0.96709,0.96709,0.61472,0.67813,0.63753,0.60886,0.68867,0.64828,0.81887,0.971,0.1194,0.0,0.0,5e-06,5.65e-20,3.1,3.1
1557.6,0.077965,0.098536,0.08658,0.11404,0.96705,0.96705,0.96705,0.59251,0.6598,0.61683,0.60008,0.68107,0.64012,0.819,0.971,0.11404,0.0,0.0,5e-06,5.65e-20,3.1,3.1
1558.4,0.07395,0.094735,0.082612,0.10881,0.96701,0.96701,0.96701,0.57031,0.64147,0.59612,0.5913,0.67347,0.63197,0.81912,0.971,0.10881,0.0,0.0,5e-06,5.65e-20,3.1,3.1
1559.2,0.070028,0.091006,0.078727,0.10369,0.96697,0.96697,0.96697,0.5481,0.62314,0.57541,0.58252,0.66587,0.62381,0.81925,0.971,0.10369,0.0,0.0,5e-06,5.65e-20,3.1,3.1
1560.0,0.066172,0.087312,0.074894,0.098643,0.96694,0.96694,0.96694,0.5259,0.60481,0.5547,0.57375,0.65827,0.61565,0.81937,0.971,0.098643,0.0,0.0,5e-06,5.65e-20,3.1,3.1
1560.8,0.062397,0.083672,0.071129,0.093683,0.96693,0.96693,0.96693,0.5037,0.58648,0.53399,0.56497,0.65067,0.60749,0.8195,0.971,0.093683,0.0,0.0,5e-06,5.65e-20,3.1,3.1
1561.6,0.058319,0.079572,0.067005,0.088251,0.96691,0.96691,0.96691,0.47815,0.56426,0.50981,0.55619,0.64307,0.59933,0.81962,0.971,0.088251,0.0,0.0,5e-06,5.65e-20,3.1,3.1
1562.4,0.053674,0.074649,0.062222,0.08195,0.96691,0.96691,0.96691,0.44702,0.53556,0.47985,0.54741,0.63547,0.59117,0.81975,0.971,0.08195,0.0,0.0,5e-06,5.65e-20,3.1,3.1
1563.2,0.049147,0.069819,0.057546,0.07579,0.96691,0.96691,0.96691,0.41589,0.50685,0.44989,0.53864,0.62787,0.58302,0.81988,0.971,0.07579,0.0,0.0,5e-06,5.65e-20,3.1,3.1
1564.0,0.044742,0.065089,0.052979,0.069774,0.96691,0.96691,0.96691,0.38477,0.47815,0.41993,0.52986,0.62027,0.57486,0.82,0.971,0.069774,0.0,0.0,5e-06,5.65e-20,3.1,3.1
1564.8,0.040438,0.060428,0.048497,0.06387,0.96691,0.96691,0.96691,0.35364,0.44945,0.38997,0.52108,0.61267,0.5667,0.82013,0.971,0.06387,0.0,0.0,5e-06,5.65e-20,3.1,3.1
1565.6,0.039481,0.059337,0.047402,0.062428,0.96692,0.96692,0.96692,0.32251,0.42075,0.36001,0.55771,0.64249,0.59986,0.82025,0.971,0.062428,0.0,0.0,5e-06,5.65e-20,3.1,3.1
1566.4,0.038024,0.057874,0.045874,0.060414,0.96692,0.96692,0.96692,0.29138,0.39205,0.33005,0.59434,0.67232,0.63303,0.82038,0.971,0.060414,0.0,0.0,5e-06,5.65e-20,3.1,3.1
1567.2,0.079842,0.075955,0.080257,0.10569,0.96693,0.96693,0.96693,0.57616,0.49255,0.54853,0.63097,0.70214,0.66619,0.8205,0.971,0.10569,0.0,0.0,5e-06,5.65e-20,3.1,3.1
1568.0,0.086819,0.082753,0.087011,0.11459,0.96693,0.96693,0.96693,0.59197,0.51463,0.56634,0.6676,0.73196,0.69935,0.82063,0.971,0.11459,0.0,0.0,5e-06,5.65e-20,3.1,3.1
1568.8,0.093995,0.089787,0.09397,0.12375,0.96692,0.96692,0.96692,0.60778,0.5367,0.58415,0.70423,0.76179,0.73252,0.82075,0.971,0.12375,0.0,0.0,5e-06,5.65e-20,3.1,3.1
1569.6,0.098232,0.094822,0.098419,0.1296,0.96692,0.96692,0.96692,0.62359,0.55878,0.60196,0.71724,0.77265,0.74443,0.82088,0.971,0.1296,0.0,0.0,5e-06,5.65e-20,3.1,3.1
1570.4,0.099248,0.097546,0.10007,0.13178,0.9669,0.9669,0.9669,0.6394,0.58085,0.61977,0.70665,0.76455,0.73509,0.821,0.971,0.13178,0.0,0.0,5e-06,5.65e-20,3.1,3.1
1571.2,0.10018,0.10018,0.10164,0.13384,0.96688,0.96688,0.96688,0.65521,0.60293,0.63758,0.69606,0.75645,0.72575,0.82113,0.971,0.13384,0.0,0.0,5e-06,5.65e-20,3.1,3.1
1572.0,0.10104,0.10274,0.10314,0.13581,0.96685,0.96685,0.96685,0.67102,0.625,0.65539,0.68547,0.74835,0.71641,0.82125,0.971,0.13581,0.0,0.0,5e-06,5.65e-20,3.1,3.1
1572.8,0.10046,0.10412,0.10327,0.13599,0.96682,0.96682,0.96682,0.67769,0.64036,0.66499,0.67488,0.74026,0.70707,0.82138,0.971,0.13599,0.0,0.0,5e-06,5.65e-20,3.1,3.1
1573.6,0.098527,0.10438,0.10213,0.13448,0.96679,0.96679,0.96679,0.67522,0.64901,0.66638,0.66429,0.73216,0.69773,0.8215,0.971,0.13448,0.0,0.0,5e-06,5.65e-20,3.1,3.1
1574.4,0.096598,0.10459,0.10097,0.13295,0.96675,0.96675,0.96675,0.67275,0.65766,0.66777,0.6537,0.72406,0.68839,0.82163,0.971,0.13295,0.0,0.0,5e-06,5.65e-20,3.1,3.1
1575.2,0.094666,0.10476,0.09979,0.1314,0.96671,0.96671,0.96671,0.67028,0.66631,0.66917,0.64311,0.71596,0.67905,0.82175,0.971,0.1314,0.0,0.0,5e-06,5.65e-20,3.1,3.1
1576.0,0.092754,0.10491,0.098612,0.12984,0.96668,0.96668,0.96668,0.66781,0.67496,0.67056,0.63252,0.70786,0.66971,0.82188,0.971,0.12984,0.0,0.0,5e-06,5.65e-20,3.1,3.1
1576.8,0.090866,0.10504,0.097442,0.1283,0.96664,0.96664,0.96664,0.66534,0.68361,0.67196,0.62193,0.69976,0.66037,0.822,0.971,0.1283,0.0,0.0,5e-06,5.65e-20,3.1,3.1
1577.6,0.088935,0.10508,0.096206,0.12667,0.96661,0.96661,0.96661,0.66286,0.69225,0.67335,0.61134,0.69166,0.65103,0.82213,0.971,0.12667,0.0,0.0,5e-06,5.65e-20,3.1,3.1
1578.4,0.086092,0.10362,0.093836,0.12355,0.96659,0.96659,0.96659,0.65213,0.69051,0.6658,0.60162,0.68384,0.64227,0.82225,0.971,0.12355,0.0,0.0,5e-06,5.65e-20,3.1,3.1
1579.2,0.081751,0.099713,0.089608,0.11798,0.96657,0.96657,0.96657,0.62762,0.67146,0.64334,0.59336,0.67648,0.63449,0.82238,0.971,0.11798,0.0,0.0,5e-06,5.65e-20,3.1,3.1
1580.0,0.077466,0.095829,0.08542,0.11246,0.96655,0.96655,0.96655,0.60312,0.6524,0.62088,0.5851,0.66912,0.62671,0.82251,0.971,0.11246,0.0,0.0,5e-06,5.65e-20,3.1,3.1
1580.8,0.073294,0.092039,0.081336,0.10709,0.96655,0.96655,0.96655,0.57861,0.63334,0.59843,0.57683,0.66176,0.61893,0.82263,0.971,0.10709,0.0,0.0,5e-06,5.65e-20,3.1,3.1
1581.6,0.069167,0.088254,0.07728,0.10174,0.96655,0.96655,0.96655,0.55411,0.61429,0.57597,0.56857,0.6544,0.61115,0.82276,0.971,0.10174,0.0,0.0,5e-06,5.65e-20,3.1,3.1
1582.4,0.065141,0.084546,0.073315,0.096523,0.96656,0.96656,0.96656,0.5296,0.59523,0.55351,0.56031,0.64704,0.60337,0.82288,0.971,0.096523,0.0,0.0,5e-06,5.65e-20,3.1,3.1
1583.2,0.061227,0.080931,0.069452,0.091436,0.96657,0.96657,0.96657,0.5051,0.57617,0.53106,0.55204,0.63968,0.59559,0.82301,0.971,0.091436,0.0,0.0,5e-06,5.65e-20,3.1,3.1
1584.0,0.057127,0.07687,0.065312,0.085984,0.96658,0.96658,0.96658,0.47831,0.5535,0.50589,0.54378,0.63232,0.58781,0.82313,0.971,0.085984,0.0,0.0,5e-06,5.65e-20,3.1,3.1
1584.8,0.052685,0.072066,0.060692,0.079899,0.9666,0.9666,0.9666,0.44774,0.52479,0.4762,0.53552,0.62496,0.58003,0.82326,0.971,0.079899,0.0,0.0,5e-06,5.65e-20,3.1,3.1
1585.6,0.048331,0.067323,0.056146,0.073914,0.96661,0.96661,0.96661,0.41716,0.49609,0.44651,0.52725,0.6176,0.57225,0.82338,0.971,0.073914,0.0,0.0,5e-06,5.65e-20,3.1,3.1
1586.4,0.044085,0.062671,0.0517,0.068059,0.96663,0.96663,0.96663,0.38658,0.46738,0.41683,0.51899,0.61024,0.56447,0.82351,0.971,0.068059,0.0,0.0,5e-06,5.65e-20,3.1,3.1
1587.2,0.039957,0.05812,0.047362,0.062348,0.96664,0.96664,0.96664,0.356,0.43868,0.38714,0.51073,0.60288,0.55669,0.82363,0.971,0.062348,0.0,0.0,5e-06,5.65e-20,3.1,3.1
1588.0,0.03807,0.055933,0.045279,0.059606,0.96665,0.96665,0.96665,0.32543,0.40997,0.35745,0.53217,0.62063,0.57624,0.82376,0.971,0.059606,0.0,0.0,5e-06,5.65e-20,3.1,3.1
1588.8,0.037052,0.05479,0.044127,0.058087,0.96665,0.96665,0.96665,0.29485,0.38127,0.32776,0.57143,0.65345,0.61219,0.82388,0.971,0.058087,0.0,0.0,5e-06,5.65e-20,3.1,3.1
1589.6,0.076855,0.078402,0.079023,0.10402,0.96665,0.96665,0.96665,0.57233,0.51954,0.55447,0.61069,0.68628,0.64814,0.82401,0.971,0.10402,0.0,0.0,5e-06,5.65e-20,3.1,3.1
1590.4,0.083961,0.085489,0.085986,0.11319,0.96664,0.96664,0.96664,0.58757,0.54073,0.57171,0.64995,0.7191,0.68409,0.82413,0.971,0.11319,0.0,0.0,5e-06,5.65e-20,3.1,3.1
1591.2,0.091347,0.092899,0.093238,0.12273,0.96663,0.96663,0.96663,0.60281,0.56192,0.58894,0.68921,0.75192,0.72004,0.82426,0.971,0.12273,0.0,0.0,5e-06,5.65e-20,3.1,3.1
1592.0,0.095667,0.098021,0.097788,0.12872,0.96661,0.96661,0.96661,0.61805,0.58311,0.60618,0.7038,0.76433,0.73349,0.82438,0.971,0.12872,0.0,0.0,5e-06,5.65e-20,3.1,3.1
1592.8,0.096598,0.10049,0.099305,0.13071,0.96658,0.96658,0.96658,0.6333,0.60431,0.62342,0.69372,0.75632,0.72446,0.82451,0.971,0.13071,0.0,0.0,5e-06,5.65e-20,3.1,3.1
1593.6,0.09747,0.1029,0.10076,0.13263,0.96655,0.96655,0.96655,0.64854,0.6255,0.64066,0.68364,0.74831,0.71543,0.82463,0.971,0.13263,0.0,0.0,5e-06,5.65e-20,3.1,3.1
1594.4,0.098279,0.10523,0.10216,0.13446,0.96652,0.96652,0.96652,0.66378,0.64669,0.6579,0.67356,0.7403,0.70639,0.82476,0.971,0.13446,0.0,0.0,5e-06,5.65e-20,3.1,3.1
1595.2,0.098721,0.10724,0.10319,0.13583,0.96648,0.96648,0.96648,0.67694,0.66626,0.67323,0.66348,0.73229,0.69736,0.82488,0.971,0.13583,0.0,0.0,5e-06,5.65e-20,3.1,3.1
1596.0,0.097022,0.10739,0.10217,0.13448,0.96645,0.96645,0.96645,0.67551,0.6745,0.67526,0.6534,0.72428,0.68833,0.82501,0.971,0.13448,0.0,0.0,5e-06,5.65e-20,3.1,3.1
1596.8,0.095309,0.10748,0.10112,0.13309,0.96642,0.96642,0.96642,0.67408,0.68273,0.67729,0.64332,0.71627,0.67929,0.82514,0.971,0.13309,0.0,0.0,5e-06,5.65e-20,3.1,3.1
1597.6,0.093617,0.10756,0.10007,0.13171,0.96639,0.96639,0.96639,0.67265,0.69097,0.67932,0.63324,0.70826,0.67026,0.82526,0.971,0.13171,0.0,0.0,5e-06,5.65e-20,3.1,3.1
1598.4,0.091944,0.10763,0.099034,0.13034,0.96637,0.96637,0.96637,0.67121,0.69921,0.68136,0.62316,0.70025,0.66123,0.82539,0.971,0.13034,0.0,0.0,5e-06,5.65e-20,3.1,3.1
1599.2,0.090278,0.10767,0.097988,0.12896,0.96636,0.96636,0.96636,0.66978,0.70745,0.68339,0.61308,0.69224,0.65219,0.82551,0.971,0.12896,0.0,0.0,5e-06,5.65e-20,3.1,3.1
1600.0,0.088597,0.10765,0.096911,0.12754,0.96635,0.96635,0.96635,0.66835,0.71568,0.68542,0.603,0.68423,0.64316,0.82564,0.971,0.12754,0.0,0.0,5e-06,5.65e-20,3.1,3.1
1600.8,0.08692,0.1076,0.095822,0.12611,0.96635,0.96635,0.96635,0.66692,0.72392,0.68745,0.59292,0.67622,0.63413,0.82576,0.971,0.12611,0.0,0.0,5e-06,5.65e-20,3.1,3.1
1601.6,0.082945,0.10411,0.091987,0.12106,0.96636,0.96636,0.96636,0.64531,0.7078,0.66793,0.58456,0.66892,0.62633,0.82589,0.971,0.12106,0.0,0.0,5e-06,5.65e-20,3.1,3.1
1602.4,0.078787,0.10022,0.087886,0.11566,0.96637,0.96637,0.96637,0.62082,0.68819,0.64535,0.57677,0.66186,0.61893,0.82601,0.971,0.11566,0.0,0.0,5e-06,5.65e-20,3.1,3.1
1603.2,0.074704,0.096387,0.083849,0.11035,0.96639,0.96639,0.96639,0.59633,0.66858,0.62276,0.56899,0.6548,0.61154,0.82614,0.971,0.11035,0.0,0.0,5e-06,5.65e-20,3.1,3.1
1604.0,0.070647,0.092541,0.079822,0.10504,0.96642,0.96642,0.96642,0.57184,0.64898,0.60017,0.5612,0.64774,0.60415,0.82626,0.971,0.10504,0.0,0.0,5e-06,5.65e-20,3.1,3.1
1604.8,0.066703,0.088793,0.0759,0.099881,0.96644,0.96644,0.96644,0.54735,0.62937,0.57758,0.55341,0.64067,0.59675,0.82639,0.971,0.099881,0.0,0.0,5e-06,5.65e-20,3.1,3.1
1605.6,0.06283,0.08509,0.072037,0.094797,0.96647,0.96647,0.96647,0.52286,0.60977,0.55499,0.54563,0.63361,0.58936,0.82651,0.971,0.094797,0.0,0.0,5e-06,5.65e-20,3.1,3.1
1606.4,0.059058,0.081472,0.068268,0.089835,0.96651,0.96651,0.96651,0.49836,0.59016,0.5324,0.53784,0.62655,0.58197,0.82664,0.971,0.089835,0.0,0.0,5e-06,5.65e-20,3.1,3.1
1607.2,0.055022,0.077177,0.064092,0.084338,0.96654,0.96654,0.96654,0.47074,0.56497,0.50586,0.53005,0.61948,0.57457,0.82676,0.971,0.084338,0.0,0.0,5e-06,5.65e-20,3.1,3.1
1608.0,0.050858,0.072503,0.0597,0.078558,0.96657,0.96657,0.96657,0.44125,0.53643,0.47695,0.52227,0.61242,0.56718,0.82689,0.971,0.078558,0.0,0.0,5e-06,5.65e-20,3.1,3.1
1608.8,0.046755,0.067859,0.055355,0.072839,0.9666,0.9666,0.9666,0.41175,0.50789,0.44803,0.51448,0.60536,0.55979,0.82701,0.971,0.072839,0.0,0.0,5e-06,5.65e-20,3.1,3.1
1609.6,0.04276,0.063315,0.051112,0.067255,0.96663,0.96663,0.96663,0.38226,0.47936,0.41912,0.50669,0.5983,0.55239,0.82714,0.971,0.067255,0.0,0.0,5e-06,5.65e-20,3.1,3.1
1610.4,0.038856,0.058847,0.046952,0.06178,0.96665,0.96665,0.96665,0.35276,0.45082,0.39021,0.49891,0.59123,0.545,0.82726,0.972,0.06178,0.0,0.0,5e-06,5.65e-20,3.1,3.1
1611.2,0.036429,0.055982,0.044298,0.058287,0.96667,0.96667,0.96667,0.32326,0.42228,0.36129,0.51032,0.60036,0.55524,0.82739,0.972,0.058287,0.0,0.0,5e-06,5.65e-20,3.1,3.1
1612.0,0.035966,0.055407,0.043717,0.057522,0.96668,0.96668,0.96668,0.29377,0.39374,0.33238,0.55374,0.63645,0.59487,0.82751,0.972,0.057522,0.0,0.0,5e-06,5.65e-20,3.1,3.1
1612.8,0.075308,0.074992,0.076898,0.10118,0.96669,0.96669,0.96669,0.57047,0.5044,0.54822,0.59715,0.67255,0.63451,0.82764,0.972,0.10118,0.0,0.0,5e-06,5.65e-20,3.1,3.1
1613.6,0.082832,0.082266,0.084167,0.11074,0.9667,0.9667,0.9667,0.58516,0.52533,0.56498,0.64057,0.70864,0.67414,0.82744,0.972,0.11074,0.0,0.0,5e-06,5.65e-20,3.1,3.1
1614.4,0.090622,0.089858,0.091714,0.12067,0.96671,0.96671,0.96671,0.59984,0.54626,0.58173,0.68399,0.74474,0.71377,0.827,0.972,0.12067,0.0,0.0,5e-06,5.65e-20,3.1,3.1
1615.2,0.093311,0.093693,0.094789,0.12471,0.96672,0.96672,0.96672,0.61452,0.56719,0.59849,0.68762,0.74805,0.71723,0.82656,0.972,0.12471,0.0,0.0,5e-06,5.65e-20,3.1,3.1
1616.0,0.094214,0.096173,0.096285,0.12668,0.96672,0.96672,0.96672,0.62921,0.58813,0.61524,0.678,0.74044,0.70863,0.82613,0.972,0.12668,0.0,0.0,5e-06,5.65e-20,3.1,3.1
1616.8,0.094961,0.098486,0.09762,0.12843,0.96673,0.96673,0.96673,0.64389,0.60906,0.632,0.66838,0.73282,0.70002,0.82569,0.972,0.12843,0.0,0.0,5e-06,5.65e-20,3.1,3.1
1617.6,0.095667,0.10075,0.098914,0.13013,0.96673,0.96673,0.96673,0.65857,0.62999,0.64875,0.65875,0.72521,0.69142,0.82525,0.972,0.13013,0.0,0.0,5e-06,5.65e-20,3.1,3.1
1618.4,0.096345,0.10297,0.10018,0.13179,0.96674,0.96674,0.96674,0.67325,0.65092,0.66551,0.64913,0.7176,0.68282,0.82482,0.972,0.13179,0.0,0.0,5e-06,5.65e-20,3.1,3.1
1619.2,0.095081,0.1036,0.099608,0.13104,0.96675,0.96675,0.96675,0.67453,0.66201,0.67027,0.63951,0.70999,0.67422,0.82438,0.972,0.13104,0.0,0.0,5e-06,5.65e-20,3.1,3.1
1620.0,0.093495,0.10391,0.098714,0.12986,0.96676,0.96676,0.96676,0.6739,0.6717,0.67332,0.62988,0.70237,0.66562,0.82394,0.971,0.12986,0.0,0.0,5e-06,5.65e-20,3.1,3.1
1620.8,0.091927,0.10421,0.097824,0.12869,0.96677,0.96677,0.96677,0.67326,0.68138,0.67637,0.62026,0.69476,0.65701,0.82351,0.9710799999999999,0.12869,0.0,0.0,5e-06,5.65e-20,3.1,3.1
1621.6,0.090383,0.1045,0.096944,0.12753,0.96679,0.96679,0.96679,0.67263,0.69107,0.67942,0.61063,0.68715,0.64841,0.82307,0.9711599999999999,0.12753,0.0,0.0,5e-06,5.65e-20,3.1,3.1
1622.4,0.088856,0.10477,0.096067,0.12637,0.96681,0.96681,0.96681,0.67199,0.70075,0.68247,0.60101,0.67953,0.63981,0.82263,0.97124,0.12637,0.0,0.0,5e-06,5.65e-20,3.1,3.1
1623.2,0.087326,0.10499,0.095172,0.12519,0.96683,0.96683,0.96683,0.67135,0.71043,0.68551,0.59139,0.67192,0.63121,0.82219,0.97132,0.12519,0.0,0.0,5e-06,5.65e-20,3.1,3.1
1624.0,0.085756,0.10514,0.094218,0.12394,0.96685,0.96685,0.96685,0.67072,0.72012,0.68856,0.58176,0.66431,0.62261,0.82176,0.9713999999999999,0.12394,0.0,0.0,5e-06,5.65e-20,3.1,3.1
1624.8,0.083179,0.10376,0.092056,0.12109,0.96687,0.96687,0.96687,0.66108,0.71918,0.68211,0.573,0.65702,0.6146,0.82132,0.97148,0.12109,0.0,0.0,5e-06,5.65e-20,3.1,3.1
1625.6,0.079044,0.10002,0.088021,0.11578,0.96689,0.96689,0.96689,0.63645,0.70055,0.65981,0.56565,0.65027,0.60758,0.82088,0.97156,0.11578,0.0,0.0,5e-06,5.65e-20,3.1,3.1
1626.4,0.074981,0.096328,0.084045,0.11055,0.9669,0.9669,0.9669,0.61181,0.68192,0.63751,0.55831,0.64352,0.60057,0.82045,0.97164,0.11055,0.0,0.0,5e-06,5.65e-20,3.1,3.1
1627.2,0.070963,0.092645,0.080099,0.10536,0.96691,0.96691,0.96691,0.58718,0.66328,0.61522,0.55097,0.63677,0.59356,0.82001,0.97172,0.10536,0.0,0.0,5e-06,5.65e-20,3.1,3.1
1628.0,0.066999,0.088981,0.076192,0.10022,0.96692,0.96692,0.96692,0.56254,0.64465,0.59292,0.54362,0.63002,0.58654,0.81957,0.9718,0.10022,0.0,0.0,5e-06,5.65e-20,3.1,3.1
1628.8,0.063152,0.085418,0.072395,0.095222,0.96693,0.96693,0.96693,0.53791,0.62602,0.57062,0.53628,0.62327,0.57953,0.81914,0.97188,0.095222,0.0,0.0,5e-06,5.65e-20,3.1,3.1
1629.6,0.059416,0.081952,0.068702,0.090363,0.96693,0.96693,0.96693,0.51327,0.60738,0.54833,0.52894,0.61652,0.57251,0.8187,0.9719599999999999,0.090363,0.0,0.0,5e-06,5.65e-20,3.1,3.1
1630.4,0.055757,0.078537,0.065075,0.085591,0.96692,0.96692,0.96692,0.48864,0.58875,0.52603,0.52159,0.60977,0.5655,0.81826,0.972,0.085591,0.0,0.0,5e-06,5.65e-20,3.1,3.1
1631.2,0.051721,0.07404,0.060835,0.080013,0.96691,0.96691,0.96691,0.46011,0.56169,0.49833,0.51425,0.60303,0.55848,0.81782,0.972,0.080013,0.0,0.0,5e-06,5.65e-20,3.1,3.1
1632.0,0.04776,0.069594,0.056658,0.074517,0.9669,0.9669,0.9669,0.43158,0.53464,0.47062,0.50691,0.59628,0.55147,0.81739,0.972,0.074517,0.0,0.0,5e-06,5.65e-20,3.1,3.1
1632.8,0.043879,0.065209,0.052552,0.069116,0.96688,0.96688,0.96688,0.40306,0.50758,0.44292,0.49957,0.58953,0.54445,0.81695,0.972,0.069116,0.0,0.0,5e-06,5.65e-20,3.1,3.1
1633.6,0.04016,0.061006,0.048614,0.063935,0.96686,0.96686,0.96686,0.37453,0.48053,0.41522,0.49222,0.58278,0.53744,0.81651,0.972,0.063935,0.0,0.0,5e-06,5.65e-20,3.1,3.1
1634.4,0.036524,0.056867,0.044749,0.058852,0.96683,0.96683,0.96683,0.346,0.45347,0.38752,0.48488,0.57603,0.53042,0.81608,0.972,0.058852,0.0,0.0,5e-06,5.65e-20,3.1,3.1
1635.2,0.034336,0.05443,0.042418,0.055785,0.96681,0.96681,0.96681,0.31747,0.42641,0.35981,0.49748,0.58713,0.54225,0.81564,0.972,0.055785,0.0,0.0,5e-06,5.65e-20,3.1,3.1
1636.0,0.034087,0.054453,0.042218,0.055522,0.96679,0.96679,0.96679,0.28894,0.39936,0.33211,0.54333,0.62799,0.58548,0.8152,0.972,0.055522,0.0,0.0,5e-06,5.65e-20,3.1,3.1
1636.8,0.072823,0.072492,0.074487,0.097957,0.96677,0.96677,0.96677,0.57016,0.49996,0.54652,0.58918,0.66886,0.62871,0.81477,0.972,0.097957,0.0,0.0,5e-06,5.65e-20,3.1,3.1
1637.6,0.080375,0.080037,0.08192,0.10773,0.96675,0.96675,0.96675,0.58428,0.5206,0.5628,0.63503,0.70972,0.67194,0.81433,0.972,0.10773,0.0,0.0,5e-06,5.65e-20,3.1,3.1
1638.4,0.088174,0.087916,0.089624,0.11786,0.96673,0.96673,0.96673,0.59841,0.54125,0.57909,0.68088,0.75058,0.71517,0.81389,0.972,0.11786,0.0,0.0,5e-06,5.65e-20,3.1,3.1
1639.2,0.088901,0.090114,0.090876,0.1195,0.96672,0.96672,0.96672,0.61254,0.5619,0.59538,0.67165,0.74218,0.70636,0.81345,0.972,0.1195,0.0,0.0,5e-06,5.65e-20,3.1,3.1
1640.0,0.089571,0.092234,0.092065,0.12106,0.96672,0.96672,0.96672,0.62667,0.58255,0.61166,0.66242,0.73377,0.69756,0.81302,0.973,0.12106,0.0,0.0,5e-06,5.65e-20,3.1,3.1
1640.8,0.090179,0.094268,0.093183,0.12253,0.96672,0.96672,0.96672,0.64079,0.60319,0.62795,0.65319,0.72537,0.68875,0.81258,0.97292,0.12253,0.0,0.0,5e-06,5.65e-20,3.1,3.1
1641.6,0.090783,0.096279,0.094293,0.12399,0.96673,0.96673,0.96673,0.65492,0.62384,0.64423,0.64396,0.71696,0.67995,0.81214,0.97284,0.12399,0.0,0.0,5e-06,5.65e-20,3.1,3.1
1642.4,0.091307,0.098187,0.095315,0.12533,0.96674,0.96674,0.96674,0.66905,0.64449,0.66052,0.63473,0.70856,0.67114,0.81171,0.97276,0.12533,0.0,0.0,5e-06,5.65e-20,3.1,3.1
1643.2,0.090305,0.098682,0.09484,0.12471,0.96676,0.96676,0.96676,0.67251,0.65653,0.667,0.6255,0.70016,0.66234,0.81127,0.97268,0.12471,0.0,0.0,5e-06,5.65e-20,3.1,3.1
1644.0,0.088839,0.098724,0.093902,0.12347,0.96678,0.96678,0.96678,0.67242,0.66569,0.67021,0.61626,0.69175,0.65353,0.81083,0.9726,0.12347,0.0,0.0,5e-06,5.65e-20,3.1,3.1
1644.8,0.0874,0.098758,0.092977,0.12225,0.9668,0.9668,0.9668,0.67233,0.67486,0.67342,0.60703,0.68335,0.64473,0.8104,0.9725199999999999,0.12225,0.0,0.0,5e-06,5.65e-20,3.1,3.1
1645.6,0.085942,0.098734,0.092019,0.12099,0.96683,0.96683,0.96683,0.67224,0.68403,0.67662,0.5978,0.67495,0.63592,0.80996,0.97244,0.12099,0.0,0.0,5e-06,5.65e-20,3.1,3.1
1646.4,0.084463,0.098647,0.091023,0.11968,0.96686,0.96686,0.96686,0.67214,0.69319,0.67983,0.58857,0.66654,0.62712,0.80952,0.97236,0.11968,0.0,0.0,5e-06,5.65e-20,3.1,3.1
1647.2,0.082985,0.098523,0.090015,0.11835,0.96689,0.96689,0.96689,0.67205,0.70236,0.68304,0.57934,0.65814,0.61831,0.80908,0.9722799999999999,0.11835,0.0,0.0,5e-06,5.65e-20,3.1,3.1
1648.0,0.081556,0.098419,0.089045,0.11707,0.96693,0.96693,0.96693,0.67196,0.71153,0.68625,0.57011,0.64973,0.60951,0.80865,0.9722,0.11707,0.0,0.0,5e-06,5.65e-20,3.1,3.1
1648.8,0.079751,0.097819,0.087654,0.11524,0.96696,0.96696,0.96696,0.6689,0.71752,0.68645,0.56088,0.64133,0.6007,0.80821,0.97212,0.11524,0.0,0.0,5e-06,5.65e-20,3.1,3.1
1649.6,0.075813,0.094441,0.083872,0.11027,0.96699,0.96699,0.96699,0.64509,0.70132,0.6656,0.55393,0.63471,0.59394,0.80777,0.97204,0.11027,0.0,0.0,5e-06,5.65e-20,3.1,3.1
1650.4,0.07196,0.091122,0.080166,0.10539,0.96702,0.96702,0.96702,0.62128,0.68512,0.64474,0.54698,0.6281,0.58718,0.80734,0.972,0.10539,0.0,0.0,5e-06,5.65e-20,3.1,3.1
1651.2,0.068209,0.087883,0.076552,0.10064,0.96705,0.96705,0.96705,0.59746,0.66892,0.62388,0.54004,0.62148,0.58043,0.8069,0.972,0.10064,0.0,0.0,5e-06,5.65e-20,3.1,3.1
1652.0,0.064557,0.084722,0.073028,0.096007,0.96708,0.96708,0.96708,0.57365,0.65271,0.60303,0.53309,0.61486,0.57367,0.80646,0.972,0.096007,0.0,0.0,5e-06,5.65e-20,3.1,3.1
1652.8,0.060929,0.08154,0.069511,0.091381,0.96711,0.96711,0.96711,0.54984,0.63651,0.58217,0.52614,0.60824,0.56691,0.80603,0.972,0.091381,0.0,0.0,5e-06,5.65e-20,3.1,3.1
1653.6,0.057386,0.078416,0.066066,0.086851,0.96714,0.96714,0.96714,0.52603,0.62031,0.56131,0.51919,0.60163,0.56015,0.80559,0.972,0.086851,0.0,0.0,5e-06,5.65e-20,3.1,3.1
1654.4,0.053942,0.07537,0.062713,0.082441,0.96717,0.96717,0.96717,0.50221,0.60411,0.54046,0.51224,0.59501,0.55339,0.80515,0.972,0.082441,0.0,0.0,5e-06,5.65e-20,3.1,3.1
1655.2,0.050421,0.071915,0.05917,0.077782,0.9672,0.9672,0.9672,0.47682,0.58404,0.51724,0.50529,0.58839,0.54663,0.80471,0.972,0.077782,0.0,0.0,5e-06,5.65e-20,3.1,3.1
1656.0,0.046693,0.067713,0.055237,0.072611,0.96722,0.96722,0.96722,0.44881,0.55752,0.49009,0.49835,0.58177,0.53988,0.80428,0.972,0.072611,0.0,0.0,5e-06,5.65e-20,3.1,3.1
1656.8,0.043072,0.063618,0.051409,0.067579,0.96725,0.96725,0.96725,0.42079,0.531,0.46294,0.4914,0.57516,0.53312,0.80384,0.972,0.067579,0.0,0.0,5e-06,5.65e-20,3.1,3.1
1657.6,0.039538,0.059598,0.047663,0.062653,0.96728,0.96728,0.96728,0.39278,0.50448,0.43579,0.48445,0.56854,0.52636,0.8034,0.972,0.062653,0.0,0.0,5e-06,5.65e-20,3.1,3.1
1658.4,0.036099,0.055665,0.044007,0.057845,0.96731,0.96731,0.96731,0.36476,0.47796,0.40864,0.4775,0.56192,0.5196,0.80297,0.972,0.057845,0.0,0.0,5e-06,5.65e-20,3.1,3.1
1659.2,0.032758,0.051826,0.040446,0.053165,0.96734,0.96734,0.96734,0.33675,0.45145,0.38149,0.47055,0.55531,0.51284,0.80253,0.972,0.053165,0.0,0.0,5e-06,5.65e-20,3.1,3.1
1660.0,0.030919,0.049979,0.038574,0.050702,0.96737,0.96737,0.96737,0.30873,0.42493,0.35434,0.48559,0.57029,0.52783,0.80209,0.973,0.050702,0.0,0.0,5e-06,5.65e-20,3.1,3.1
1660.8,0.031002,0.050878,0.038945,0.05119,0.9674,0.9674,0.9674,0.28071,0.39841,0.32719,0.53729,0.62126,0.57907,0.80166,0.97292,0.05119,0.0,0.0,5e-06,5.65e-20,3.1,3.1
1661.6,0.068985,0.067905,0.070416,0.092553,0.96744,0.96744,0.96744,0.57151,0.49289,0.54511,0.58898,0.67224,0.63031,0.80122,0.97284,0.092553,0.0,0.0,5e-06,5.65e-20,3.1,3.1
1662.4,0.076592,0.075737,0.078079,0.10262,0.96747,0.96747,0.96747,0.58513,0.51256,0.56071,0.64067,0.72321,0.68155,0.80078,0.97276,0.10262,0.0,0.0,5e-06,5.65e-20,3.1,3.1
1663.2,0.080753,0.080764,0.08254,0.10848,0.9675,0.9675,0.9675,0.59875,0.53223,0.57631,0.66212,0.74498,0.70313,0.80034,0.97268,0.10848,0.0,0.0,5e-06,5.65e-20,3.1,3.1
1664.0,0.081302,0.082718,0.083604,0.10988,0.96753,0.96753,0.96753,0.61237,0.5519,0.5919,0.65332,0.73754,0.69505,0.79991,0.9726,0.10988,0.0,0.0,5e-06,5.65e-20,3.1,3.1
1664.8,0.081672,0.084472,0.084479,0.11103,0.96756,0.96756,0.96756,0.626,0.57157,0.6075,0.64452,0.7301,0.68697,0.79947,0.9725199999999999,0.11103,0.0,0.0,5e-06,5.65e-20,3.1,3.1
1665.6,0.082018,0.086181,0.085324,0.11214,0.96758,0.96758,0.96758,0.63962,0.59124,0.6231,0.63573,0.72266,0.67889,0.79903,0.97244,0.11214,0.0,0.0,5e-06,5.65e-20,3.1,3.1
1666.4,0.082304,0.08781,0.086104,0.11316,0.9676,0.9676,0.9676,0.65324,0.61091,0.63869,0.62693,0.71522,0.67081,0.7986,0.97236,0.11316,0.0,0.0,5e-06,5.65e-20,3.1,3.1
1667.2,0.082537,0.089366,0.086825,0.11411,0.96762,0.96762,0.96762,0.66686,0.63058,0.65429,0.61813,0.70778,0.66273,0.79816,0.9722799999999999,0.11411,0.0,0.0,5e-06,5.65e-20,3.1,3.1
1668.0,0.081559,0.089956,0.086405,0.11355,0.96762,0.96762,0.96762,0.67055,0.64349,0.66121,0.60933,0.70034,0.65465,0.79772,0.9722,0.11355,0.0,0.0,5e-06,5.65e-20,3.1,3.1
1668.8,0.080071,0.090074,0.085479,0.11233,0.96763,0.96763,0.96763,0.67093,0.65414,0.66524,0.60053,0.69289,0.64658,0.79729,0.97212,0.11233,0.0,0.0,5e-06,5.65e-20,3.1,3.1
1669.6,0.07859,0.090153,0.084543,0.1111,0.96762,0.96762,0.96762,0.67131,0.66479,0.66927,0.59173,0.68545,0.6385,0.79685,0.97204,0.1111,0.0,0.0,5e-06,5.65e-20,3.1,3.1
1670.4,0.077146,0.09023,0.083629,0.1099,0.96761,0.96761,0.96761,0.67169,0.67544,0.67329,0.58293,0.67801,0.63042,0.79641,0.9729599999999999,0.1099,0.0,0.0,5e-06,5.65e-20,3.1,3.1
1671.2,0.07572,0.090284,0.082719,0.1087,0.96759,0.96759,0.96759,0.67207,0.68609,0.67732,0.57414,0.67057,0.62234,0.79597,0.97288,0.1087,0.0,0.0,5e-06,5.65e-20,3.1,3.1
1672.0,0.074247,0.090237,0.081741,0.10741,0.96756,0.96756,0.96756,0.67245,0.69674,0.68135,0.56534,0.66313,0.61426,0.79554,0.9728,0.10741,0.0,0.0,5e-06,5.65e-20,3.1,3.1
1672.8,0.072772,0.090141,0.080742,0.1061,0.96753,0.96753,0.96753,0.67282,0.70739,0.68538,0.55654,0.65569,0.60618,0.7951,0.97272,0.1061,0.0,0.0,5e-06,5.65e-20,3.1,3.1
1673.6,0.071338,0.090052,0.079772,0.10482,0.96749,0.96749,0.96749,0.6732,0.71804,0.68941,0.54774,0.64825,0.5981,0.79466,0.97264,0.10482,0.0,0.0,5e-06,5.65e-20,3.1,3.1
1674.4,0.067992,0.087354,0.076612,0.10067,0.96746,0.96746,0.96746,0.65281,0.7063,0.67235,0.54094,0.64236,0.59181,0.79423,0.97256,0.10067,0.0,0.0,5e-06,5.65e-20,3.1,3.1
1675.2,0.064427,0.084302,0.073177,0.096153,0.96742,0.96742,0.96742,0.62945,0.69136,0.65227,0.53443,0.63668,0.58577,0.79379,0.97248,0.096153,0.0,0.0,5e-06,5.65e-20,3.1,3.1
1676.0,0.060937,0.081288,0.069801,0.091715,0.96738,0.96738,0.96738,0.60609,0.67641,0.6322,0.52791,0.63101,0.57974,0.79335,0.9723999999999999,0.091715,0.0,0.0,5e-06,5.65e-20,3.1,3.1
1676.8,0.057604,0.078422,0.066579,0.08748,0.96734,0.96734,0.96734,0.58273,0.66147,0.61212,0.5214,0.62534,0.5737,0.79292,0.97232,0.08748,0.0,0.0,5e-06,5.65e-20,3.1,3.1
1677.6,0.054329,0.075573,0.063397,0.083298,0.96731,0.96731,0.96731,0.55938,0.64653,0.59205,0.51489,0.61966,0.56767,0.79248,0.97224,0.083298,0.0,0.0,5e-06,5.65e-20,3.1,3.1
1678.4,0.051125,0.072756,0.06027,0.079188,0.96728,0.96728,0.96728,0.53602,0.63159,0.57198,0.50837,0.61399,0.56163,0.79204,0.9721599999999999,0.079188,0.0,0.0,5e-06,5.65e-20,3.1,3.1
1679.2,0.048004,0.06999,0.057212,0.075168,0.96726,0.96726,0.96726,0.51266,0.61665,0.5519,0.50186,0.60832,0.5556,0.7916,0.9720799999999999,0.075168,0.0,0.0,5e-06,5.65e-20,3.1,3.1
1680.0,0.04498,0.067295,0.054241,0.071263,0.96724,0.96724,0.96724,0.4893,0.60171,0.53183,0.49535,0.60264,0.54956,0.79117,0.973,0.071263,0.0,0.0,5e-06,5.65e-20,3.1,3.1
1680.8,0.04174,0.063689,0.050823,0.066772,0.96723,0.96723,0.96723,0.46267,0.57809,0.50667,0.48883,0.59697,0.54353,0.79073,0.973,0.066772,0.0,0.0,5e-06,5.65e-20,3.1,3.1
1681.6,0.038563,0.060047,0.047436,0.062321,0.96724,0.96724,0.96724,0.43557,0.55323,0.48079,0.48232,0.5913,0.53749,0.79032,0.973,0.062321,0.0,0.0,5e-06,5.65e-20,3.1,3.1
1682.4,0.03549,0.056502,0.044147,0.057999,0.96725,0.96725,0.96725,0.40847,0.52836,0.45491,0.47581,0.58563,0.53145,0.78991,0.973,0.057999,0.0,0.0,5e-06,5.65e-20,3.1,3.1
1683.2,0.032509,0.053039,0.040944,0.05379,0.96726,0.96726,0.96726,0.38137,0.5035,0.42903,0.46929,0.57995,0.52542,0.7895,0.973,0.05379,0.0,0.0,5e-06,5.65e-20,3.1,3.1
1684.0,0.029606,0.049636,0.03781,0.049672,0.96729,0.96729,0.96729,0.35428,0.47864,0.40315,0.46278,0.57428,0.51938,0.78909,0.973,0.049672,0.0,0.0,5e-06,5.65e-20,3.1,3.1
1684.8,0.026815,0.046349,0.034789,0.045702,0.96731,0.96731,0.96731,0.32718,0.45378,0.37726,0.45627,0.56861,0.51335,0.78868,0.973,0.045702,0.0,0.0,5e-06,5.65e-20,3.1,3.1
1685.6,0.025813,0.045306,0.033719,0.044295,0.96735,0.96735,0.96735,0.30008,0.42892,0.35138,0.4814,0.59112,0.53702,0.78827,0.973,0.044295,0.0,0.0,5e-06,5.65e-20,3.1,3.1
1686.4,0.026111,0.046092,0.034155,0.044868,0.96739,0.96739,0.96739,0.27298,0.40406,0.3255,0.53819,0.64183,0.5904,0.78786,0.973,0.044868,0.0,0.0,5e-06,5.65e-20,3.1,3.1
1687.2,0.060216,0.058416,0.061542,0.080842,0.96744,0.96744,0.96744,0.57258,0.47722,0.54082,0.59497,0.69253,0.64379,0.78745,0.973,0.080842,0.0,0.0,5e-06,5.65e-20,3.1,3.1
1688.0,0.067141,0.06482,0.068138,0.089506,0.96749,0.96749,0.96749,0.58596,0.49608,0.55593,0.65176,0.74324,0.69717,0.78704,0.973,0.089506,0.0,0.0,5e-06,5.65e-20,3.1,3.1
1688.8,0.067428,0.066307,0.068861,0.090453,0.96754,0.96754,0.96754,0.59934,0.51494,0.57105,0.64344,0.73645,0.68967,0.78663,0.973,0.090453,0.0,0.0,5e-06,5.65e-20,3.1,3.1
1689.6,0.067675,0.067735,0.069539,0.091342,0.9676,0.9676,0.9676,0.61272,0.53381,0.58617,0.63512,0.72965,0.68217,0.78622,0.973,0.091342,0.0,0.0,5e-06,5.65e-20,3.1,3.1
1690.4,0.067884,0.069106,0.070172,0.092173,0.96766,0.96766,0.96766,0.6261,0.55267,0.60128,0.6268,0.72286,0.67467,0.78581,0.97304,0.092173,0.0,0.0,5e-06,5.65e-20,3.1,3.1
1691.2,0.068056,0.070422,0.070764,0.092948,0.96772,0.96772,0.96772,0.63948,0.57154,0.6164,0.61848,0.71607,0.66717,0.7854,0.97312,0.092948,0.0,0.0,5e-06,5.65e-20,3.1,3.1
1692.0,0.068193,0.071686,0.071316,0.093672,0.96779,0.96779,0.96779,0.65286,0.5904,0.63151,0.61016,0.70927,0.65967,0.78499,0.9732,0.093672,0.0,0.0,5e-06,5.65e-20,3.1,3.1
1692.8,0.068292,0.072895,0.071826,0.094339,0.96785,0.96785,0.96785,0.66624,0.60926,0.64663,0.60184,0.70248,0.65218,0.78458,0.9732799999999999,0.094339,0.0,0.0,5e-06,5.65e-20,3.1,3.1
1693.6,0.067203,0.073273,0.071247,0.093577,0.96791,0.96791,0.96791,0.66858,0.62191,0.65256,0.59352,0.69568,0.64468,0.78417,0.97336,0.093577,0.0,0.0,5e-06,5.65e-20,3.1,3.1
1694.4,0.065981,0.073533,0.070536,0.092642,0.96797,0.96797,0.96797,0.66934,0.63367,0.65718,0.5852,0.68889,0.63718,0.78376,0.97344,0.092642,0.0,0.0,5e-06,5.65e-20,3.1,3.1
1695.2,0.064796,0.073793,0.069849,0.091738,0.96802,0.96802,0.96802,0.6701,0.64543,0.66179,0.57688,0.6821,0.62968,0.78335,0.9735199999999999,0.091738,0.0,0.0,5e-06,5.65e-20,3.1,3.1
1696.0,0.06361,0.074012,0.069147,0.090814,0.96807,0.96807,0.96807,0.67086,0.65719,0.66641,0.56856,0.6753,0.62218,0.78294,0.9736,0.090814,0.0,0.0,5e-06,5.65e-20,3.1,3.1
1696.8,0.062417,0.074182,0.068421,0.089859,0.9681,0.9681,0.9681,0.67162,0.66894,0.67103,0.56024,0.66851,0.61468,0.78253,0.97368,0.089859,0.0,0.0,5e-06,5.65e-20,3.1,3.1
1697.6,0.061239,0.07433,0.067698,0.088907,0.96813,0.96813,0.96813,0.67238,0.6807,0.67564,0.55192,0.66172,0.60718,0.78212,0.97376,0.088907,0.0,0.0,5e-06,5.65e-20,3.1,3.1
1698.4,0.06008,0.074461,0.06698,0.087962,0.96815,0.96815,0.96815,0.67314,0.69246,0.68026,0.5436,0.65492,0.59968,0.78171,0.97384,0.087962,0.0,0.0,5e-06,5.65e-20,3.1,3.1
1699.2,0.058931,0.074565,0.066257,0.087012,0.96815,0.96815,0.96815,0.6739,0.70422,0.68488,0.53528,0.64813,0.59218,0.7813,0.97392,0.087012,0.0,0.0,5e-06,5.65e-20,3.1,3.1
1700.0,0.056632,0.073049,0.064194,0.084301,0.96815,0.96815,0.96815,0.65967,0.7,0.67437,0.52831,0.64221,0.5858,0.78089,0.973,0.084301,0.0,0.0,5e-06,5.65e-20,3.1,3.1
1700.8,0.053733,0.070653,0.061415,0.08065,0.96812,0.96812,0.96812,0.63644,0.68618,0.65479,0.52215,0.63681,0.58008,0.78048,0.973,0.08065,0.0,0.0,5e-06,5.65e-20,3.1,3.1
1701.6,0.050905,0.0683,0.058696,0.077078,0.96809,0.96809,0.96809,0.61322,0.67236,0.63521,0.51599,0.63141,0.57436,0.78007,0.973,0.077078,0.0,0.0,5e-06,5.65e-20,3.1,3.1
1702.4,0.048144,0.065985,0.056032,0.073578,0.96804,0.96804,0.96804,0.58999,0.65855,0.61563,0.50983,0.62601,0.56865,0.77966,0.973,0.073578,0.0,0.0,5e-06,5.65e-20,3.1,3.1
1703.2,0.045458,0.063718,0.053431,0.070161,0.96798,0.96798,0.96798,0.56676,0.64473,0.59605,0.50367,0.62061,0.56293,0.77925,0.973,0.070161,0.0,0.0,5e-06,5.65e-20,3.1,3.1
1704.0,0.04286,0.061522,0.050912,0.066852,0.96792,0.96792,0.96792,0.54353,0.63092,0.57646,0.49751,0.61522,0.55721,0.77885,0.973,0.066852,0.0,0.0,5e-06,5.65e-20,3.1,3.1
1704.8,0.040329,0.059364,0.048448,0.063615,0.96785,0.96785,0.96785,0.5203,0.6171,0.55688,0.49135,0.60982,0.5515,0.77844,0.973,0.063615,0.0,0.0,5e-06,5.65e-20,3.1,3.1
1705.6,0.037867,0.057252,0.046043,0.060456,0.96777,0.96777,0.96777,0.49707,0.60329,0.5373,0.4852,0.60442,0.54578,0.77803,0.973,0.060456,0.0,0.0,5e-06,5.65e-20,3.1,3.1
1706.4,0.035357,0.054742,0.043477,0.057087,0.96769,0.96769,0.96769,0.47234,0.58482,0.51518,0.47904,0.59902,0.54006,0.77762,0.973,0.057087,0.0,0.0,5e-06,5.65e-20,3.1,3.1
1707.2,0.032814,0.051869,0.040773,0.053535,0.96762,0.96762,0.96762,0.44609,0.56171,0.49053,0.47288,0.59362,0.53435,0.77721,0.973,0.053535,0.0,0.0,5e-06,5.65e-20,3.1,3.1
1708.0,0.030371,0.049104,0.038172,0.050118,0.96754,0.96754,0.96754,0.41985,0.53859,0.46588,0.46672,0.58823,0.52863,0.7768,0.973,0.050118,0.0,0.0,5e-06,5.65e-20,3.1,3.1
1708.8,0.027976,0.046365,0.035607,0.04675,0.96746,0.96746,0.96746,0.3936,0.51548,0.44123,0.46056,0.58283,0.52291,0.77639,0.973,0.04675,0.0,0.0,5e-06,5.65e-20,3.1,3.1
1709.6,0.025659,0.043701,0.033118,0.043481,0.96739,0.96739,0.96739,0.36736,0.49236,0.41658,0.4544,0.57743,0.5172,0.77598,0.973,0.043481,0.0,0.0,5e-06,5.65e-20,3.1,3.1
1710.4,0.023415,0.041106,0.030699,0.040304,0.96732,0.96732,0.96732,0.34111,0.46925,0.39193,0.44824,0.57203,0.51148,0.77557,0.973,0.040304,0.0,0.0,5e-06,5.65e-20,3.1,3.1
1711.2,0.021241,0.038576,0.028346,0.037215,0.96727,0.96727,0.96727,0.31487,0.44613,0.36728,0.44208,0.56663,0.50576,0.77516,0.973,0.037215,0.0,0.0,5e-06,5.65e-20,3.1,3.1
1712.0,0.021034,0.038517,0.028141,0.036944,0.96722,0.96722,0.96722,0.28862,0.42302,0.34263,0.47914,0.59865,0.54,0.77475,0.973,0.036944,0.0,0.0,5e-06,5.65e-20,3.1,3.1
1712.8,0.046159,0.044435,0.047553,0.062429,0.96717,0.96717,0.96717,0.56151,0.44868,0.52425,0.54214,0.65312,0.5982,0.77434,0.973,0.062429,0.0,0.0,5e-06,5.65e-20,3.1,3.1
1713.6,0.052543,0.049972,0.053471,0.070197,0.96713,0.96713,0.96713,0.57428,0.46709,0.53877,0.60513,0.70759,0.65641,0.77393,0.973,0.070197,0.0,0.0,5e-06,5.65e-20,3.1,3.1
1714.4,0.055998,0.053551,0.056888,0.074681,0.9671,0.9671,0.9671,0.58704,0.4855,0.55329,0.63266,0.73155,0.68192,0.77352,0.973,0.074681,0.0,0.0,5e-06,5.65e-20,3.1,3.1
1715.2,0.05636,0.054949,0.057625,0.075647,0.96708,0.96708,0.96708,0.59981,0.50391,0.56781,0.62473,0.72501,0.67474,0.77311,0.973,0.075647,0.0,0.0,5e-06,5.65e-20,3.1,3.1
1716.0,0.056738,0.056353,0.058377,0.076633,0.96706,0.96706,0.96706,0.61258,0.52232,0.58233,0.61679,0.71846,0.66757,0.7727,0.973,0.076633,0.0,0.0,5e-06,5.65e-20,3.1,3.1
1716.8,0.057037,0.057667,0.059046,0.077509,0.96705,0.96705,0.96705,0.62534,0.54072,0.59685,0.60886,0.71192,0.66039,0.77229,0.973,0.077509,0.0,0.0,5e-06,5.65e-20,3.1,3.1
1717.6,0.057325,0.058961,0.059702,0.078369,0.96704,0.96704,0.96704,0.63811,0.55913,0.61137,0.60092,0.70538,0.65321,0.77188,0.973,0.078369,0.0,0.0,5e-06,5.65e-20,3.1,3.1
1718.4,0.057604,0.060237,0.060348,0.079215,0.96704,0.96704,0.96704,0.65088,0.57754,0.62589,0.59299,0.69884,0.64603,0.77147,0.973,0.079215,0.0,0.0,5e-06,5.65e-20,3.1,3.1
1719.2,0.057875,0.061497,0.060985,0.08005,0.96705,0.96705,0.96705,0.66364,0.59595,0.64041,0.58505,0.69229,0.63886,0.77106,0.973,0.08005,0.0,0.0,5e-06,5.65e-20,3.1,3.1
1720.0,0.05726,0.062238,0.060843,0.079863,0.96706,0.96706,0.96706,0.66621,0.60941,0.64675,0.57712,0.68575,0.63168,0.77065,0.973,0.079863,0.0,0.0,5e-06,5.65e-20,3.1,3.1
1720.8,0.056478,0.062834,0.060537,0.079459,0.96708,0.96708,0.96708,0.66731,0.62216,0.65192,0.56919,0.67921,0.6245,0.77024,0.973,0.079459,0.0,0.0,5e-06,5.65e-20,3.1,3.1
1721.6,0.055733,0.063448,0.060262,0.079097,0.9671,0.9671,0.9671,0.66841,0.63491,0.65708,0.56125,0.67266,0.61733,0.76983,0.973,0.079097,0.0,0.0,5e-06,5.65e-20,3.1,3.1
1722.4,0.055012,0.064066,0.060005,0.078757,0.96713,0.96713,0.96713,0.66952,0.64766,0.66225,0.55332,0.66612,0.61015,0.76942,0.973,0.078757,0.0,0.0,5e-06,5.65e-20,3.1,3.1
1723.2,0.054291,0.06466,0.059738,0.078405,0.96716,0.96716,0.96716,0.67062,0.66041,0.66742,0.54538,0.65958,0.60297,0.76901,0.973,0.078405,0.0,0.0,5e-06,5.65e-20,3.1,3.1
1724.0,0.053537,0.06519,0.059425,0.077993,0.96719,0.96719,0.96719,0.67172,0.67316,0.67258,0.53745,0.65304,0.59579,0.7686,0.973,0.077993,0.0,0.0,5e-06,5.65e-20,3.1,3.1
1724.8,0.052835,0.065761,0.059162,0.077646,0.96722,0.96722,0.96722,0.67283,0.68591,0.67775,0.52951,0.64649,0.58862,0.76819,0.973,0.077646,0.0,0.0,5e-06,5.65e-20,3.1,3.1
1725.6,0.052136,0.066316,0.058895,0.077295,0.96725,0.96725,0.96725,0.67393,0.69866,0.68292,0.52158,0.63995,0.58144,0.76778,0.973,0.077295,0.0,0.0,5e-06,5.65e-20,3.1,3.1
1726.4,0.050648,0.065684,0.057679,0.075697,0.96728,0.96728,0.96728,0.66329,0.69832,0.67604,0.51474,0.63407,0.57514,0.76737,0.973,0.075697,0.0,0.0,5e-06,5.65e-20,3.1,3.1
1727.2,0.04839,0.063888,0.055533,0.072879,0.96731,0.96731,0.96731,0.6409,0.6849,0.65713,0.509,0.62884,0.56971,0.76696,0.973,0.072879,0.0,0.0,5e-06,5.65e-20,3.1,3.1
1728.0,0.046152,0.062086,0.053395,0.070072,0.96733,0.96733,0.96733,0.61852,0.67149,0.63821,0.50326,0.62361,0.56428,0.76655,0.973,0.070072,0.0,0.0,5e-06,5.65e-20,3.1,3.1
1728.8,0.044008,0.060381,0.051353,0.067391,0.96735,0.96735,0.96735,0.59614,0.65807,0.6193,0.49751,0.61838,0.55885,0.76614,0.973,0.067391,0.0,0.0,5e-06,5.65e-20,3.1,3.1
1729.6,0.041904,0.058703,0.049345,0.064755,0.96736,0.96736,0.96736,0.57375,0.64465,0.60038,0.49177,0.61315,0.55342,0.76573,0.973,0.064755,0.0,0.0,5e-06,5.65e-20,3.1,3.1
1730.4,0.039682,0.056823,0.047182,0.061915,0.96736,0.96736,0.96736,0.55137,0.63123,0.58147,0.48603,0.60792,0.54799,0.76277,0.97304,0.061915,0.0,0.0,5e-06,5.65e-20,3.1,3.1
1731.2,0.037492,0.054948,0.04504,0.059103,0.96736,0.96736,0.96736,0.52899,0.61782,0.56255,0.48029,0.6027,0.54256,0.75974,0.97312,0.059103,0.0,0.0,5e-06,5.65e-20,3.1,3.1
1732.0,0.035376,0.053138,0.042968,0.056383,0.96735,0.96735,0.96735,0.5066,0.6044,0.54364,0.47455,0.59747,0.53713,0.7567,0.9732,0.056383,0.0,0.0,5e-06,5.65e-20,3.1,3.1
1732.8,0.033312,0.051362,0.040941,0.053722,0.96734,0.96734,0.96734,0.48422,0.59098,0.52472,0.46881,0.59224,0.5317,0.75366,0.9732799999999999,0.053722,0.0,0.0,5e-06,5.65e-20,3.1,3.1
1733.6,0.031102,0.048888,0.038595,0.050643,0.96732,0.96732,0.96732,0.45879,0.56887,0.50094,0.46306,0.58701,0.52627,0.75062,0.97336,0.050643,0.0,0.0,5e-06,5.65e-20,3.1,3.1
1734.4,0.028934,0.046441,0.036284,0.04761,0.96729,0.96729,0.96729,0.43335,0.54675,0.47716,0.45732,0.58178,0.52084,0.74758,0.97344,0.04761,0.0,0.0,5e-06,5.65e-20,3.1,3.1
1735.2,0.026805,0.044017,0.034004,0.044617,0.96726,0.96726,0.96726,0.40792,0.52464,0.45339,0.45158,0.57655,0.51541,0.74454,0.9735199999999999,0.044617,0.0,0.0,5e-06,5.65e-20,3.1,3.1
1736.0,0.024728,0.041634,0.031771,0.041686,0.96722,0.96722,0.96722,0.38248,0.50253,0.42961,0.44584,0.57133,0.50998,0.7415,0.9736,0.041686,0.0,0.0,5e-06,5.65e-20,3.1,3.1
1736.8,0.022739,0.039354,0.02963,0.038876,0.96718,0.96718,0.96718,0.35705,0.48041,0.40583,0.4401,0.5661,0.50455,0.73846,0.97368,0.038876,0.0,0.0,5e-06,5.65e-20,3.1,3.1
1737.6,0.0208,0.037119,0.027536,0.036128,0.96713,0.96713,0.96713,0.33162,0.4583,0.38205,0.43435,0.56087,0.49912,0.73542,0.97376,0.036128,0.0,0.0,5e-06,5.65e-20,3.1,3.1
1738.4,0.018901,0.034906,0.025474,0.033422,0.96708,0.96708,0.96708,0.30618,0.43619,0.35827,0.42861,0.55564,0.49369,0.73238,0.97384,0.033422,0.0,0.0,5e-06,5.65e-20,3.1,3.1
1739.2,0.019058,0.035334,0.025681,0.033693,0.96702,0.96702,0.96702,0.28075,0.41407,0.3345,0.47282,0.59438,0.53478,0.72935,0.97392,0.033693,0.0,0.0,5e-06,5.65e-20,3.1,3.1
1740.0,0.044025,0.041801,0.045193,0.059291,0.96696,0.96696,0.96696,0.56237,0.44288,0.523,0.54701,0.65951,0.6038,0.72631,0.974,0.059291,0.0,0.0,5e-06,5.65e-20,3.1,3.1
1740.8,0.050984,0.047564,0.051565,0.067649,0.9669,0.9669,0.9669,0.57476,0.45966,0.53672,0.62119,0.72463,0.67281,0.72327,0.974,0.067649,0.0,0.0,5e-06,5.65e-20,3.1,3.1
1741.6,0.051313,0.048736,0.052201,0.068482,0.96684,0.96684,0.96684,0.58715,0.47645,0.55043,0.61368,0.71829,0.66594,0.72023,0.974,0.068482,0.0,0.0,5e-06,5.65e-20,3.1,3.1
1742.4,0.051609,0.049866,0.052801,0.069268,0.96677,0.96677,0.96677,0.59954,0.49323,0.56415,0.60617,0.71195,0.65908,0.71719,0.974,0.069268,0.0,0.0,5e-06,5.65e-20,3.1,3.1
1743.2,0.05188,0.050963,0.053374,0.070018,0.96671,0.96671,0.96671,0.61194,0.51002,0.57787,0.59866,0.70561,0.65221,0.71415,0.974,0.070018,0.0,0.0,5e-06,5.65e-20,3.1,3.1
1744.0,0.052121,0.052022,0.053916,0.070727,0.96664,0.96664,0.96664,0.62433,0.5268,0.59159,0.59115,0.69926,0.64535,0.71111,0.974,0.070727,0.0,0.0,5e-06,5.65e-20,3.1,3.1
1744.8,0.05235,0.053061,0.054444,0.071418,0.96658,0.96658,0.96658,0.63672,0.54358,0.6053,0.58364,0.69292,0.63848,0.70807,0.974,0.071418,0.0,0.0,5e-06,5.65e-20,3.1,3.1
1745.6,0.052546,0.054059,0.054937,0.072063,0.96652,0.96652,0.96652,0.64911,0.56037,0.61902,0.57613,0.68658,0.63162,0.70503,0.974,0.072063,0.0,0.0,5e-06,5.65e-20,3.1,3.1
1746.4,0.052701,0.055007,0.055385,0.07265,0.96647,0.96647,0.96647,0.6615,0.57715,0.63274,0.56862,0.68024,0.62475,0.702,0.974,0.07265,0.0,0.0,5e-06,5.65e-20,3.1,3.1
1747.2,0.052069,0.055434,0.055115,0.072294,0.96642,0.96642,0.96642,0.66423,0.5888,0.63849,0.56111,0.6739,0.61789,0.69896,0.974,0.072294,0.0,0.0,5e-06,5.65e-20,3.1,3.1
1748.0,0.051359,0.055803,0.054771,0.071842,0.96638,0.96638,0.96638,0.66558,0.59972,0.6431,0.5536,0.66756,0.61102,0.69592,0.974,0.071842,0.0,0.0,5e-06,5.65e-20,3.1,3.1
1748.8,0.050634,0.056135,0.054404,0.071359,0.96635,0.96635,0.96635,0.66693,0.61064,0.64771,0.54609,0.66121,0.60416,0.69288,0.974,0.071359,0.0,0.0,5e-06,5.65e-20,3.1,3.1
1749.6,0.0499,0.056433,0.054019,0.070852,0.96633,0.96633,0.96633,0.66828,0.62156,0.65233,0.53858,0.65487,0.59729,0.68984,0.974,0.070852,0.0,0.0,5e-06,5.65e-20,3.1,3.1
1750.4,0.049173,0.056718,0.053633,0.070344,0.96632,0.96632,0.96632,0.66963,0.63248,0.65694,0.53107,0.64853,0.59043,0.6868,0.97304,0.070344,0.0,0.0,5e-06,5.65e-20,3.1,3.1
1751.2,0.048459,0.056996,0.053254,0.069845,0.96632,0.96632,0.96632,0.67098,0.6434,0.66155,0.52356,0.64219,0.58356,0.68376,0.97312,0.069845,0.0,0.0,5e-06,5.65e-20,3.1,3.1
1752.0,0.047756,0.057266,0.052879,0.069353,0.96633,0.96633,0.96633,0.67233,0.65432,0.66617,0.51605,0.63585,0.57669,0.68072,0.9732,0.069353,0.0,0.0,5e-06,5.65e-20,3.1,3.1
1752.8,0.047008,0.057461,0.052447,0.068784,0.96634,0.96634,0.96634,0.67368,0.66524,0.67078,0.50854,0.62951,0.56983,0.67768,0.9732799999999999,0.068784,0.0,0.0,5e-06,5.65e-20,3.1,3.1
1753.6,0.045931,0.057167,0.051618,0.067696,0.96637,0.96637,0.96637,0.66922,0.67005,0.66955,0.50156,0.62347,0.56338,0.67464,0.97336,0.067696,0.0,0.0,5e-06,5.65e-20,3.1,3.1
1754.4,0.043846,0.055424,0.049589,0.065034,0.9664,0.9664,0.9664,0.64732,0.65655,0.65079,0.49616,0.61837,0.55817,0.67161,0.97344,0.065034,0.0,0.0,5e-06,5.65e-20,3.1,3.1
1755.2,0.041806,0.053713,0.047601,0.062425,0.96645,0.96645,0.96645,0.62543,0.64305,0.63202,0.49076,0.61326,0.55297,0.66857,0.9735199999999999,0.062425,0.0,0.0,5e-06,5.65e-20,3.1,3.1
1756.0,0.039795,0.052011,0.045634,0.059845,0.96649,0.96649,0.96649,0.60354,0.62955,0.61326,0.48537,0.60815,0.54776,0.66553,0.9736,0.059845,0.0,0.0,5e-06,5.65e-20,3.1,3.1
1756.8,0.037801,0.050304,0.043674,0.057273,0.96654,0.96654,0.96654,0.58165,0.61605,0.5945,0.47997,0.60304,0.54255,0.66249,0.97368,0.057273,0.0,0.0,5e-06,5.65e-20,3.1,3.1
1757.6,0.035873,0.048653,0.041777,0.054784,0.9666,0.9666,0.9666,0.55975,0.60255,0.57573,0.47457,0.59793,0.53735,0.65945,0.97376,0.054784,0.0,0.0,5e-06,5.65e-20,3.1,3.1
1758.4,0.033987,0.047032,0.039918,0.052345,0.96666,0.96666,0.96666,0.53786,0.58905,0.55697,0.46917,0.59283,0.53214,0.65641,0.97384,0.052345,0.0,0.0,5e-06,5.65e-20,3.1,3.1
1759.2,0.032141,0.045434,0.038092,0.049949,0.96672,0.96672,0.96672,0.51597,0.57555,0.53821,0.46378,0.58772,0.52693,0.65337,0.97392,0.049949,0.0,0.0,5e-06,5.65e-20,3.1,3.1
1760.0,0.030342,0.043871,0.036308,0.04761,0.96679,0.96679,0.96679,0.49408,0.56205,0.51944,0.45838,0.58261,0.52173,0.65033,0.974,0.04761,0.0,0.0,5e-06,5.65e-20,3.1,3.1
1760.8,0.028464,0.041999,0.034372,0.045069,0.96685,0.96685,0.96685,0.4708,0.54489,0.49859,0.45298,0.5775,0.51652,0.64729,0.974,0.045069,0.0,0.0,5e-06,5.65e-20,3.1,3.1
1761.6,0.026571,0.039916,0.032362,0.042433,0.96692,0.96692,0.96692,0.44613,0.52407,0.47564,0.44758,0.57239,0.51131,0.64426,0.974,0.042433,0.0,0.0,5e-06,5.65e-20,3.1,3.1
1762.4,0.024727,0.037879,0.030398,0.039858,0.96698,0.96698,0.96698,0.42147,0.50325,0.45269,0.44218,0.56729,0.50611,0.64122,0.974,0.039858,0.0,0.0,5e-06,5.65e-20,3.1,3.1
1763.2,0.022924,0.035871,0.028471,0.037329,0.96705,0.96705,0.96705,0.3968,0.48243,0.42974,0.43679,0.56218,0.5009,0.63818,0.974,0.037329,0.0,0.0,5e-06,5.65e-20,3.1,3.1
1764.0,0.021159,0.033892,0.026576,0.034845,0.9671,0.9671,0.9671,0.37214,0.46161,0.40679,0.43139,0.55707,0.49569,0.63514,0.974,0.034845,0.0,0.0,5e-06,5.65e-20,3.1,3.1
1764.8,0.019436,0.031946,0.02472,0.032411,0.96715,0.96715,0.96715,0.34747,0.44079,0.38384,0.42599,0.55196,0.49049,0.6321,0.974,0.032411,0.0,0.0,5e-06,5.65e-20,3.1,3.1
1765.6,0.01776,0.030042,0.022909,0.030035,0.9672,0.9672,0.9672,0.3228,0.41996,0.36089,0.42059,0.54685,0.48528,0.62906,0.974,0.030035,0.0,0.0,5e-06,5.65e-20,3.1,3.1
1766.4,0.016129,0.028175,0.021139,0.027714,0.96723,0.96723,0.96723,0.29814,0.39914,0.33794,0.41519,0.54175,0.48007,0.62602,0.974,0.027714,0.0,0.0,5e-06,5.65e-20,3.1,3.1
1767.2,0.016672,0.029012,0.021726,0.028484,0.96725,0.96725,0.96725,0.27347,0.37832,0.31499,0.46973,0.59086,0.53145,0.62298,0.974,0.028484,0.0,0.0,5e-06,5.65e-20,3.1,3.1
1768.0,0.04076,0.042097,0.042747,0.05604,0.96726,0.96726,0.96726,0.56266,0.48408,0.53598,0.56022,0.67251,0.61678,0.61994,0.974,0.05604,0.0,0.0,5e-06,5.65e-20,3.1,3.1
1768.8,0.044525,0.045799,0.046418,0.060852,0.96726,0.96726,0.96726,0.57468,0.50096,0.54959,0.60194,0.71027,0.65617,0.61691,0.974,0.060852,0.0,0.0,5e-06,5.65e-20,3.1,3.1
1769.6,0.044711,0.04671,0.046871,0.061444,0.96724,0.96724,0.96724,0.5867,0.51783,0.56321,0.59488,0.70414,0.64963,0.61387,0.974,0.061444,0.0,0.0,5e-06,5.65e-20,3.1,3.1
1770.4,,,,,0.9672,0.9672,0.9672,0.59873,0.5347,0.57683,0.58782,0.69801,0.64309,,0.975,,0.0,0.0,5e-06,5.65e-20,3.1,3.1
1771.2,,,,,0.96715,0.96715,0.96715,0.61075,0.55158,0.59045,0.58076,0.69188,0.63655,,0.975,,0.0,0.0,5e-06,5.65e-20,3.1,3.1
1772.0,,,,,0.96709,0.96709,0.96709,0.62277,0.56845,0.60406,0.5737,0.68575,0.63001,,0.975,,0.0,0.0,5e-06,5.65e-20,3.1,3.1
1772.8,,,,,0.96701,0.96701,0.96701,0.63479,0.58532,0.61768,0.56664,0.67962,0.62348,,0.975,,0.0,0.0,5e-06,5.65e-20,3.1,3.1
1773.6,,,,,0.96693,0.96693,0.96693,0.64681,0.6022,0.6313,0.55958,0.67349,0.61694,,0.975,,0.0,0.0,5e-06,5.65e-20,3.1,3.1
1774.4,,,,,0.96684,0.96684,0.96684,0.65884,0.61907,0.64492,0.55252,0.66736,0.6104,,0.975,,0.0,0.0,5e-06,5.65e-20,3.1,3.1
1775.2,,,,,0.96676,0.96676,0.96676,0.66168,0.62792,0.64987,0.54546,0.66123,0.60386,,0.975,,0.0,0.0,5e-06,5.65e-20,3.1,3.1
1776.0,,,,,0.96667,0.96667,0.96667,0.66321,0.63562,0.65358,0.5384,0.6551,0.59732,,0.975,,0.0,0.0,5e-06,5.65e-20,3.1,3.1
1776.8,,,,,0.96659,0.96659,0.96659,0.66474,0.64332,0.65729,0.53134,0.64897,0.59078,,0.975,,0.0,0.0,5e-06,5.65e-20,3.1,3.1
1777.6,,,,,0.96652,0.96652,0.96652,0.66626,0.65103,0.661,0.52428,0.64284,0.58424,,0.975,,0.0,0.0,5e-06,5.65e-20,3.1,3.1
1778.4,,,,,0.96646,0.96646,0.96646,0.66779,0.65873,0.66471,0.51722,0.63671,0.5777,,0.975,,0.0,0.0,5e-06,5.65e-20,3.1,3.1
1779.2,,,,,0.96642,0.96642,0.96642,0.66932,0.66643,0.66842,0.51016,0.63058,0.57116,,0.975,,0.0,0.0,5e-06,5.65e-20,3.1,3.1
1780.0,,,,,0.96639,0.96639,0.96639,0.67085,0.67413,0.67213,0.5031,0.62445,0.56463,,0.974,,0.0,0.0,5e-06,5.65e-20,3.1,3.1
1780.8,,,,,0.96639,0.96639,0.96639,0.67238,0.68183,0.67584,0.49604,0.61832,0.55809,,0.974,,0.0,0.0,5e-06,5.65e-20,3.1,3.1
1781.6,,,,,0.9664,0.9664,0.9664,0.67391,0.68954,0.67955,0.48898,0.61219,0.55155,,0.974,,0.0,0.0,5e-06,5.65e-20,3.1,3.1
1782.4,,,,,0.96643,0.96643,0.96643,0.6554,0.6781,0.66371,0.48368,0.60706,0.54637,,0.974,,0.0,0.0,5e-06,5.65e-20,3.1,3.1
1783.2,,,,,0.96647,0.96647,0.96647,0.63404,0.66393,0.64508,0.47864,0.60207,0.54139,,0.974,,0.0,0.0,5e-06,5.65e-20,3.1,3.1
1784.0,,,,,0.96652,0.96652,0.96652,0.61267,0.64976,0.62645,0.47359,0.59708,0.53642,,0.974,,0.0,0.0,5e-06,5.65e-20,3.1,3.1
1784.8,,,,,0.96658,0.96658,0.96658,0.5913,0.63559,0.60781,0.46855,0.5921,0.53144,,0.974,,0.0,0.0,5e-06,5.65e-20,3.1,3.1
1785.6,,,,,0.96664,0.96664,0.96664,0.56993,0.62142,0.58918,0.4635,0.58711,0.52646,,0.974,,0.0,0.0,5e-06,5.65e-20,3.1,3.1
1786.4,,,,,0.9667,0.9667,0.9667,0.54856,0.60724,0.57055,0.45846,0.58213,0.52148,,0.974,,0.0,0.0,5e-06,5.65e-20,3.1,3.1
1787.2,,,,,0.96677,0.96677,0.96677,0.5272,0.59307,0.55192,0.45341,0.57714,0.5165,,0.974,,0.0,0.0,5e-06,5.65e-20,3.1,3.1
1788.0,,,,,0.96683,0.96683,0.96683,0.50583,0.5789,0.53329,0.44837,0.57215,0.51152,,0.974,,0.0,0.0,5e-06,5.65e-20,3.1,3.1
1788.8,,,,,0.96688,0.96688,0.96688,0.48446,0.56473,0.51466,0.44332,0.56717,0.50654,,0.974,,0.0,0.0,5e-06,5.65e-20,3.1,3.1
1789.6,,,,,0.96692,0.96692,0.96692,0.46114,0.54468,0.49279,0.43827,0.56218,0.50156,,0.974,,0.0,0.0,5e-06,5.65e-20,3.1,3.1
1790.4,,,,,0.96695,0.96695,0.96695,0.43754,0.52378,0.47045,0.43323,0.55719,0.49658,,0.97404,,0.0,0.0,5e-06,5.65e-20,3.1,3.1
1791.2,,,,,0.96697,0.96697,0.96697,0.41394,0.50289,0.44812,0.42818,0.55221,0.49161,,0.97412,,0.0,0.0,5e-06,5.65e-20,3.1,3.1
1792.0,,,,,0.96698,0.96698,0.96698,0.39034,0.48199,0.42579,0.42314,0.54722,0.48663,,0.9742,,0.0,0.0,5e-06,5.65e-20,3.1,3.1
1792.8,,,,,0.96698,0.96698,0.96698,0.36674,0.46109,0.40346,0.41809,0.54224,0.48165,,0.9742799999999999,,0.0,0.0,5e-06,5.65e-20,3.1,3.1
1793.6,,,,,0.96697,0.96697,0.96697,0.34314,0.4402,0.38112,0.41305,0.53725,0.47667,,0.97436,,0.0,0.0,5e-06,5.65e-20,3.1,3.1
1794.4,,,,,0.96696,0.96696,0.96696,0.31954,0.4193,0.35879,0.408,0.53226,0.47169,,0.97444,,0.0,0.0,5e-06,5.65e-20,3.1,3.1
1795.2,,,,,0.96695,0.96695,0.96695,0.29594,0.39841,0.33646,0.40295,0.52728,0.46671,,0.9745199999999999,,0.0,0.0,5e-06,5.65e-20,3.1,3.1
1796.0,,,,,0.96693,0.96693,0.96693,0.27234,0.37751,0.31412,0.44722,0.56843,0.50908,,0.9746,,0.0,0.0,5e-06,5.65e-20,3.1,3.1
1796.8,,,,,0.96691,0.96691,0.96691,0.55919,0.47245,0.5298,0.57366,0.68648,0.63036,,0.97468,,0.0,0.0,5e-06,5.65e-20,3.1,3.1
1797.6,,,,,0.96689,0.96689,0.96689,0.57091,0.48841,0.54289,0.58366,0.69602,0.64005,,0.97476,,0.0,0.0,5e-06,5.65e-20,3.1,3.1
1798.4,,,,,0.96688,0.96688,0.96688,0.58263,0.50437,0.55599,0.57701,0.69005,0.63379,,0.97484,,0.0,0.0,5e-06,5.65e-20,3.1,3.1
1799.2,,,,,0.96687,0.96687,0.96687,0.59435,0.52033,0.56908,0.57037,0.68408,0.62753,,0.97492,,0.0,0.0,5e-06,5.65e-20,3.1,3.1
1800.0,,,,,0.96687,0.96687,0.96687,0.60607,0.53628,0.58217,0.56372,0.67811,0.62128,,0.974,,0.0,0.0,5e-06,5.65e-20,3.1,3.1
1800.8,,,,,0.96688,0.96688,0.96688,0.61779,0.55224,0.59526,0.55707,0.67214,0.61502,,0.974,,0.0,0.0,5e-06,5.65e-20,3.1,3.1
1801.6,,,,,0.96689,0.96689,0.96689,0.62951,0.5682,0.60836,0.55043,0.66617,0.60877,,0.974,,0.0,0.0,5e-06,5.65e-20,3.1,3.1
1802.4,,,,,0.96691,0.96691,0.96691,0.64123,0.58416,0.62145,0.54378,0.6602,0.60251,,0.974,,0.0,0.0,5e-06,5.65e-20,3.1,3.1
1803.2,,,,,0.96694,0.96694,0.96694,0.65295,0.60012,0.63454,0.53714,0.65423,0.59625,,0.974,,0.0,0.0,5e-06,5.65e-20,3.1,3.1
1804.0,,,,,0.96696,0.96696,0.96696,0.6584,0.61096,0.64184,0.53049,0.64826,0.59,,0.974,,0.0,0.0,5e-06,5.65e-20,3.1,3.1
1804.8,,,,,0.96699,0.96699,0.96699,0.66011,0.61875,0.64568,0.52385,0.64229,0.58374,,0.974,,0.0,0.0,5e-06,5.65e-20,3.1,3.1
1805.6,,,,,0.96702,0.96702,0.96702,0.66181,0.62653,0.64951,0.5172,0.63633,0.57749,,0.974,,0.0,0.0,5e-06,5.65e-20,3.1,3.1
1806.4,,,,,0.96705,0.96705,0.96705,0.66351,0.63432,0.65334,0.51056,0.63036,0.57123,,0.974,,0.0,0.0,5e-06,5.65e-20,3.1,3.1
1807.2,,,,,0.96708,0.96708,0.96708,0.66522,0.6421,0.65717,0.50391,0.62439,0.56497,,0.974,,0.0,0.0,5e-06,5.65e-20,3.1,3.1
1808.0,,,,,0.9671,0.9671,0.9671,0.66692,0.64988,0.661,0.49727,0.61842,0.55872,,0.974,,0.0,0.0,5e-06,5.65e-20,3.1,3.1
1808.8,,,,,0.96712,0.96712,0.96712,0.66862,0.65767,0.66483,0.49062,0.61245,0.55246,,0.974,,0.0,0.0,5e-06,5.65e-20,3.1,3.1
1809.6,,,,,0.96713,0.96713,0.96713,0.67032,0.66545,0.66866,0.48398,0.60648,0.54621,,0.974,,0.0,0.0,5e-06,5.65e-20,3.1,3.1
1810.4,,,,,0.96714,0.96714,0.96714,0.67203,0.67324,0.6725,0.47733,0.60051,0.53995,,0.974,,0.0,0.0,5e-06,5.65e-20,3.1,3.1
1811.2,,,,,0.96713,0.96713,0.96713,0.66526,0.67313,0.66814,0.47141,0.5949,0.53422,,0.974,,0.0,0.0,5e-06,5.65e-20,3.1,3.1
1812.0,,,,,0.96712,0.96712,0.96712,0.64438,0.65989,0.65014,0.46668,0.58989,0.52937,,0.974,,0.0,0.0,5e-06,5.65e-20,3.1,3.1
1812.8,,,,,0.96711,0.96711,0.96711,0.62351,0.64664,0.63214,0.46195,0.58487,0.52452,,0.974,,0.0,0.0,5e-06,5.65e-20,3.1,3.1
1813.6,,,,,0.96709,0.96709,0.96709,0.60263,0.6334,0.61414,0.45723,0.57986,0.51968,,0.974,,0.0,0.0,5e-06,5.65e-20,3.1,3.1
1814.4,,,,,0.96707,0.96707,0.96707,0.58175,0.62015,0.59614,0.4525,0.57485,0.51483,,0.974,,0.0,0.0,5e-06,5.65e-20,3.1,3.1
1815.2,,,,,0.96705,0.96705,0.96705,0.56088,0.60691,0.57815,0.44777,0.56983,0.50998,,0.974,,0.0,0.0,5e-06,5.65e-20,3.1,3.1
1816.0,,,,,0.96703,0.96703,0.96703,0.54,0.59366,0.56015,0.44304,0.56482,0.50513,,0.974,,0.0,0.0,5e-06,5.65e-20,3.1,3.1
1816.8,,,,,0.96702,0.96702,0.96702,0.51912,0.58042,0.54215,0.43832,0.55981,0.50028,,0.974,,0.0,0.0,5e-06,5.65e-20,3.1,3.1
1817.6,,,,,0.96701,0.96701,0.96701,0.49825,0.56717,0.52415,0.43359,0.55479,0.49543,,0.974,,0.0,0.0,5e-06,5.65e-20,3.1,3.1
1818.4,,,,,0.96701,0.96701,0.96701,0.47715,0.55306,0.50571,0.42886,0.54978,0.49059,,0.974,,0.0,0.0,5e-06,5.65e-20,3.1,3.1
1819.2,,,,,0.96702,0.96702,0.96702,0.45452,0.53289,0.48422,0.42414,0.54477,0.48574,,0.974,,0.0,0.0,5e-06,5.65e-20,3.1,3.1
1820.0,,,,,0.96704,0.96704,0.96704,0.43189,0.51272,0.46273,0.41941,0.53975,0.48089,,0.974,,0.0,0.0,5e-06,5.65e-20,3.1,3.1
1820.8,,,,,0.96707,0.96707,0.96707,0.40927,0.49256,0.44124,0.41468,0.53474,0.47604,,0.97408,,0.0,0.0,5e-06,5.65e-20,3.1,3.1
1821.6,,,,,0.96711,0.96711,0.96711,0.38664,0.47239,0.41975,0.40996,0.52973,0.47119,,0.9741599999999999,,0.0,0.0,5e-06,5.65e-20,3.1,3.1
1822.4,,,,,0.96716,0.96716,0.96716,0.36401,0.45222,0.39826,0.40523,0.52471,0.46634,,0.97424,,0.0,0.0,5e-06,5.65e-20,3.1,3.1
1823.2,,,,,0.96721,0.96721,0.96721,0.34138,0.43205,0.37677,0.4005,0.5197,0.4615,,0.97432,,0.0,0.0,5e-06,5.65e-20,3.1,3.1
1824.0,,,,,0.96727,0.96727,0.96727,0.31875,0.41189,0.35528,0.39577,0.51469,0.45665,,0.9743999999999999,,0.0,0.0,5e-06,5.65e-20,3.1,3.1
1824.8,,,,,0.96734,0.96734,0.96734,0.29613,0.39172,0.33379,0.39105,0.50967,0.4518,,0.97448,,0.0,0.0,5e-06,5.65e-20,3.1,3.1
1825.6,,,,,0.96741,0.96741,0.96741,0.2735,0.37155,0.3123,0.38632,0.50466,0.44695,,0.97456,,0.0,0.0,5e-06,5.65e-20,3.1,3.1
1826.4,,,,,0.96748,0.96748,0.96748,0.55498,0.47684,0.52832,0.57312,0.68815,0.63093,,0.97464,,0.0,0.0,5e-06,5.65e-20,3.1,3.1
1827.2,,,,,0.96754,0.96754,0.96754,0.56645,0.49243,0.54114,0.56686,0.6822,0.62486,,0.97472,,0.0,0.0,5e-06,5.65e-20,3.1,3.1
1828.0,,,,,0.96761,0.96761,0.96761,0.57791,0.50801,0.55396,0.56059,0.67625,0.6188,,0.9748,,0.0,0.0,5e-06,5.65e-20,3.1,3.1
1828.8,,,,,0.96767,0.96767,0.96767,0.58937,0.5236,0.56678,0.55433,0.6703,0.61273,,0.97488,,0.0,0.0,5e-06,5.65e-20,3.1,3.1
1829.6,,,,,0.96772,0.96772,0.96772,0.60084,0.53919,0.5796,0.54807,0.66435,0.60666,,0.9749599999999999,,0.0,0.0,5e-06,5.65e-20,3.1,3.1
1830.4,,,,,0.96777,0.96777,0.96777,0.6123,0.55478,0.59243,0.5418,0.65839,0.60059,,0.974,,0.0,0.0,5e-06,5.65e-20,3.1,3.1
1831.2,,,,,0.96781,0.96781,0.96781,0.62377,0.57037,0.60525,0.53554,0.65244,0.59453,,0.974,,0.0,0.0,5e-06,5.65e-20,3.1,3.1
1832.0,,,,,0.96785,0.96785,0.96785,0.63523,0.58596,0.61807,0.52928,0.64649,0.58846,,0.974,,0.0,0.0,5e-06,5.65e-20,3.1,3.1
1832.8,,,,,0.96787,0.96787,0.96787,0.64669,0.60155,0.63089,0.52301,0.64054,0.58239,,0.974,,0.0,0.0,5e-06,5.65e-20,3.1,3.1
1833.6,,,,,0.96789,0.96789,0.96789,0.65574,0.61522,0.6415,0.51675,0.63459,0.57632,,0.974,,0.0,0.0,5e-06,5.65e-20,3.1,3.1
1834.4,,,,,0.96791,0.96791,0.96791,0.65753,0.62315,0.64547,0.51049,0.62864,0.57026,,0.974,,0.0,0.0,5e-06,5.65e-20,3.1,3.1
1835.2,,,,,0.96791,0.96791,0.96791,0.65933,0.63108,0.64944,0.50422,0.62269,0.56419,,0.974,,0.0,0.0,5e-06,5.65e-20,3.1,3.1
1836.0,,,,,0.96791,0.96791,0.96791,0.66112,0.63901,0.65341,0.49796,0.61674,0.55812,,0.974,,0.0,0.0,5e-06,5.65e-20,3.1,3.1
1836.8,,,,,0.96791,0.96791,0.96791,0.66292,0.64694,0.65738,0.4917,0.61079,0.55205,,0.974,,0.0,0.0,5e-06,5.65e-20,3.1,3.1
1837.6,,,,,0.9679,0.9679,0.9679,0.66472,0.65486,0.66135,0.48543,0.60484,0.54599,,0.974,,0.0,0.0,5e-06,5.65e-20,3.1,3.1
1838.4,,,,,0.96789,0.96789,0.96789,0.66651,0.66279,0.66532,0.47917,0.59888,0.53992,,0.974,,0.0,0.0,5e-06,5.65e-20,3.1,3.1
1839.2,,,,,0.96787,0.96787,0.96787,0.66831,0.67072,0.66929,0.47291,0.59293,0.53385,,0.974,,0.0,0.0,5e-06,5.65e-20,3.1,3.1
1840.0,,,,,0.96785,0.96785,0.96785,0.6701,0.67865,0.67326,0.46664,0.58698,0.52778,,0.975,,0.0,0.0,5e-06,5.65e-20,3.1,3.1
1840.8,,,,,0.96782,0.96782,0.96782,0.6719,0.68658,0.67723,0.46038,0.58103,0.52172,,0.97492,,0.0,0.0,5e-06,5.65e-20,3.1,3.1
1841.6,,,,,0.9678,0.9678,0.9678,0.65998,0.68124,0.66777,0.45528,0.57583,0.51659,,0.97484,,0.0,0.0,5e-06,5.65e-20,3.1,3.1
1842.4,,,,,0.96777,0.96777,0.96777,0.63984,0.66794,0.65024,0.45087,0.57107,0.51204,,0.97476,,0.0,0.0,5e-06,5.65e-20,3.1,3.1
1843.2,,,,,0.96774,0.96774,0.96774,0.6197,0.65464,0.63272,0.44646,0.56631,0.50748,,0.97468,,0.0,0.0,5e-06,5.65e-20,3.1,3.1
1844.0,,,,,0.96771,0.96771,0.96771,0.59956,0.64134,0.61519,0.44206,0.56155,0.50293,,0.9746,,0.0,0.0,5e-06,5.65e-20,3.1,3.1
1844.8,,,,,0.96769,0.96769,0.96769,0.57942,0.62804,0.59767,0.43765,0.55679,0.49837,,0.9745199999999999,,0.0,0.0,5e-06,5.65e-20,3.1,3.1
1845.6,,,,,0.96766,0.96766,0.96766,0.55928,0.61474,0.58014,0.43325,0.55203,0.49382,,0.97444,,0.0,0.0,5e-06,5.65e-20,3.1,3.1
1846.4,,,,,0.96765,0.96765,0.96765,0.53914,0.60145,0.56262,0.42884,0.54727,0.48926,,0.97436,,0.0,0.0,5e-06,5.65e-20,3.1,3.1
1847.2,,,,,0.96763,0.96763,0.96763,0.519,0.58815,0.54509,0.42443,0.54251,0.48471,,0.9742799999999999,,0.0,0.0,5e-06,5.65e-20,3.1,3.1
1848.0,,,,,0.96762,0.96762,0.96762,0.49886,0.57485,0.52757,0.42003,0.53775,0.48015,,0.9742,,0.0,0.0,5e-06,5.65e-20,3.1,3.1
1848.8,,,,,0.96762,0.96762,0.96762,0.47872,0.56155,0.51004,0.41562,0.53299,0.4756,,0.97412,,0.0,0.0,5e-06,5.65e-20,3.1,3.1
1849.6,,,,,0.96763,0.96763,0.96763,0.45641,0.54147,0.4888,0.41121,0.52823,0.47104,,0.97404,,0.0,0.0,5e-06,5.65e-20,3.1,3.1
1850.4,,,,,0.96765,0.96765,0.96765,0.4341,0.5214,0.46756,0.40681,0.52347,0.46649,,0.9739599999999999,,0.0,0.0,5e-06,5.65e-20,3.1,3.1
1851.2,,,,,0.96768,0.96768,0.96768,0.41179,0.50132,0.44632,0.4024,0.51871,0.46194,,0.97388,,0.0,0.0,5e-06,5.65e-20,3.1,3.1
1852.0,,,,,0.96771,0.96771,0.96771,0.38949,0.48125,0.42508,0.398,0.51395,0.45738,,0.9738,,0.0,0.0,5e-06,5.65e-20,3.1,3.1
1852.8,,,,,0.96775,0.96775,0.96775,0.36718,0.46117,0.40385,0.39359,0.50919,0.45283,,0.97372,,0.0,0.0,5e-06,5.65e-20,3.1,3.1
1853.6,,,,,0.9678,0.9678,0.9678,0.34487,0.4411,0.38261,0.38918,0.50443,0.44827,,0.97364,,0.0,0.0,5e-06,5.65e-20,3.1,3.1
1854.4,,,,,0.96785,0.96785,0.96785,0.32256,0.42102,0.36137,0.38478,0.49967,0.44372,,0.97356,,0.0,0.0,5e-06,5.65e-20,3.1,3.1
1855.2,,,,,0.96789,0.96789,0.96789,0.30025,0.40094,0.34013,0.38037,0.49491,0.43916,,0.97348,,0.0,0.0,5e-06,5.65e-20,3.1,3.1
1856.0,,,,,0.96794,0.96794,0.96794,0.27794,0.38087,0.31889,0.37596,0.49015,0.43461,,0.9733999999999999,,0.0,0.0,5e-06,5.65e-20,3.1,3.1
1856.8,,,,,0.96798,0.96798,0.96798,0.54868,0.47014,0.52184,0.55642,0.6722,0.61466,,0.97332,,0.0,0.0,5e-06,5.65e-20,3.1,3.1
1857.6,,,,,0.96802,0.96802,0.96802,0.55964,0.48567,0.53432,0.55055,0.66611,0.6087,,0.97324,,0.0,0.0,5e-06,5.65e-20,3.1,3.1
1858.4,,,,,0.96805,0.96805,0.96805,0.5706,0.5012,0.5468,0.54467,0.66002,0.60275,,0.9731599999999999,,0.0,0.0,5e-06,5.65e-20,3.1,3.1
1859.2,,,,,0.96807,0.96807,0.96807,0.58156,0.51674,0.55928,0.5388,0.65393,0.59679,,0.97308,,0.0,0.0,5e-06,5.65e-20,3.1,3.1
1860.0,,,,,0.96809,0.96809,0.96809,0.59252,0.53227,0.57175,0.53293,0.64784,0.59084,,0.974,,0.0,0.0,5e-06,5.65e-20,3.1,3.1
1860.8,,,,,0.96809,0.96809,0.96809,0.60348,0.5478,0.58423,0.52706,0.64175,0.58488,,0.974,,0.0,0.0,5e-06,5.65e-20,3.1,3.1
1861.6,,,,,0.96808,0.96808,0.96808,0.61443,0.56333,0.59671,0.52118,0.63565,0.57893,,0.974,,0.0,0.0,5e-06,5.65e-20,3.1,3.1
1862.4,,,,,0.96806,0.96806,0.96806,0.62539,0.57886,0.60919,0.51531,0.62956,0.57297,,0.974,,0.0,0.0,5e-06,5.65e-20,3.1,3.1
1863.2,,,,,0.96805,0.96805,0.96805,0.63635,0.59439,0.62166,0.50944,0.62347,0.56702,,0.974,,0.0,0.0,5e-06,5.65e-20,3.1,3.1
1864.0,,,,,0.96803,0.96803,0.96803,0.64731,0.60992,0.63414,0.50357,0.61738,0.56106,,0.974,,0.0,0.0,5e-06,5.65e-20,3.1,3.1
1864.8,,,,,0.96801,0.96801,0.96801,0.65372,0.62138,0.64229,0.49769,0.61129,0.5551,,0.974,,0.0,0.0,5e-06,5.65e-20,3.1,3.1
1865.6,,,,,0.96799,0.96799,0.96799,0.65557,0.62876,0.64612,0.49182,0.6052,0.54915,,0.974,,0.0,0.0,5e-06,5.65e-20,3.1,3.1
1866.4,,,,,0.96798,0.96798,0.96798,0.65743,0.63615,0.64995,0.48595,0.59911,0.54319,,0.974,,0.0,0.0,5e-06,5.65e-20,3.1,3.1
1867.2,,,,,0.96798,0.96798,0.96798,0.65929,0.64353,0.65378,0.48008,0.59302,0.53724,,0.974,,0.0,0.0,5e-06,5.65e-20,3.1,3.1
1868.0,,,,,0.96799,0.96799,0.96799,0.66114,0.65091,0.65761,0.4742,0.58693,0.53128,,0.974,,0.0,0.0,5e-06,5.65e-20,3.1,3.1
1868.8,,,,,0.96801,0.96801,0.96801,0.663,0.6583,0.66144,0.46833,0.58084,0.52533,,0.974,,0.0,0.0,5e-06,5.65e-20,3.1,3.1
1869.6,,,,,0.96805,0.96805,0.96805,0.66486,0.66568,0.66527,0.46246,0.57475,0.51937,,0.974,,0.0,0.0,5e-06,5.65e-20,3.1,3.1
1870.4,,,,,0.96811,0.96811,0.96811,0.66671,0.67306,0.6691,0.45659,0.56866,0.51341,,0.97304,,0.0,0.0,5e-06,5.65e-20,3.1,3.1
1871.2,,,,,0.96818,0.96818,0.96818,0.66857,0.68045,0.67293,0.45071,0.56256,0.50746,,0.97312,,0.0,0.0,5e-06,5.65e-20,3.1,3.1
1872.0,,,,,0.96827,0.96827,0.96827,0.67042,0.68783,0.67676,0.44484,0.55647,0.5015,,0.9732,,0.0,0.0,5e-06,5.65e-20,3.1,3.1
1872.8,,,,,0.96837,0.96837,0.96837,0.65882,0.68223,0.66741,0.44567,0.55729,0.50232,,0.9732799999999999,,0.0,0.0,5e-06,5.65e-20,3.1,3.1
1873.6,,,,,0.96848,0.96848,0.96848,0.63915,0.66884,0.65014,0.45051,0.56224,0.5072,,0.97336,,0.0,0.0,5e-06,5.65e-20,3.1,3.1
1874.4,,,,,0.9686,0.9686,0.9686,0.61947,0.65544,0.63287,0.45536,0.5672,0.51207,,0.97344,,0.0,0.0,5e-06,5.65e-20,3.1,3.1
1875.2,,,,,0.96871,0.96871,0.96871,0.59979,0.64205,0.6156,0.4602,0.57216,0.51695,,0.9735199999999999,,0.0,0.0,5e-06,5.65e-20,3.1,3.1
1876.0,,,,,0.96883,0.96883,0.96883,0.58012,0.62866,0.59834,0.46505,0.57711,0.52183,,0.9736,,0.0,0.0,5e-06,5.65e-20,3.1,3.1
1876.8,,,,,0.96893,0.96893,0.96893,0.56044,0.61526,0.58107,0.4699,0.58207,0.52671,,0.97368,,0.0,0.0,5e-06,5.65e-20,3.1,3.1
1877.6,,,,,0.96903,0.96903,0.96903,0.54077,0.60187,0.5638,0.47474,0.58702,0.53158,,0.97376,,0.0,0.0,5e-06,5.65e-20,3.1,3.1
1878.4,,,,,0.96912,0.96912,0.96912,0.52109,0.58848,0.54653,0.47959,0.59198,0.53646,,0.97384,,0.0,0.0,5e-06,5.65e-20,3.1,3.1
1879.2,,,,,0.96919,0.96919,0.96919,0.50141,0.57508,0.52926,0.48443,0.59694,0.54134,,0.97392,,0.0,0.0,5e-06,5.65e-20,3.1,3.1
1880.0,,,,,0.96924,0.96924,0.96924,0.48174,0.56169,0.512,0.48928,0.60189,0.54622,,0.974,,0.0,0.0,5e-06,5.65e-20,3.1,3.1
1880.8,,,,,0.96927,0.96927,0.96927,0.46095,0.54392,0.49251,0.49412,0.60685,0.55109,,0.974,,0.0,0.0,5e-06,5.65e-20,3.1,3.1
1881.6,,,,,0.96928,0.96928,0.96928,0.43978,0.5247,0.47228,0.49897,0.6118,0.55597,,0.974,,0.0,0.0,5e-06,5.65e-20,3.1,3.1
1882.4,,,,,0.96927,0.96927,0.96927,0.41862,0.50548,0.45206,0.50381,0.61676,0.56085,,0.974,,0.0,0.0,5e-06,5.65e-20,3.1,3.1
1883.2,,,,,0.96925,0.96925,0.96925,0.39745,0.48626,0.43183,0.50866,0.62172,0.56573,,0.974,,0.0,0.0,5e-06,5.65e-20,3.1,3.1
1884.0,,,,,0.96922,0.96922,0.96922,0.37629,0.46704,0.4116,0.51351,0.62667,0.5706,,0.974,,0.0,0.0,5e-06,5.65e-20,3.1,3.1
1884.8,,,,,0.96918,0.96918,0.96918,0.35512,0.44781,0.39137,0.51835,0.63163,0.57548,,0.974,,0.0,0.0,5e-06,5.65e-20,3.1,3.1
1885.6,,,,,0.96914,0.96914,0.96914,0.33396,0.42859,0.37115,0.5232,0.63658,0.58036,,0.974,,0.0,0.0,5e-06,5.65e-20,3.1,3.1
1886.4,,,,,0.96911,0.96911,0.96911,0.31279,0.40937,0.35092,0.52804,0.64154,0.58524,,0.974,,0.0,0.0,5e-06,5.65e-20,3.1,3.1
1887.2,,,,,0.96907,0.96907,0.96907,0.29163,0.39015,0.33069,0.53289,0.6465,0.59011,,0.974,,0.0,0.0,5e-06,5.65e-20,3.1,3.1
1888.0,,,,,0.96904,0.96904,0.96904,0.27046,0.37093,0.31047,0.53773,0.65145,0.59499,,0.974,,0.0,0.0,5e-06,5.65e-20,3.1,3.1
