Wave,TAU_spectr_S,TAU_spectr_P,TAU_spectrpol,TAU_spectr,dichro_RHO,coat_Rs,coat_Rp,coat_R,echelle_Rs,echelle_Rp,echelle_R,CD_Rs,CD_Rp,CD_R,dDOPED_QE,R_percent,EFF,Read Noise,Sky,Dark,BEF,Disp_Width,XDisp_Width
234.1,,,,,0.72111,0.92577,0.92577,0.92577,,,,,,,0.48901,0.8672799999999999,,0.0,0.0,5e-06,5.65e-20,3.1,3.1
234.3,,,,,0.73654,0.92577,0.92577,0.92577,0.55265,0.43899,0.51417,,,,0.48583,0.86744,,0.0,0.0,5e-06,5.65e-20,3.1,3.1
234.5,,,,,0.75197,0.92577,0.92577,0.92577,0.56091,0.45222,0.52397,,,,0.48284,0.8676,,0.0,0.0,5e-06,5.65e-20,3.1,3.1
234.7,,,,,0.7674,0.92577,0.92577,0.92577,0.56916,0.46545,0.53378,,,,0.48004,0.86776,,0.0,0.0,5e-06,5.65e-20,3.1,3.1
234.9,,,,,0.78283,0.92577,0.92577,0.92577,0.57742,0.47868,0.54358,,,,0.47746,0.86792,,0.0,0.0,5e-06,5.65e-20,3.1,3.1
235.1,,,,,0.79631,0.92577,0.92577,0.92577,0.58568,0.4919,0.55338,,,,0.47512,0.8680599999999999,,0.0,0.0,5e-06,5.65e-20,3.1,3.1
235.3,,,,,0.80783,0.92577,0.92577,0.92577,0.57298,0.48669,0.54318,,,,0.47303,0.86818,,0.0,0.0,5e-06,5.65e-20,3.1,3.1
235.5,,,,,0.81935,0.92577,0.92577,0.92577,0.55505,0.47686,0.52797,,,,0.47122,0.8683,,0.0,0.0,5e-06,5.65e-20,3.1,3.1
235.7,,,,,0.83087,0.92577,0.92577,0.92577,0.53712,0.46703,0.51276,,,,0.4697,0.86842,,0.0,0.0,5e-06,5.65e-20,3.1,3.1
235.9,,,,,0.84239,0.92577,0.92577,0.92577,0.51919,0.45721,0.49756,,,,0.4685,0.86854,,0.0,0.0,5e-06,5.65e-20,3.1,3.1
236.1,0.074133,0.053464,0.047813,0.06598,0.8497,0.92577,0.92577,0.92577,0.50126,0.44738,0.48235,0.46913,0.37907,0.4339,0.46762,0.86866,0.06598,0.0,0.0,5e-06,5.65e-20,3.1,3.1
236.3,0.080558,0.059905,0.052485,0.072422,0.8528,0.92577,0.92577,0.92577,0.46641,0.41991,0.45007,0.5465,0.4514,0.50915,0.46709,0.86878,0.072422,0.0,0.0,5e-06,5.65e-20,3.1,3.1
236.5,0.074243,0.05564,0.048494,0.06691,0.85589,0.92577,0.92577,0.92577,0.43068,0.3915,0.41688,0.54366,0.44821,0.50618,0.46693,0.8689,0.06691,0.0,0.0,5e-06,5.65e-20,3.1,3.1
236.7,0.068005,0.051445,0.044558,0.061474,0.85899,0.92577,0.92577,0.92577,0.39495,0.3631,0.3837,0.54082,0.44501,0.50321,0.46715,0.86902,0.061474,0.0,0.0,5e-06,5.65e-20,3.1,3.1
236.9,0.061832,0.047314,0.040668,0.056103,0.86209,0.92577,0.92577,0.92577,0.35921,0.33469,0.35052,0.53798,0.44181,0.50024,0.46778,0.86914,0.056103,0.0,0.0,5e-06,5.65e-20,3.1,3.1
237.1,0.055478,0.042987,0.036643,0.050547,0.86166,0.92577,0.92577,0.92577,0.32344,0.30577,0.31713,0.53514,0.43862,0.49728,0.46883,0.86926,0.050547,0.0,0.0,5e-06,5.65e-20,3.1,3.1
237.3,0.048974,0.038175,0.032418,0.044715,0.85771,0.92577,0.92577,0.92577,0.28746,0.27392,0.28263,0.53229,0.43542,0.49431,0.47032,0.86938,0.044715,0.0,0.0,5e-06,5.65e-20,3.1,3.1
237.5,0.042595,0.033472,0.028278,0.039002,0.85376,0.92577,0.92577,0.92577,0.25148,0.24207,0.24812,0.52945,0.43223,0.49134,0.47227,0.8694999999999999,0.039002,0.0,0.0,5e-06,5.65e-20,3.1,3.1
237.7,0.036322,0.028867,0.024212,0.033392,0.84981,0.92577,0.92577,0.92577,0.21549,0.21022,0.21362,0.52661,0.42903,0.48837,0.47469,0.86962,0.033392,0.0,0.0,5e-06,5.65e-20,3.1,3.1
237.9,0.030138,0.024347,0.020209,0.027869,0.84585,0.92577,0.92577,0.92577,0.17951,0.17837,0.17911,0.52377,0.42584,0.48541,0.47762,0.86974,0.027869,0.0,0.0,5e-06,5.65e-20,3.1,3.1
238.1,0.095329,0.061408,0.059572,0.082145,0.84089,0.92577,0.92577,0.92577,0.57016,0.4527,0.5305,0.52093,0.42264,0.48244,0.48106,0.86986,0.082145,0.0,0.0,5e-06,5.65e-20,3.1,3.1
238.3,0.098288,0.063467,0.061458,0.084739,0.83491,0.92577,0.92577,0.92577,0.59044,0.47093,0.55004,0.51809,0.41944,0.47947,0.48503,0.86998,0.084739,0.0,0.0,5e-06,5.65e-20,3.1,3.1
238.5,0.10132,0.06556,0.063385,0.08739,0.82894,0.92577,0.92577,0.92577,0.61071,0.48915,0.56958,0.51525,0.41625,0.47651,0.48956,0.8701,0.08739,0.0,0.0,5e-06,5.65e-20,3.1,3.1
238.7,0.10443,0.067692,0.06536,0.090105,0.82296,0.92577,0.92577,0.92577,0.63099,0.50738,0.58912,0.51241,0.41305,0.47354,0.49465,0.87022,0.090105,0.0,0.0,5e-06,5.65e-20,3.1,3.1
238.9,0.10763,0.06987,0.067388,0.092894,0.81698,0.92578,0.92578,0.92578,0.65127,0.52561,0.60865,0.50957,0.40986,0.47057,0.50034,0.87034,0.092894,0.0,0.0,5e-06,5.65e-20,3.1,3.1
239.1,0.10929,0.071021,0.068442,0.094341,0.81178,0.92578,0.92578,0.92578,0.66096,0.53519,0.61827,0.50672,0.40666,0.4676,0.50663,0.87046,0.094341,0.0,0.0,5e-06,5.65e-20,3.1,3.1
239.3,0.10707,0.069624,0.067061,0.092431,0.80734,0.92578,0.92578,0.92578,0.64597,0.52458,0.60473,0.50388,0.40347,0.46464,0.51353,0.87058,0.092431,0.0,0.0,5e-06,5.65e-20,3.1,3.1
239.5,0.10492,0.068273,0.065721,0.090577,0.8029,0.92578,0.92578,0.92578,0.63097,0.51397,0.59119,0.50104,0.40027,0.46167,0.52092,0.8707,0.090577,0.0,0.0,5e-06,5.65e-20,3.1,3.1
239.7,0.10279,0.066943,0.064399,0.088748,0.79847,0.92578,0.92578,0.92578,0.61598,0.50336,0.57765,0.4982,0.39707,0.4587,0.52866,0.87082,0.088748,0.0,0.0,5e-06,5.65e-20,3.1,3.1
239.9,0.10065,0.065614,0.063072,0.086914,0.79403,0.92578,0.92578,0.92578,0.60099,0.49275,0.56412,0.49536,0.39388,0.45573,0.53659,0.87094,0.086914,0.0,0.0,5e-06,5.65e-20,3.1,3.1
240.1,0.09605,0.062929,0.060287,0.083069,0.79099,0.92578,0.92578,0.92578,0.57841,0.47569,0.54339,0.48586,0.38706,0.44728,0.54457,0.87108,0.083069,0.0,0.0,5e-06,5.65e-20,3.1,3.1
240.3,0.10584,0.070837,0.066891,0.092163,0.78933,0.92578,0.92578,0.92578,0.53814,0.44361,0.5059,0.56843,0.46152,0.52654,0.55243,0.87124,0.092163,0.0,0.0,5e-06,5.65e-20,3.1,3.1
240.5,0.09779,0.065512,0.061821,0.085171,0.78768,0.92579,0.92579,0.92579,0.49787,0.41152,0.4684,0.56115,0.45481,0.51949,0.56004,0.8714,0.085171,0.0,0.0,5e-06,5.65e-20,3.1,3.1
240.7,0.089675,0.060157,0.056712,0.078126,0.78603,0.92579,0.92579,0.92579,0.45761,0.37944,0.4309,0.55387,0.4481,0.51244,0.56729,0.87156,0.078126,0.0,0.0,5e-06,5.65e-20,3.1,3.1
240.9,0.081518,0.054789,0.051581,0.071053,0.78437,0.92579,0.92579,0.92579,0.41734,0.34735,0.39341,0.54659,0.44138,0.50539,0.57418,0.87172,0.071053,0.0,0.0,5e-06,5.65e-20,3.1,3.1
241.1,0.073341,0.049376,0.046428,0.063951,0.78413,0.92579,0.92579,0.92579,0.37637,0.31438,0.35515,0.53931,0.43467,0.49834,0.58073,0.87188,0.063951,0.0,0.0,5e-06,5.65e-20,3.1,3.1
241.3,0.064943,0.043725,0.041112,0.056624,0.78529,0.92579,0.92579,0.92579,0.33376,0.27936,0.31514,0.53202,0.42796,0.4913,0.58693,0.87204,0.056624,0.0,0.0,5e-06,5.65e-20,3.1,3.1
241.5,0.05652,0.038077,0.035786,0.049284,0.78645,0.92579,0.92579,0.92579,0.29116,0.24434,0.27512,0.52474,0.42124,0.48425,0.5928,0.8722,0.049284,0.0,0.0,5e-06,5.65e-20,3.1,3.1
241.7,0.048096,0.032447,0.030464,0.041953,0.78761,0.92579,0.92579,0.92579,0.24856,0.20932,0.2351,0.51746,0.41453,0.4772,0.59834,0.87236,0.041953,0.0,0.0,5e-06,5.65e-20,3.1,3.1
241.9,0.039692,0.026853,0.025161,0.034648,0.78877,0.9258,0.9258,0.9258,0.20595,0.1743,0.19508,0.51018,0.40782,0.47015,0.60356,0.87252,0.034648,0.0,0.0,5e-06,5.65e-20,3.1,3.1
242.1,0.11132,0.077524,0.071172,0.097999,0.79112,0.9258,0.9258,0.9258,0.57951,0.50601,0.55401,0.5029,0.40111,0.4631,0.60846,0.87268,0.097999,0.0,0.0,5e-06,5.65e-20,3.1,3.1
242.3,0.11607,0.080542,0.074131,0.10207,0.79465,0.9258,0.9258,0.9258,0.60582,0.52829,0.57894,0.49562,0.39439,0.45606,0.61305,0.8728400000000001,0.10207,0.0,0.0,5e-06,5.65e-20,3.1,3.1
242.5,0.1207,0.083457,0.077008,0.10602,0.79818,0.9258,0.9258,0.9258,0.63214,0.55056,0.60387,0.48834,0.38768,0.44901,0.61735,0.873,0.10602,0.0,0.0,5e-06,5.65e-20,3.1,3.1
242.7,0.12521,0.086263,0.079796,0.10985,0.80172,0.9258,0.9258,0.9258,0.65845,0.57284,0.6288,0.48106,0.38097,0.44196,0.62134,0.8731599999999999,0.10985,0.0,0.0,5e-06,5.65e-20,3.1,3.1
242.9,0.12957,0.088955,0.082492,0.11355,0.80525,0.9258,0.9258,0.9258,0.68477,0.59512,0.65372,0.47378,0.37425,0.43491,0.62505,0.87332,0.11355,0.0,0.0,5e-06,5.65e-20,3.1,3.1
243.1,0.13319,0.091107,0.084703,0.11659,0.80961,0.92581,0.92581,0.92581,0.70713,0.61394,0.67487,0.46649,0.36754,0.42787,0.62847,0.87348,0.11659,0.0,0.0,5e-06,5.65e-20,3.1,3.1
243.3,0.13015,0.088652,0.082664,0.11377,0.81481,0.92581,0.92581,0.92581,0.69396,0.60161,0.66202,0.45921,0.36083,0.42082,0.63162,0.87364,0.11377,0.0,0.0,5e-06,5.65e-20,3.1,3.1
243.5,0.12703,0.086155,0.080581,0.1109,0.82001,0.92581,0.92581,0.92581,0.6808,0.58928,0.64916,0.45193,0.35411,0.41377,0.63451,0.8738,0.1109,0.0,0.0,5e-06,5.65e-20,3.1,3.1
243.7,0.12385,0.083623,0.07846,0.10797,0.8252,0.92581,0.92581,0.92581,0.66763,0.57695,0.63631,0.44465,0.3474,0.40672,0.63713,0.87396,0.10797,0.0,0.0,5e-06,5.65e-20,3.1,3.1
243.9,0.12062,0.08106,0.076307,0.105,0.8304,0.92581,0.92581,0.92581,0.65446,0.56462,0.62345,0.43737,0.34069,0.39967,0.63949,0.87412,0.105,0.0,0.0,5e-06,5.65e-20,3.1,3.1
244.1,0.14184,0.097052,0.090257,0.12419,0.8359,0.92582,0.92582,0.92582,0.64129,0.5523,0.61059,0.5197,0.41289,0.4779,0.64161,0.87428,0.12419,0.0,0.0,5e-06,5.65e-20,3.1,3.1
244.3,0.14738,0.10235,0.094246,0.12967,0.84171,0.92582,0.92582,0.92582,0.60048,0.51646,0.57151,0.57103,0.46106,0.52789,0.64348,0.87444,0.12967,0.0,0.0,5e-06,5.65e-20,3.1,3.1
244.5,0.14362,0.10022,0.092002,0.12657,0.84752,0.92582,0.92582,0.92582,0.55821,0.47938,0.53105,0.59299,0.48183,0.54933,0.64512,0.8746,0.12657,0.0,0.0,5e-06,5.65e-20,3.1,3.1
244.7,0.13228,0.092021,0.084661,0.11647,0.85334,0.92582,0.92582,0.92582,0.51594,0.4423,0.49059,0.58559,0.4752,0.54224,0.64654,0.87476,0.11647,0.0,0.0,5e-06,5.65e-20,3.1,3.1
244.9,0.12095,0.083852,0.077333,0.10638,0.85915,0.92582,0.92582,0.92582,0.47367,0.40523,0.45013,0.57819,0.46857,0.53515,0.64773,0.87492,0.10638,0.0,0.0,5e-06,5.65e-20,3.1,3.1
245.1,0.10959,0.075688,0.069995,0.096279,0.86454,0.92582,0.92582,0.92582,0.43141,0.36815,0.40967,0.57079,0.46194,0.52806,0.64871,0.87506,0.096279,0.0,0.0,5e-06,5.65e-20,3.1,3.1
245.3,0.097629,0.067244,0.062306,0.085696,0.86952,0.92583,0.92583,0.92583,0.38667,0.32954,0.36705,0.56339,0.45531,0.52097,0.64947,0.87518,0.085696,0.0,0.0,5e-06,5.65e-20,3.1,3.1
245.5,0.085556,0.058786,0.054563,0.075042,0.8745,0.92583,0.92583,0.92583,0.34111,0.29043,0.32371,0.55599,0.44868,0.51387,0.65004,0.8753,0.075042,0.0,0.0,5e-06,5.65e-20,3.1,3.1
245.7,0.073601,0.050432,0.046901,0.0645,0.87949,0.92583,0.92583,0.92583,0.29555,0.25131,0.28037,0.54859,0.44205,0.50678,0.65041,0.87542,0.0645,0.0,0.0,5e-06,5.65e-20,3.1,3.1
245.9,0.061781,0.042194,0.039332,0.054087,0.88447,0.92583,0.92583,0.92583,0.24999,0.2122,0.23703,0.54119,0.43543,0.49969,0.6506,0.87554,0.054087,0.0,0.0,5e-06,5.65e-20,3.1,3.1
246.1,0.050045,0.034039,0.031823,0.043758,0.88827,0.92583,0.92583,0.92583,0.20442,0.17309,0.19369,0.53379,0.4288,0.4926,0.6506,0.87566,0.043758,0.0,0.0,5e-06,5.65e-20,3.1,3.1
246.3,0.14309,0.098538,0.091319,0.12556,0.89091,0.92584,0.92584,0.92584,0.59112,0.50755,0.56236,0.52638,0.42217,0.48551,0.65043,0.87578,0.12556,0.0,0.0,5e-06,5.65e-20,3.1,3.1
246.5,0.14843,0.1021,0.094693,0.13019,0.89354,0.92584,0.92584,0.92584,0.6204,0.53297,0.59031,0.51898,0.41554,0.47842,0.6501,0.8759,0.13019,0.0,0.0,5e-06,5.65e-20,3.1,3.1
246.7,0.15355,0.10549,0.097926,0.13463,0.89617,0.92584,0.92584,0.92584,0.64967,0.55839,0.61826,0.51158,0.40891,0.47132,0.6496,0.87602,0.13463,0.0,0.0,5e-06,5.65e-20,3.1,3.1
246.9,0.15846,0.10871,0.10101,0.13886,0.8988,0.92584,0.92584,0.92584,0.67895,0.58381,0.6462,0.50418,0.40228,0.46423,0.64895,0.87614,0.13886,0.0,0.0,5e-06,5.65e-20,3.1,3.1
247.1,0.16285,0.11157,0.10377,0.14264,0.89983,0.92584,0.92584,0.92584,0.70822,0.60923,0.67415,0.49678,0.39565,0.45714,0.64815,0.87626,0.14264,0.0,0.0,5e-06,5.65e-20,3.1,3.1
247.3,0.16437,0.1124,0.10468,0.14389,0.89927,0.92585,0.92585,0.92585,0.72716,0.62553,0.69219,0.48938,0.38902,0.45005,0.64721,0.87638,0.14389,0.0,0.0,5e-06,5.65e-20,3.1,3.1
247.5,0.15884,0.10829,0.10107,0.13891,0.8987,0.92585,0.92585,0.92585,0.7151,0.61448,0.68049,0.48198,0.3824,0.44296,0.64613,0.8765000000000001,0.13891,0.0,0.0,5e-06,5.65e-20,3.1,3.1
247.7,0.15338,0.10424,0.097504,0.134,0.89813,0.92585,0.92585,0.92585,0.70303,0.60343,0.66879,0.47458,0.37577,0.43586,0.64493,0.87662,0.134,0.0,0.0,5e-06,5.65e-20,3.1,3.1
247.9,0.148,0.10025,0.093993,0.12917,0.89756,0.92585,0.92585,0.92585,0.69097,0.59238,0.65709,0.46718,0.36914,0.42877,0.64361,0.87674,0.12917,0.0,0.0,5e-06,5.65e-20,3.1,3.1
248.1,0.14248,0.096191,0.090398,0.12422,0.8956,0.92585,0.92585,0.92585,0.6789,0.58133,0.64539,0.45978,0.36251,0.42168,0.64217,0.87686,0.12422,0.0,0.0,5e-06,5.65e-20,3.1,3.1
248.3,0.16504,0.11358,0.10537,0.14479,0.89223,0.92586,0.92586,0.92586,0.66684,0.57028,0.63369,0.54558,0.43903,0.50368,0.64063,0.87698,0.14479,0.0,0.0,5e-06,5.65e-20,3.1,3.1
248.5,0.16826,0.11749,0.10797,0.14835,0.88886,0.92586,0.92586,0.92586,0.62684,0.53543,0.59547,0.59548,0.4868,0.55265,0.63899,0.8771,0.14835,0.0,0.0,5e-06,5.65e-20,3.1,3.1
248.7,0.16128,0.11317,0.10367,0.14244,0.8855,0.92586,0.92586,0.92586,0.58373,0.49794,0.55431,0.61692,0.50751,0.57376,0.63725,0.87722,0.14244,0.0,0.0,5e-06,5.65e-20,3.1,3.1
248.9,0.14669,0.10266,0.09422,0.12944,0.88213,0.92586,0.92586,0.92586,0.54063,0.46044,0.51315,0.60989,0.50117,0.56701,0.63543,0.87734,0.12944,0.0,0.0,5e-06,5.65e-20,3.1,3.1
249.1,0.13242,0.092398,0.084984,0.11674,0.87805,0.92586,0.92586,0.92586,0.49753,0.42294,0.47199,0.60286,0.49484,0.56026,0.63352,0.87746,0.11674,0.0,0.0,5e-06,5.65e-20,3.1,3.1
249.3,0.11851,0.082415,0.075986,0.10438,0.87325,0.92586,0.92586,0.92586,0.45443,0.38544,0.43082,0.59583,0.4885,0.55351,0.63154,0.87758,0.10438,0.0,0.0,5e-06,5.65e-20,3.1,3.1
249.5,0.10469,0.072622,0.067073,0.092129,0.86845,0.92587,0.92587,0.92587,0.40977,0.34713,0.38834,0.58881,0.48216,0.54676,0.6295,0.8777,0.092129,0.0,0.0,5e-06,5.65e-20,3.1,3.1
249.7,0.09103,0.063056,0.058299,0.080071,0.86365,0.92587,0.92587,0.92587,0.36383,0.30814,0.34479,0.58178,0.47583,0.54,0.6274,0.87782,0.080071,0.0,0.0,5e-06,5.65e-20,3.1,3.1
249.9,0.077872,0.053857,0.049849,0.068462,0.85885,0.92587,0.92587,0.92587,0.3179,0.26916,0.30123,0.57475,0.46949,0.53325,0.62524,0.87794,0.068462,0.0,0.0,5e-06,5.65e-20,3.1,3.1
250.1,0.065209,0.045024,0.041723,0.057298,0.85408,0.92587,0.92587,0.92587,0.27196,0.23017,0.25768,0.56772,0.46315,0.5265,0.62303,0.87806,0.057298,0.0,0.0,5e-06,5.65e-20,3.1,3.1
250.3,0.053036,0.03655,0.033916,0.046574,0.84934,0.92587,0.92587,0.92587,0.22603,0.19119,0.21412,0.5607,0.45682,0.51975,0.62079,0.87818,0.046574,0.0,0.0,5e-06,5.65e-20,3.1,3.1
250.5,0.13441,0.091653,0.085693,0.11767,0.84461,0.92587,0.92587,0.92587,0.58549,0.4907,0.55319,0.55367,0.45048,0.51299,0.61851,0.8783,0.11767,0.0,0.0,5e-06,5.65e-20,3.1,3.1
250.7,0.13815,0.094127,0.088058,0.12091,0.83987,0.92588,0.92588,0.92588,0.61526,0.51593,0.58142,0.54664,0.44414,0.50624,0.61621,0.87842,0.12091,0.0,0.0,5e-06,5.65e-20,3.1,3.1
250.9,0.14164,0.096409,0.090253,0.12391,0.83513,0.92588,0.92588,0.92588,0.64504,0.54116,0.60965,0.53962,0.43781,0.49949,0.61389,0.87854,0.12391,0.0,0.0,5e-06,5.65e-20,3.1,3.1
251.1,0.14496,0.098571,0.092343,0.12677,0.83096,0.92588,0.92588,0.92588,0.67482,0.5664,0.63788,0.53259,0.43147,0.49274,0.61155,0.87866,0.12677,0.0,0.0,5e-06,5.65e-20,3.1,3.1
251.3,0.14814,0.10062,0.094338,0.12951,0.82734,0.92588,0.92588,0.92588,0.70459,0.59163,0.66611,0.52556,0.42513,0.48599,0.60921,0.87878,0.12951,0.0,0.0,5e-06,5.65e-20,3.1,3.1
251.5,0.15109,0.1025,0.096181,0.13203,0.82373,0.92588,0.92588,0.92588,0.73437,0.61687,0.69434,0.51853,0.4188,0.47923,0.60687,0.8789,0.13203,0.0,0.0,5e-06,5.65e-20,3.1,3.1
251.7,0.14834,0.10043,0.094376,0.12954,0.82011,0.92588,0.92588,0.92588,0.73699,0.61877,0.69672,0.51151,0.41246,0.47248,0.60453,0.87902,0.12954,0.0,0.0,5e-06,5.65e-20,3.1,3.1
251.9,0.14274,0.096386,0.09074,0.12454,0.81649,0.92588,0.92588,0.92588,0.72498,0.60811,0.68519,0.50448,0.40612,0.46573,0.60221,0.87914,0.12454,0.0,0.0,5e-06,5.65e-20,3.1,3.1
252.1,0.13742,0.092547,0.08729,0.1198,0.8137,0.92589,0.92589,0.92589,0.71298,0.59746,0.67366,0.49745,0.39979,0.45898,0.59991,0.87926,0.1198,0.0,0.0,5e-06,5.65e-20,3.1,3.1
252.3,0.13237,0.088901,0.084016,0.1153,0.81174,0.92589,0.92589,0.92589,0.70097,0.5868,0.66213,0.49042,0.39345,0.45223,0.59764,0.87938,0.1153,0.0,0.0,5e-06,5.65e-20,3.1,3.1
252.5,0.13586,0.091745,0.086394,0.11856,0.80978,0.92589,0.92589,0.92589,0.68896,0.57614,0.6506,0.51528,0.4161,0.47617,0.5954,0.8795,0.11856,0.0,0.0,5e-06,5.65e-20,3.1,3.1
252.7,0.14632,0.099934,0.093404,0.12817,0.80782,0.92589,0.92589,0.92589,0.67248,0.5617,0.63483,0.57203,0.46775,0.5308,0.59321,0.87962,0.12817,0.0,0.0,5e-06,5.65e-20,3.1,3.1
252.9,0.14505,0.10008,0.092933,0.12751,0.80585,0.92589,0.92589,0.92589,0.63059,0.52583,0.59501,0.60843,0.50344,0.56686,0.59106,0.87974,0.12751,0.0,0.0,5e-06,5.65e-20,3.1,3.1
253.1,0.14282,0.09938,0.091787,0.12594,0.80479,0.92589,0.92589,0.92589,0.5887,0.48996,0.55518,0.64482,0.53913,0.60292,0.58896,0.87986,0.12594,0.0,0.0,5e-06,5.65e-20,3.1,3.1
253.3,0.13073,0.090661,0.083935,0.11516,0.80463,0.92589,0.92589,0.92589,0.54681,0.45408,0.51536,0.63777,0.53263,0.59609,0.58693,0.87998,0.11516,0.0,0.0,5e-06,5.65e-20,3.1,3.1
253.5,0.11895,0.082187,0.076295,0.10467,0.80447,0.92589,0.92589,0.92589,0.50492,0.41821,0.47554,0.63071,0.52612,0.58926,0.58496,0.8801,0.10467,0.0,0.0,5e-06,5.65e-20,3.1,3.1
253.7,0.10749,0.073954,0.068862,0.094465,0.80431,0.92589,0.92589,0.92589,0.46304,0.38234,0.43572,0.62366,0.51962,0.58242,0.58307,0.88022,0.094465,0.0,0.0,5e-06,5.65e-20,3.1,3.1
253.9,0.095882,0.065741,0.061364,0.084174,0.80414,0.9259,0.9259,0.9259,0.41912,0.34532,0.39416,0.61661,0.51312,0.57559,0.58126,0.88034,0.084174,0.0,0.0,5e-06,5.65e-20,3.1,3.1
254.1,0.084372,0.057685,0.053954,0.074005,0.80484,0.9259,0.9259,0.9259,0.37386,0.30755,0.35145,0.60955,0.50662,0.56876,0.57953,0.88046,0.074005,0.0,0.0,5e-06,5.65e-20,3.1,3.1
254.3,0.073234,0.049906,0.046788,0.064173,0.80639,0.9259,0.9259,0.9259,0.3286,0.26977,0.30873,0.6025,0.50011,0.56193,0.57791,0.88058,0.064173,0.0,0.0,5e-06,5.65e-20,3.1,3.1
254.5,0.062363,0.042329,0.039798,0.054582,0.80794,0.9259,0.9259,0.9259,0.28334,0.23199,0.26601,0.59545,0.49361,0.5551,0.57638,0.8807,0.054582,0.0,0.0,5e-06,5.65e-20,3.1,3.1
254.7,0.051752,0.034951,0.03298,0.045229,0.80949,0.9259,0.9259,0.9259,0.23808,0.19422,0.2233,0.58839,0.48711,0.54826,0.57496,0.88082,0.045229,0.0,0.0,5e-06,5.65e-20,3.1,3.1
254.9,0.12466,0.086681,0.080087,0.10982,0.81104,0.9259,0.9259,0.9259,0.58063,0.48837,0.54925,0.58134,0.48061,0.54143,0.57366,0.8809400000000001,0.10982,0.0,0.0,5e-06,5.65e-20,3.1,3.1
255.1,0.12956,0.089827,0.083167,0.11404,0.81332,0.9259,0.9259,0.9259,0.61043,0.51265,0.5772,0.57428,0.4741,0.5346,0.57247,0.88104,0.11404,0.0,0.0,5e-06,5.65e-20,3.1,3.1
255.3,0.13446,0.092962,0.086242,0.11825,0.81634,0.9259,0.9259,0.9259,0.64022,0.53694,0.60514,0.56723,0.4676,0.52777,0.5714,0.88112,0.11825,0.0,0.0,5e-06,5.65e-20,3.1,3.1
255.5,0.13925,0.096008,0.089242,0.12236,0.81935,0.9259,0.9259,0.9259,0.67002,0.56122,0.63309,0.56018,0.4611,0.52094,0.57045,0.8812,0.12236,0.0,0.0,5e-06,5.65e-20,3.1,3.1
255.7,0.14392,0.098966,0.092166,0.12636,0.82236,0.9259,0.9259,0.9259,0.69982,0.58551,0.66104,0.55312,0.45459,0.51411,0.5696,0.88128,0.12636,0.0,0.0,5e-06,5.65e-20,3.1,3.1
255.9,0.14849,0.10184,0.095015,0.13026,0.82538,0.9259,0.9259,0.9259,0.72961,0.60979,0.68899,0.54607,0.44809,0.50727,0.56886,0.88136,0.13026,0.0,0.0,5e-06,5.65e-20,3.1,3.1
256.1,0.15059,0.10296,0.096272,0.13197,0.82892,0.9259,0.9259,0.9259,0.74725,0.62362,0.70536,0.53902,0.44159,0.50044,0.56822,0.88144,0.13197,0.0,0.0,5e-06,5.65e-20,3.1,3.1
256.3,0.14706,0.10011,0.0939,0.12872,0.833,0.9259,0.9259,0.9259,0.73651,0.61303,0.69472,0.53196,0.43509,0.49361,0.56767,0.88152,0.12872,0.0,0.0,5e-06,5.65e-20,3.1,3.1
256.5,0.14358,0.097313,0.091561,0.1255,0.83708,0.9259,0.9259,0.9259,0.72577,0.60245,0.68408,0.52491,0.42858,0.48678,0.56722,0.8816,0.1255,0.0,0.0,5e-06,5.65e-20,3.1,3.1
256.7,0.14014,0.094551,0.089252,0.12233,0.84115,0.9259,0.9259,0.9259,0.71503,0.59187,0.67344,0.51786,0.42208,0.47995,0.56685,0.88168,0.12233,0.0,0.0,5e-06,5.65e-20,3.1,3.1
256.9,0.14331,0.09686,0.091345,0.12519,0.84523,0.9259,0.9259,0.9259,0.70428,0.58129,0.6628,0.5353,0.43835,0.4969,0.56657,0.88176,0.12519,0.0,0.0,5e-06,5.65e-20,3.1,3.1
257.1,0.1529,0.10406,0.097714,0.13391,0.84954,0.9259,0.9259,0.9259,0.69354,0.57071,0.65216,0.57725,0.4774,0.53763,0.56637,0.8818400000000001,0.13391,0.0,0.0,5e-06,5.65e-20,3.1,3.1
257.3,0.15654,0.10722,0.10029,0.13743,0.8541,0.9259,0.9259,0.9259,0.666,0.54648,0.62577,0.61228,0.51108,0.57208,0.56625,0.88192,0.13743,0.0,0.0,5e-06,5.65e-20,3.1,3.1
257.5,0.15438,0.10639,0.099142,0.13585,0.85866,0.9259,0.9259,0.9259,0.6247,0.51109,0.58651,0.64039,0.53939,0.60023,0.56619,0.882,0.13585,0.0,0.0,5e-06,5.65e-20,3.1,3.1
257.7,0.15131,0.10477,0.097366,0.13341,0.86322,0.9259,0.9259,0.9259,0.5834,0.4757,0.54724,0.66851,0.5677,0.62839,0.56621,0.88208,0.13341,0.0,0.0,5e-06,5.65e-20,3.1,3.1
257.9,0.13992,0.096395,0.089911,0.12319,0.86778,0.9259,0.9259,0.9259,0.54211,0.44031,0.50798,0.6617,0.56125,0.62172,0.56628,0.8821599999999999,0.12319,0.0,0.0,5e-06,5.65e-20,3.1,3.1
258.1,0.12861,0.088095,0.082513,0.11305,0.87219,0.9259,0.9259,0.9259,0.50081,0.40492,0.46871,0.65488,0.55481,0.61506,0.56642,0.88224,0.11305,0.0,0.0,5e-06,5.65e-20,3.1,3.1
258.3,0.11739,0.079876,0.075177,0.10299,0.87645,0.9259,0.9259,0.9259,0.45951,0.36953,0.42945,0.64807,0.54836,0.60839,0.56661,0.88232,0.10299,0.0,0.0,5e-06,5.65e-20,3.1,3.1
258.5,0.10568,0.071609,0.067602,0.09261,0.88072,0.9259,0.9259,0.9259,0.41589,0.33346,0.38838,0.64126,0.54191,0.60173,0.56685,0.8824,0.09261,0.0,0.0,5e-06,5.65e-20,3.1,3.1
258.7,0.093991,0.063415,0.060052,0.082263,0.88499,0.9259,0.9259,0.9259,0.37186,0.29726,0.34699,0.63444,0.53546,0.59506,0.56714,0.88248,0.082263,0.0,0.0,5e-06,5.65e-20,3.1,3.1
258.9,0.082414,0.055321,0.052583,0.072026,0.88925,0.9259,0.9259,0.9259,0.32782,0.26107,0.3056,0.62763,0.52902,0.5884,0.56748,0.88256,0.072026,0.0,0.0,5e-06,5.65e-20,3.1,3.1
259.1,0.070908,0.047296,0.045165,0.061862,0.89294,0.9259,0.9259,0.9259,0.28379,0.22488,0.26422,0.62082,0.52257,0.58173,0.56785,0.88264,0.061862,0.0,0.0,5e-06,5.65e-20,3.1,3.1
259.3,0.059496,0.039359,0.037813,0.05179,0.89604,0.9259,0.9259,0.9259,0.23975,0.18868,0.22283,0.614,0.51612,0.57507,0.56825,0.8827200000000001,0.05179,0.0,0.0,5e-06,5.65e-20,3.1,3.1
259.5,0.14299,0.10068,0.092407,0.12656,0.89914,0.92589,0.92589,0.92589,0.5802,0.48669,0.54858,0.60719,0.50968,0.5684,0.56869,0.8828,0.12656,0.0,0.0,5e-06,5.65e-20,3.1,3.1
259.7,0.1492,0.10458,0.0963,0.13188,0.90225,0.92589,0.92589,0.92589,0.6097,0.50987,0.57599,0.60037,0.50323,0.56174,0.56915,0.88288,0.13188,0.0,0.0,5e-06,5.65e-20,3.1,3.1
259.9,0.15531,0.1084,0.10012,0.1371,0.90535,0.92589,0.92589,0.92589,0.6392,0.53306,0.60339,0.59356,0.49678,0.55507,0.56963,0.88296,0.1371,0.0,0.0,5e-06,5.65e-20,3.1,3.1
260.1,0.16114,0.11201,0.10375,0.14207,0.90751,0.92589,0.92589,0.92589,0.66871,0.55624,0.6308,0.58675,0.49034,0.54841,0.57014,0.88302,0.14207,0.0,0.0,5e-06,5.65e-20,3.1,3.1
260.3,0.16666,0.1154,0.10719,0.14677,0.90871,0.92589,0.92589,0.92589,0.6982,0.57942,0.6582,0.57993,0.48389,0.54174,0.57065,0.88306,0.14677,0.0,0.0,5e-06,5.65e-20,3.1,3.1
260.5,0.17205,0.11869,0.11053,0.15134,0.90992,0.92589,0.92589,0.92589,0.7277,0.6026,0.68561,0.57312,0.47744,0.53507,0.57118,0.8831,0.15134,0.0,0.0,5e-06,5.65e-20,3.1,3.1
260.7,0.17591,0.12089,0.11289,0.15455,0.91113,0.92589,0.92589,0.92589,0.7513,0.62079,0.70742,0.56631,0.47099,0.52841,0.57171,0.88314,0.15455,0.0,0.0,5e-06,5.65e-20,3.1,3.1
260.9,0.17191,0.11756,0.11016,0.15081,0.91234,0.92588,0.92588,0.92588,0.74146,0.61068,0.69754,0.55949,0.46455,0.52174,0.57225,0.88318,0.15081,0.0,0.0,5e-06,5.65e-20,3.1,3.1
261.1,0.16773,0.11413,0.10733,0.14693,0.91245,0.92588,0.92588,0.92588,0.73161,0.60057,0.68767,0.55268,0.4581,0.51508,0.57278,0.88322,0.14693,0.0,0.0,5e-06,5.65e-20,3.1,3.1
261.3,0.16341,0.11061,0.10441,0.14292,0.91147,0.92588,0.92588,0.92588,0.72177,0.59045,0.67779,0.54587,0.45165,0.50841,0.5733,0.88326,0.14292,0.0,0.0,5e-06,5.65e-20,3.1,3.1
261.5,0.16616,0.11259,0.10624,0.14542,0.91048,0.92588,0.92588,0.92588,0.71192,0.58034,0.66791,0.56284,0.46786,0.52506,0.57382,0.8833,0.14542,0.0,0.0,5e-06,5.65e-20,3.1,3.1
261.7,0.17569,0.11979,0.11262,0.15414,0.9095,0.92588,0.92588,0.92588,0.70208,0.57023,0.65804,0.60359,0.50671,0.56501,0.57432,0.88334,0.15414,0.0,0.0,5e-06,5.65e-20,3.1,3.1
261.9,0.18062,0.12369,0.116,0.15876,0.90851,0.92587,0.92587,0.92587,0.68772,0.55653,0.64396,0.63366,0.5362,0.59482,0.5748,0.88338,0.15876,0.0,0.0,5e-06,5.65e-20,3.1,3.1
262.1,0.17511,0.12033,0.11264,0.15415,0.90657,0.92587,0.92587,0.92587,0.64781,0.52253,0.60607,0.65304,0.55632,0.61447,0.57527,0.88342,0.15415,0.0,0.0,5e-06,5.65e-20,3.1,3.1
262.3,0.16879,0.11629,0.10871,0.14878,0.90368,0.92587,0.92587,0.92587,0.60791,0.48853,0.56819,0.67242,0.57645,0.63412,0.57573,0.88346,0.14878,0.0,0.0,5e-06,5.65e-20,3.1,3.1
262.5,0.16186,0.1117,0.10436,0.14281,0.90079,0.92587,0.92587,0.92587,0.568,0.45452,0.5303,0.6918,0.59657,0.65377,0.57617,0.8835,0.14281,0.0,0.0,5e-06,5.65e-20,3.1,3.1
262.7,0.14865,0.10195,0.095682,0.13093,0.89789,0.92586,0.92586,0.92586,0.52809,0.42052,0.49241,0.68506,0.59002,0.64711,0.57659,0.88354,0.13093,0.0,0.0,5e-06,5.65e-20,3.1,3.1
262.9,0.13572,0.092433,0.087194,0.11931,0.895,0.92586,0.92586,0.92586,0.48818,0.38652,0.45453,0.67832,0.58348,0.64045,0.57699,0.88358,0.11931,0.0,0.0,5e-06,5.65e-20,3.1,3.1
263.1,0.12283,0.083065,0.078766,0.10777,0.89152,0.92586,0.92586,0.92586,0.44771,0.35243,0.41623,0.67158,0.57693,0.63378,0.57738,0.88362,0.10777,0.0,0.0,5e-06,5.65e-20,3.1,3.1
263.3,0.10957,0.073801,0.070182,0.096021,0.88746,0.92586,0.92586,0.92586,0.40499,0.31796,0.37627,0.66484,0.57038,0.62712,0.57775,0.88366,0.096021,0.0,0.0,5e-06,5.65e-20,3.1,3.1
263.5,0.096629,0.064787,0.061818,0.084573,0.8834,0.92585,0.92585,0.92585,0.36227,0.2835,0.33631,0.65809,0.56383,0.62046,0.5781,0.8837,0.084573,0.0,0.0,5e-06,5.65e-20,3.1,3.1
263.7,0.084021,0.056023,0.053672,0.073426,0.87933,0.92585,0.92585,0.92585,0.31955,0.24904,0.29634,0.65135,0.55729,0.6138,0.57843,0.88374,0.073426,0.0,0.0,5e-06,5.65e-20,3.1,3.1
263.9,0.071741,0.047508,0.045745,0.062578,0.87527,0.92585,0.92585,0.92585,0.27684,0.21457,0.25638,0.64461,0.55074,0.60713,0.57875,0.88378,0.062578,0.0,0.0,5e-06,5.65e-20,3.1,3.1
264.1,0.059778,0.039234,0.038029,0.05202,0.87108,0.92584,0.92584,0.92584,0.23412,0.18011,0.21642,0.63787,0.54419,0.60047,0.57904,0.88382,0.05202,0.0,0.0,5e-06,5.65e-20,3.1,3.1
264.3,0.14714,0.10266,0.095094,0.13007,0.86675,0.92584,0.92584,0.92584,0.58508,0.47919,0.5497,0.63113,0.53765,0.59381,0.57931,0.88386,0.13007,0.0,0.0,5e-06,5.65e-20,3.1,3.1
264.5,0.15201,0.10565,0.098129,0.13422,0.86243,0.92583,0.92583,0.92583,0.61376,0.50149,0.57628,0.62439,0.5311,0.58715,0.57956,0.8839,0.13422,0.0,0.0,5e-06,5.65e-20,3.1,3.1
264.7,0.15667,0.10848,0.10103,0.13817,0.8581,0.92583,0.92583,0.92583,0.64244,0.52379,0.60287,0.61765,0.52455,0.58049,0.57979,0.8839400000000001,0.13817,0.0,0.0,5e-06,5.65e-20,3.1,3.1
264.9,0.16112,0.11116,0.10379,0.14194,0.85378,0.92583,0.92583,0.92583,0.67113,0.54608,0.62946,0.61091,0.518,0.57382,0.58,0.88398,0.14194,0.0,0.0,5e-06,5.65e-20,3.1,3.1
265.1,0.1654,0.11372,0.10644,0.14556,0.84966,0.92582,0.92582,0.92582,0.69981,0.56838,0.65604,0.60417,0.51146,0.56716,0.58018,0.88402,0.14556,0.0,0.0,5e-06,5.65e-20,3.1,3.1
265.3,0.16952,0.11616,0.10898,0.14903,0.84575,0.92582,0.92582,0.92582,0.72849,0.59068,0.68263,0.59742,0.50491,0.5605,0.58034,0.88406,0.14903,0.0,0.0,5e-06,5.65e-20,3.1,3.1
265.5,0.17257,0.11786,0.11083,0.15155,0.84184,0.92581,0.92581,0.92581,0.75337,0.60985,0.70564,0.59068,0.49836,0.55384,0.58048,0.8841,0.15155,0.0,0.0,5e-06,5.65e-20,3.1,3.1
265.7,0.16772,0.11408,0.10759,0.14711,0.83793,0.92581,0.92581,0.92581,0.744,0.60082,0.69642,0.58394,0.49181,0.54717,0.5806,0.88414,0.14711,0.0,0.0,5e-06,5.65e-20,3.1,3.1
265.9,0.16296,0.11036,0.1044,0.14275,0.83403,0.92581,0.92581,0.92581,0.73462,0.59179,0.68721,0.5772,0.48527,0.54051,0.58069,0.88418,0.14275,0.0,0.0,5e-06,5.65e-20,3.1,3.1
266.1,0.15835,0.10678,0.10133,0.13854,0.83057,0.9258,0.9258,0.9258,0.72525,0.58276,0.67799,0.57046,0.47872,0.53385,0.58075,0.88422,0.13854,0.0,0.0,5e-06,5.65e-20,3.1,3.1
266.3,0.163,0.11047,0.10452,0.14289,0.82756,0.9258,0.9258,0.9258,0.71587,0.57373,0.66878,0.59703,0.50485,0.56021,0.58079,0.88426,0.14289,0.0,0.0,5e-06,5.65e-20,3.1,3.1
266.5,0.16741,0.11394,0.10754,0.14702,0.82455,0.92579,0.92579,0.92579,0.70649,0.5647,0.65957,0.62359,0.53097,0.58658,0.5808,0.8843,0.14702,0.0,0.0,5e-06,5.65e-20,3.1,3.1
266.7,0.1716,0.1172,0.1104,0.15092,0.82154,0.92579,0.92579,0.92579,0.69712,0.55567,0.65035,0.65016,0.5571,0.61294,0.58079,0.88434,0.15092,0.0,0.0,5e-06,5.65e-20,3.1,3.1
266.9,0.16679,0.11445,0.10752,0.14697,0.81854,0.92578,0.92578,0.92578,0.66159,0.52613,0.61685,0.6684,0.57672,0.63171,0.58075,0.88438,0.14697,0.0,0.0,5e-06,5.65e-20,3.1,3.1
267.1,0.16089,0.11084,0.1039,0.14202,0.81611,0.92578,0.92578,0.92578,0.62316,0.49431,0.58064,0.68663,0.59633,0.65048,0.58068,0.88442,0.14202,0.0,0.0,5e-06,5.65e-20,3.1,3.1
267.3,0.1546,0.10685,0.099991,0.13667,0.81426,0.92577,0.92577,0.92577,0.58473,0.46249,0.54444,0.70487,0.61595,0.66925,0.58058,0.88446,0.13667,0.0,0.0,5e-06,5.65e-20,3.1,3.1
267.5,0.14531,0.10033,0.093988,0.12846,0.81241,0.92577,0.92577,0.92577,0.5463,0.43067,0.50823,0.71089,0.62267,0.67553,0.58046,0.8845000000000001,0.12846,0.0,0.0,5e-06,5.65e-20,3.1,3.1
267.7,0.13356,0.091762,0.086275,0.11791,0.81056,0.92576,0.92576,0.92576,0.50787,0.39885,0.47203,0.70469,0.61648,0.66934,0.5803,0.88454,0.11791,0.0,0.0,5e-06,5.65e-20,3.1,3.1
267.9,0.12205,0.083375,0.078718,0.10758,0.80872,0.92575,0.92575,0.92575,0.46944,0.36703,0.43582,0.69848,0.61029,0.66314,0.58012,0.88458,0.10758,0.0,0.0,5e-06,5.65e-20,3.1,3.1
268.1,0.11036,0.075122,0.071109,0.097174,0.8075,0.92575,0.92575,0.92575,0.4291,0.33472,0.39815,0.69228,0.60411,0.65695,0.57991,0.88462,0.097174,0.0,0.0,5e-06,5.65e-20,3.1,3.1
268.3,0.098768,0.06705,0.06359,0.086895,0.8069,0.92574,0.92574,0.92574,0.38795,0.3022,0.35984,0.68608,0.59792,0.65075,0.57966,0.88466,0.086895,0.0,0.0,5e-06,5.65e-20,3.1,3.1
268.5,0.087385,0.059143,0.056214,0.076811,0.80631,0.92574,0.92574,0.92574,0.3468,0.26968,0.32153,0.67988,0.59173,0.64456,0.57939,0.8847,0.076811,0.0,0.0,5e-06,5.65e-20,3.1,3.1
268.7,0.076215,0.051401,0.04898,0.066924,0.80572,0.92573,0.92573,0.92573,0.30564,0.23715,0.28323,0.67367,0.58554,0.63836,0.57908,0.88474,0.066924,0.0,0.0,5e-06,5.65e-20,3.1,3.1
268.9,0.065259,0.043825,0.041891,0.057234,0.80513,0.92573,0.92573,0.92573,0.26449,0.20463,0.24492,0.66747,0.57936,0.63217,0.57874,0.88478,0.057234,0.0,0.0,5e-06,5.65e-20,3.1,3.1
269.1,0.054559,0.036444,0.034972,0.04778,0.80515,0.92572,0.92572,0.92572,0.22334,0.17211,0.20662,0.66127,0.57317,0.62597,0.57837,0.88482,0.04778,0.0,0.0,5e-06,5.65e-20,3.1,3.1
269.3,0.14334,0.099248,0.092709,0.12665,0.8058,0.92571,0.92571,0.92571,0.59227,0.47379,0.55313,0.65506,0.56698,0.61978,0.57797,0.88486,0.12665,0.0,0.0,5e-06,5.65e-20,3.1,3.1
269.5,0.14864,0.10284,0.096109,0.13129,0.80645,0.92571,0.92571,0.92571,0.62003,0.49632,0.57916,0.64886,0.5608,0.61358,0.57753,0.8849,0.13129,0.0,0.0,5e-06,5.65e-20,3.1,3.1
269.7,0.15381,0.10631,0.099416,0.1358,0.8071,0.9257,0.9257,0.9257,0.64779,0.51885,0.60519,0.64266,0.55461,0.60739,0.57706,0.8849400000000001,0.1358,0.0,0.0,5e-06,5.65e-20,3.1,3.1
269.9,0.15883,0.10968,0.10263,0.14019,0.80775,0.92569,0.92569,0.92569,0.67555,0.54138,0.63122,0.63646,0.54842,0.60119,0.57655,0.88498,0.14019,0.0,0.0,5e-06,5.65e-20,3.1,3.1
270.1,0.16384,0.11302,0.10583,0.14455,0.80898,0.92569,0.92569,0.92569,0.70331,0.5639,0.65725,0.63025,0.54224,0.595,0.57601,0.885,0.14455,0.0,0.0,5e-06,5.65e-20,3.1,3.1
270.3,0.16883,0.11633,0.10901,0.14889,0.81078,0.92568,0.92568,0.92568,0.73106,0.58643,0.68328,0.62405,0.53605,0.5888,0.57544,0.885,0.14889,0.0,0.0,5e-06,5.65e-20,3.1,3.1
270.5,0.17244,0.11868,0.11129,0.152,0.81258,0.92567,0.92567,0.92567,0.75334,0.60454,0.70418,0.61785,0.52986,0.58261,0.57482,0.885,0.152,0.0,0.0,5e-06,5.65e-20,3.1,3.1
270.7,0.1689,0.11606,0.10895,0.14879,0.81439,0.92567,0.92567,0.92567,0.74452,0.59757,0.69598,0.61165,0.52367,0.57641,0.57417,0.885,0.14879,0.0,0.0,5e-06,5.65e-20,3.1,3.1
270.9,0.16537,0.11347,0.10662,0.1456,0.81619,0.92566,0.92566,0.92566,0.7357,0.59061,0.68778,0.60544,0.51749,0.57022,0.57349,0.885,0.1456,0.0,0.0,5e-06,5.65e-20,3.1,3.1
271.1,0.16196,0.11096,0.10437,0.14252,0.8185,0.92565,0.92565,0.92565,0.72689,0.58365,0.67958,0.59924,0.5113,0.56402,0.57277,0.885,0.14252,0.0,0.0,5e-06,5.65e-20,3.1,3.1
271.3,0.16712,0.11542,0.10801,0.14748,0.8213,0.92565,0.92565,0.92565,0.71807,0.57669,0.67137,0.62464,0.53717,0.58958,0.572,0.885,0.14748,0.0,0.0,5e-06,5.65e-20,3.1,3.1
271.5,0.17212,0.11976,0.11154,0.1523,0.8241,0.92564,0.92564,0.92564,0.70925,0.56972,0.66317,0.65004,0.56303,0.61515,0.5712,0.885,0.1523,0.0,0.0,5e-06,5.65e-20,3.1,3.1
271.7,0.17696,0.12396,0.11496,0.15697,0.82691,0.92563,0.92563,0.92563,0.70043,0.56276,0.65497,0.67544,0.5889,0.64071,0.57037,0.885,0.15697,0.0,0.0,5e-06,5.65e-20,3.1,3.1
271.9,0.17312,0.12198,0.11271,0.15389,0.82971,0.92563,0.92563,0.92563,0.67069,0.53892,0.62718,0.68883,0.604,0.65478,0.56949,0.885,0.15389,0.0,0.0,5e-06,5.65e-20,3.1,3.1
272.1,0.1672,0.11845,0.10908,0.14892,0.8329,0.92562,0.92562,0.92562,0.63398,0.50946,0.59287,0.70223,0.6191,0.66885,0.56857,0.885,0.14892,0.0,0.0,5e-06,5.65e-20,3.1,3.1
272.3,0.16093,0.11462,0.1052,0.14362,0.83647,0.92561,0.92561,0.92561,0.59726,0.48,0.55855,0.71562,0.63419,0.68292,0.56761,0.885,0.14362,0.0,0.0,5e-06,5.65e-20,3.1,3.1
272.5,0.15424,0.11042,0.10103,0.13792,0.84004,0.9256,0.9256,0.9256,0.56055,0.45054,0.52424,0.72901,0.64929,0.69699,0.56661,0.885,0.13792,0.0,0.0,5e-06,5.65e-20,3.1,3.1
272.7,0.14522,0.10415,0.095185,0.12993,0.84361,0.9256,0.9256,0.9256,0.52383,0.42108,0.48992,0.7327,0.65373,0.70097,0.56557,0.885,0.12993,0.0,0.0,5e-06,5.65e-20,3.1,3.1
272.9,0.13423,0.096162,0.087952,0.12006,0.84718,0.92559,0.92559,0.92559,0.48712,0.39162,0.45561,0.72668,0.64752,0.69488,0.56449,0.885,0.12006,0.0,0.0,5e-06,5.65e-20,3.1,3.1
273.1,0.12309,0.088073,0.080619,0.11004,0.85098,0.92558,0.92558,0.92558,0.44931,0.36127,0.42026,0.72067,0.6413,0.68878,0.56336,0.885,0.11004,0.0,0.0,5e-06,5.65e-20,3.1,3.1
273.3,0.11154,0.0797,0.073017,0.09966,0.85502,0.92558,0.92558,0.92558,0.40947,0.32925,0.38301,0.71465,0.63508,0.68268,0.56219,0.885,0.09966,0.0,0.0,5e-06,5.65e-20,3.1,3.1
273.5,0.10009,0.071426,0.065495,0.089389,0.85905,0.92557,0.92557,0.92557,0.36964,0.29724,0.34576,0.70863,0.62887,0.67659,0.56098,0.885,0.089389,0.0,0.0,5e-06,5.65e-20,3.1,3.1
273.7,0.088759,0.063257,0.058054,0.079231,0.86308,0.92556,0.92556,0.92556,0.3298,0.26523,0.3085,0.70262,0.62265,0.67049,0.55973,0.885,0.079231,0.0,0.0,5e-06,5.65e-20,3.1,3.1
273.9,0.07755,0.055195,0.0507,0.069191,0.86711,0.92555,0.92555,0.92555,0.28996,0.23322,0.27125,0.6966,0.61644,0.66439,0.55844,0.885,0.069191,0.0,0.0,5e-06,5.65e-20,3.1,3.1
274.1,0.066469,0.047246,0.043436,0.059275,0.87118,0.92555,0.92555,0.92555,0.25013,0.2012,0.234,0.69058,0.61022,0.65829,0.55712,0.885,0.059275,0.0,0.0,5e-06,5.65e-20,3.1,3.1
274.3,0.05552,0.039412,0.036265,0.049487,0.87528,0.92554,0.92554,0.92554,0.21029,0.16919,0.19674,0.68456,0.604,0.6522,0.55576,0.885,0.049487,0.0,0.0,5e-06,5.65e-20,3.1,3.1
274.5,0.1575,0.11107,0.10269,0.14012,0.87938,0.92553,0.92553,0.92553,0.60054,0.48071,0.5611,0.67855,0.59779,0.6461,0.55437,0.885,0.14012,0.0,0.0,5e-06,5.65e-20,3.1,3.1
274.7,0.16345,0.11554,0.10662,0.14549,0.88348,0.92552,0.92552,0.92552,0.62753,0.50429,0.58693,0.67253,0.59157,0.64001,0.55296,0.885,0.14549,0.0,0.0,5e-06,5.65e-20,3.1,3.1
274.9,0.1693,0.11991,0.11048,0.15074,0.88758,0.92551,0.92551,0.92551,0.65453,0.52786,0.61276,0.66651,0.58535,0.63391,0.55152,0.885,0.15074,0.0,0.0,5e-06,5.65e-20,3.1,3.1
275.1,0.17499,0.12415,0.11423,0.15585,0.89148,0.92551,0.92551,0.92551,0.68152,0.55143,0.63859,0.66049,0.57914,0.62781,0.55006,0.88504,0.15585,0.0,0.0,5e-06,5.65e-20,3.1,3.1
275.3,0.18052,0.12825,0.11787,0.16081,0.89518,0.9255,0.9255,0.9255,0.70852,0.575,0.66441,0.65448,0.57292,0.62171,0.54858,0.88512,0.16081,0.0,0.0,5e-06,5.65e-20,3.1,3.1
275.5,0.18593,0.13224,0.12142,0.16565,0.89889,0.92549,0.92549,0.92549,0.73551,0.59857,0.69024,0.64846,0.56671,0.61562,0.54709,0.8852,0.16565,0.0,0.0,5e-06,5.65e-20,3.1,3.1
275.7,0.18856,0.13423,0.12316,0.168,0.90259,0.92548,0.92548,0.92548,0.7519,0.61352,0.70612,0.64244,0.56049,0.60952,0.54558,0.88528,0.168,0.0,0.0,5e-06,5.65e-20,3.1,3.1
275.9,0.18495,0.13179,0.12082,0.16481,0.9063,0.92547,0.92547,0.92547,0.74355,0.60834,0.69879,0.63643,0.55427,0.60343,0.54406,0.88536,0.16481,0.0,0.0,5e-06,5.65e-20,3.1,3.1
276.1,0.18129,0.1293,0.11844,0.16155,0.90958,0.92547,0.92547,0.92547,0.73519,0.60316,0.69145,0.63041,0.54806,0.59733,0.54253,0.88544,0.16155,0.0,0.0,5e-06,5.65e-20,3.1,3.1
276.3,0.18137,0.13008,0.11871,0.16192,0.91244,0.92546,0.92546,0.92546,0.72683,0.59798,0.68412,0.63778,0.55598,0.60492,0.54099,0.88552,0.16192,0.0,0.0,5e-06,5.65e-20,3.1,3.1
276.5,0.18517,0.1341,0.1216,0.16586,0.91529,0.92545,0.92545,0.92545,0.71848,0.59281,0.67678,0.65855,0.57804,0.6262,0.53945,0.8856,0.16586,0.0,0.0,5e-06,5.65e-20,3.1,3.1
276.7,0.18883,0.13804,0.12441,0.16967,0.91815,0.92544,0.92544,0.92544,0.71012,0.58763,0.66945,0.67932,0.60009,0.64747,0.53791,0.88568,0.16967,0.0,0.0,5e-06,5.65e-20,3.1,3.1
276.9,0.19236,0.14188,0.12712,0.17337,0.921,0.92543,0.92543,0.92543,0.70176,0.58245,0.66212,0.70009,0.62215,0.66875,0.53638,0.88576,0.17337,0.0,0.0,5e-06,5.65e-20,3.1,3.1
277.1,0.18822,0.13992,0.12472,0.17009,0.92326,0.92543,0.92543,0.92543,0.67619,0.56267,0.63844,0.71125,0.6354,0.68075,0.53485,0.8858400000000001,0.17009,0.0,0.0,5e-06,5.65e-20,3.1,3.1
277.3,0.18113,0.13567,0.12034,0.16411,0.92491,0.92542,0.92542,0.92542,0.64135,0.53503,0.60597,0.72241,0.64864,0.69275,0.53332,0.88592,0.16411,0.0,0.0,5e-06,5.65e-20,3.1,3.1
277.5,0.17374,0.13115,0.11575,0.15783,0.92656,0.92541,0.92541,0.92541,0.60651,0.50739,0.5735,0.73357,0.66189,0.70475,0.53181,0.886,0.15783,0.0,0.0,5e-06,5.65e-20,3.1,3.1
277.7,0.16607,0.12635,0.11094,0.15127,0.92821,0.9254,0.9254,0.9254,0.57166,0.47974,0.54103,0.74473,0.67513,0.71675,0.53031,0.88608,0.15127,0.0,0.0,5e-06,5.65e-20,3.1,3.1
277.9,0.15812,0.12127,0.10592,0.14442,0.92986,0.92539,0.92539,0.92539,0.53682,0.4521,0.50856,0.75589,0.68838,0.72875,0.52882,0.88616,0.14442,0.0,0.0,5e-06,5.65e-20,3.1,3.1
278.1,0.14651,0.11266,0.098202,0.13389,0.93083,0.92538,0.92538,0.92538,0.50198,0.42446,0.47609,0.7503,0.68235,0.72298,0.52736,0.88624,0.13389,0.0,0.0,5e-06,5.65e-20,3.1,3.1
278.3,0.13499,0.10414,0.090555,0.12346,0.93113,0.92538,0.92538,0.92538,0.46713,0.39681,0.44362,0.7447,0.67633,0.71721,0.52591,0.88632,0.12346,0.0,0.0,5e-06,5.65e-20,3.1,3.1
278.5,0.12268,0.0947,0.082304,0.11221,0.93143,0.92537,0.92537,0.92537,0.42878,0.36497,0.40744,0.73911,0.6703,0.71144,0.52449,0.8864,0.11221,0.0,0.0,5e-06,5.65e-20,3.1,3.1
278.7,0.11055,0.0854,0.074174,0.10112,0.93173,0.92536,0.92536,0.92536,0.39024,0.3329,0.37105,0.73352,0.66427,0.70567,0.52309,0.88648,0.10112,0.0,0.0,5e-06,5.65e-20,3.1,3.1
278.9,0.09864,0.076296,0.066202,0.090249,0.93203,0.92535,0.92535,0.92535,0.35171,0.30083,0.33467,0.72792,0.65825,0.69991,0.52172,0.88656,0.090249,0.0,0.0,5e-06,5.65e-20,3.1,3.1
279.1,0.086901,0.06734,0.058349,0.07954,0.9317,0.92534,0.92534,0.92534,0.31317,0.26876,0.29829,0.72233,0.65222,0.69414,0.52039,0.88664,0.07954,0.0,0.0,5e-06,5.65e-20,3.1,3.1
279.3,0.075348,0.058548,0.050628,0.069011,0.93073,0.92533,0.92533,0.92533,0.27463,0.2367,0.2619,0.71674,0.64619,0.68837,0.51909,0.8867200000000001,0.069011,0.0,0.0,5e-06,5.65e-20,3.1,3.1
279.5,0.064045,0.049969,0.04308,0.05872,0.92977,0.92533,0.92533,0.92533,0.2361,0.20463,0.22552,0.71114,0.64017,0.6826,0.51782,0.8868,0.05872,0.0,0.0,5e-06,5.65e-20,3.1,3.1
279.7,0.1565,0.11483,0.10348,0.14104,0.92881,0.92532,0.92532,0.92532,0.5835,0.47634,0.54816,0.70555,0.63414,0.67683,0.5166,0.88688,0.14104,0.0,0.0,5e-06,5.65e-20,3.1,3.1
279.9,0.16162,0.11922,0.107,0.14583,0.92785,0.92531,0.92531,0.92531,0.60942,0.50099,0.57359,0.69996,0.62811,0.67106,0.51542,0.88696,0.14583,0.0,0.0,5e-06,5.65e-20,3.1,3.1
280.1,0.16651,0.12342,0.11037,0.15042,0.9264,0.9253,0.9253,0.9253,0.63534,0.52563,0.59903,0.69436,0.62209,0.66529,0.51428,0.887,0.15042,0.0,0.0,5e-06,5.65e-20,3.1,3.1
280.3,0.17118,0.12741,0.11358,0.15479,0.92448,0.92529,0.92529,0.92529,0.66126,0.55028,0.62446,0.68877,0.61606,0.65952,0.51319,0.887,0.15479,0.0,0.0,5e-06,5.65e-20,3.1,3.1
280.5,0.17572,0.13127,0.11669,0.15903,0.92256,0.92528,0.92528,0.92528,0.68718,0.57492,0.6499,0.68318,0.61003,0.65375,0.51215,0.887,0.15903,0.0,0.0,5e-06,5.65e-20,3.1,3.1
280.7,0.18012,0.135,0.11971,0.16313,0.92064,0.92528,0.92528,0.92528,0.7131,0.59957,0.67533,0.67758,0.60401,0.64799,0.51116,0.887,0.16313,0.0,0.0,5e-06,5.65e-20,3.1,3.1
280.9,0.1844,0.1386,0.12264,0.16711,0.91871,0.92527,0.92527,0.92527,0.73902,0.62421,0.70077,0.67199,0.59798,0.64222,0.51023,0.887,0.16711,0.0,0.0,5e-06,5.65e-20,3.1,3.1
281.1,0.18514,0.13955,0.12321,0.16788,0.91652,0.92526,0.92526,0.92526,0.75131,0.6375,0.71334,0.6664,0.59195,0.63645,0.50936,0.887,0.16788,0.0,0.0,5e-06,5.65e-20,3.1,3.1
281.3,0.18081,0.13672,0.12042,0.16408,0.91404,0.92525,0.92525,0.92525,0.74315,0.63373,0.7066,0.6608,0.58593,0.63068,0.50855,0.887,0.16408,0.0,0.0,5e-06,5.65e-20,3.1,3.1
281.5,0.17657,0.13394,0.11769,0.16036,0.91157,0.92524,0.92524,0.92524,0.735,0.62997,0.69987,0.65521,0.5799,0.62491,0.5078,0.887,0.16036,0.0,0.0,5e-06,5.65e-20,3.1,3.1
281.7,0.17797,0.1365,0.11907,0.16222,0.9091,0.92523,0.92523,0.92523,0.72685,0.62621,0.69314,0.67055,0.59694,0.64093,0.50712,0.887,0.16222,0.0,0.0,5e-06,5.65e-20,3.1,3.1
281.9,0.17929,0.139,0.12038,0.16401,0.90663,0.92523,0.92523,0.92523,0.71869,0.62245,0.68641,0.6859,0.61398,0.65695,0.50651,0.887,0.16401,0.0,0.0,5e-06,5.65e-20,3.1,3.1
282.1,0.18052,0.14144,0.12164,0.16572,0.90409,0.92522,0.92522,0.92522,0.71054,0.61869,0.67968,0.70124,0.63101,0.67298,0.50597,0.887,0.16572,0.0,0.0,5e-06,5.65e-20,3.1,3.1
282.3,0.18165,0.14382,0.12284,0.16734,0.90149,0.92521,0.92521,0.92521,0.70238,0.61493,0.67294,0.71659,0.64805,0.689,0.5055,0.887,0.16734,0.0,0.0,5e-06,5.65e-20,3.1,3.1
282.5,0.17897,0.1431,0.12143,0.16541,0.89889,0.9252,0.9252,0.9252,0.68284,0.60082,0.65519,0.72888,0.66234,0.7021,0.50511,0.887,0.16541,0.0,0.0,5e-06,5.65e-20,3.1,3.1
282.7,0.17175,0.13861,0.1169,0.15924,0.89629,0.92519,0.92519,0.92519,0.64938,0.57406,0.62396,0.73812,0.67388,0.71227,0.5048,0.887,0.15924,0.0,0.0,5e-06,5.65e-20,3.1,3.1
282.9,0.16437,0.13396,0.11226,0.15292,0.89368,0.92518,0.92518,0.92518,0.61591,0.54731,0.59273,0.74736,0.68542,0.72245,0.50457,0.887,0.15292,0.0,0.0,5e-06,5.65e-20,3.1,3.1
283.1,0.15687,0.12915,0.10751,0.14644,0.8912,0.92518,0.92518,0.92518,0.58245,0.52055,0.56151,0.75659,0.69697,0.73262,0.50441,0.887,0.14644,0.0,0.0,5e-06,5.65e-20,3.1,3.1
283.3,0.14924,0.12419,0.10265,0.13982,0.88883,0.92517,0.92517,0.92517,0.54899,0.4938,0.53028,0.76583,0.70851,0.7428,0.50432,0.887,0.13982,0.0,0.0,5e-06,5.65e-20,3.1,3.1
283.5,0.14144,0.11905,0.097668,0.13302,0.88646,0.92516,0.92516,0.92516,0.51552,0.46704,0.49905,0.77507,0.72005,0.75297,0.5043,0.887,0.13302,0.0,0.0,5e-06,5.65e-20,3.1,3.1
283.7,0.13102,0.111,0.090644,0.12345,0.88409,0.92515,0.92515,0.92515,0.48206,0.44029,0.46782,0.76977,0.71403,0.74738,0.50434,0.887,0.12345,0.0,0.0,5e-06,5.65e-20,3.1,3.1
283.9,0.12027,0.10239,0.083328,0.11348,0.88172,0.92514,0.92514,0.92514,0.44671,0.4106,0.43437,0.76448,0.70802,0.74179,0.50446,0.887,0.11348,0.0,0.0,5e-06,5.65e-20,3.1,3.1
284.1,0.10925,0.093252,0.075752,0.10316,0.87959,0.92514,0.92514,0.92514,0.40947,0.37797,0.3987,0.75918,0.702,0.7362,0.50463,0.887,0.10316,0.0,0.0,5e-06,5.65e-20,3.1,3.1
284.3,0.098453,0.084326,0.068336,0.093056,0.8777,0.92513,0.92513,0.92513,0.37222,0.34534,0.36303,0.75389,0.69599,0.73061,0.50486,0.887,0.093056,0.0,0.0,5e-06,5.65e-20,3.1,3.1
284.5,0.087838,0.075577,0.061053,0.083136,0.87581,0.92512,0.92512,0.92512,0.33498,0.31271,0.32736,0.74859,0.68997,0.72502,0.50514,0.887,0.083136,0.0,0.0,5e-06,5.65e-20,3.1,3.1
284.7,0.077403,0.066999,0.053901,0.073394,0.87392,0.92511,0.92511,0.92511,0.29774,0.28008,0.29168,0.74329,0.68396,0.71943,0.50548,0.887,0.073394,0.0,0.0,5e-06,5.65e-20,3.1,3.1
284.9,0.067144,0.05859,0.046877,0.063827,0.87203,0.9251,0.9251,0.9251,0.2605,0.24745,0.25601,0.738,0.67794,0.71384,0.50587,0.887,0.063827,0.0,0.0,5e-06,5.65e-20,3.1,3.1
285.1,0.057077,0.050365,0.039992,0.054451,0.87046,0.9251,0.9251,0.9251,0.22326,0.21482,0.22034,0.7327,0.67193,0.70825,0.50631,0.88702,0.054451,0.0,0.0,5e-06,5.65e-20,3.1,3.1
285.3,0.15075,0.11508,0.10109,0.13763,0.86921,0.92509,0.92509,0.92509,0.59426,0.49556,0.56163,0.72741,0.66591,0.70266,0.50679,0.88706,0.13763,0.0,0.0,5e-06,5.65e-20,3.1,3.1
285.5,0.15587,0.11985,0.10471,0.14256,0.86796,0.92508,0.92508,0.92508,0.61922,0.52101,0.58668,0.72211,0.6599,0.69707,0.50732,0.8871,0.14256,0.0,0.0,5e-06,5.65e-20,3.1,3.1
285.7,0.16091,0.12451,0.10828,0.1474,0.86671,0.92507,0.92507,0.92507,0.64418,0.54645,0.61173,0.71681,0.65388,0.69148,0.50789,0.88714,0.1474,0.0,0.0,5e-06,5.65e-20,3.1,3.1
285.9,0.16586,0.12908,0.11177,0.15216,0.86546,0.92506,0.92506,0.92506,0.66914,0.5719,0.63678,0.71152,0.64786,0.68589,0.50849,0.88718,0.15216,0.0,0.0,5e-06,5.65e-20,3.1,3.1
286.1,0.1708,0.1336,0.11525,0.15689,0.86457,0.92506,0.92506,0.92506,0.6941,0.59735,0.66183,0.70622,0.64185,0.6803,0.50913,0.88722,0.15689,0.0,0.0,5e-06,5.65e-20,3.1,3.1
286.3,0.17574,0.13808,0.11871,0.1616,0.86403,0.92505,0.92505,0.92505,0.71906,0.6228,0.68688,0.70093,0.63583,0.67471,0.50981,0.88726,0.1616,0.0,0.0,5e-06,5.65e-20,3.1,3.1
286.5,0.1806,0.14246,0.12212,0.16622,0.8635,0.92504,0.92504,0.92504,0.74402,0.64825,0.71193,0.69563,0.62982,0.66912,0.51051,0.8873,0.16622,0.0,0.0,5e-06,5.65e-20,3.1,3.1
286.7,0.18224,0.14439,0.12337,0.16792,0.86296,0.92503,0.92503,0.92503,0.75595,0.66281,0.72468,0.69033,0.6238,0.66353,0.51124,0.88734,0.16792,0.0,0.0,5e-06,5.65e-20,3.1,3.1
286.9,0.17916,0.14273,0.12147,0.16533,0.86243,0.92503,0.92503,0.92503,0.74832,0.66104,0.71897,0.68504,0.61779,0.65794,0.512,0.8873800000000001,0.16533,0.0,0.0,5e-06,5.65e-20,3.1,3.1
287.1,0.17855,0.14355,0.12141,0.16524,0.86226,0.92502,0.92502,0.92502,0.74068,0.65926,0.71326,0.68883,0.6222,0.66199,0.51277,0.88742,0.16524,0.0,0.0,5e-06,5.65e-20,3.1,3.1
287.3,0.18033,0.14684,0.12314,0.16759,0.86245,0.92501,0.92501,0.92501,0.73305,0.65749,0.70755,0.70172,0.63705,0.67567,0.51357,0.88746,0.16759,0.0,0.0,5e-06,5.65e-20,3.1,3.1
287.5,0.18205,0.15012,0.12485,0.16991,0.86263,0.925,0.925,0.925,0.72542,0.65572,0.70184,0.71461,0.6519,0.68934,0.51438,0.8875,0.16991,0.0,0.0,5e-06,5.65e-20,3.1,3.1
287.7,0.18372,0.1534,0.12652,0.17218,0.86282,0.925,0.925,0.925,0.71779,0.65394,0.69613,0.72749,0.66674,0.70302,0.51521,0.88754,0.17218,0.0,0.0,5e-06,5.65e-20,3.1,3.1
287.9,0.18532,0.15668,0.12817,0.17441,0.86301,0.92499,0.92499,0.92499,0.71016,0.65217,0.69042,0.74038,0.68159,0.7167,0.51605,0.88758,0.17441,0.0,0.0,5e-06,5.65e-20,3.1,3.1
288.1,0.18494,0.15823,0.12842,0.17475,0.86354,0.92498,0.92498,0.92498,0.69747,0.64543,0.6797,0.75061,0.69397,0.72781,0.51691,0.88762,0.17475,0.0,0.0,5e-06,5.65e-20,3.1,3.1
288.3,0.17847,0.15427,0.12438,0.16925,0.86441,0.92497,0.92497,0.92497,0.66459,0.6188,0.64895,0.75819,0.70388,0.73635,0.51776,0.88766,0.16925,0.0,0.0,5e-06,5.65e-20,3.1,3.1
288.5,0.17179,0.15011,0.12018,0.16353,0.86528,0.92497,0.92497,0.92497,0.6317,0.59218,0.61819,0.76577,0.7138,0.74488,0.51862,0.8877,0.16353,0.0,0.0,5e-06,5.65e-20,3.1,3.1
288.7,0.16489,0.14574,0.11582,0.15759,0.86614,0.92496,0.92496,0.92496,0.59882,0.56556,0.58744,0.77336,0.72371,0.75342,0.51949,0.88774,0.15759,0.0,0.0,5e-06,5.65e-20,3.1,3.1
288.9,0.15778,0.14115,0.1113,0.15143,0.86701,0.92495,0.92495,0.92495,0.56593,0.53894,0.55669,0.78094,0.73363,0.76195,0.52035,0.88778,0.15143,0.0,0.0,5e-06,5.65e-20,3.1,3.1
289.1,0.1505,0.1364,0.10665,0.1451,0.86817,0.92495,0.92495,0.92495,0.53305,0.51232,0.52594,0.78852,0.74354,0.77049,0.52121,0.88782,0.1451,0.0,0.0,5e-06,5.65e-20,3.1,3.1
289.3,0.14193,0.1301,0.10097,0.13736,0.86963,0.92494,0.92494,0.92494,0.50016,0.4857,0.49518,0.78992,0.74562,0.77217,0.52206,0.88786,0.13736,0.0,0.0,5e-06,5.65e-20,3.1,3.1
289.5,0.13223,0.12242,0.094373,0.12839,0.87108,0.92493,0.92493,0.92493,0.46728,0.45908,0.46443,0.78514,0.73986,0.76698,0.5229,0.8879,0.12839,0.0,0.0,5e-06,5.65e-20,3.1,3.1
289.7,0.12175,0.11309,0.086992,0.11834,0.87254,0.92493,0.92493,0.92493,0.43148,0.42607,0.42961,0.78036,0.73409,0.7618,0.52373,0.8879400000000001,0.11834,0.0,0.0,5e-06,5.65e-20,3.1,3.1
289.9,0.11132,0.10384,0.079656,0.10836,0.87399,0.92492,0.92492,0.92492,0.39569,0.39305,0.3948,0.77558,0.72833,0.75662,0.52455,0.88798,0.10836,0.0,0.0,5e-06,5.65e-20,3.1,3.1
290.1,0.10097,0.094694,0.072384,0.098461,0.87567,0.92491,0.92491,0.92491,0.35989,0.36004,0.35998,0.77079,0.72257,0.75143,0.52535,0.88804,0.098461,0.0,0.0,5e-06,5.65e-20,3.1,3.1
290.3,0.090695,0.085637,0.065172,0.088647,0.87759,0.92491,0.92491,0.92491,0.32409,0.32702,0.32516,0.76601,0.7168,0.74625,0.52613,0.88812,0.088647,0.0,0.0,5e-06,5.65e-20,3.1,3.1
290.5,0.080463,0.076648,0.058,0.078889,0.8795,0.9249,0.9249,0.9249,0.28829,0.29401,0.29035,0.76123,0.71104,0.74106,0.5269,0.8882,0.078889,0.0,0.0,5e-06,5.65e-20,3.1,3.1
290.7,0.070278,0.06773,0.05087,0.069188,0.88141,0.92489,0.92489,0.92489,0.2525,0.261,0.25553,0.75645,0.70528,0.73588,0.52763,0.88828,0.069188,0.0,0.0,5e-06,5.65e-20,3.1,3.1
290.9,0.060143,0.058884,0.043783,0.059547,0.88332,0.92489,0.92489,0.92489,0.2167,0.22798,0.22071,0.75167,0.69952,0.7307,0.52834,0.88836,0.059547,0.0,0.0,5e-06,5.65e-20,3.1,3.1
291.1,0.16624,0.13143,0.11287,0.15351,0.88537,0.92488,0.92488,0.92488,0.60063,0.51124,0.571,0.74689,0.69375,0.72551,0.52902,0.88844,0.15351,0.0,0.0,5e-06,5.65e-20,3.1,3.1
291.3,0.17239,0.13747,0.11732,0.15956,0.88757,0.92487,0.92487,0.92487,0.62459,0.53722,0.59555,0.74211,0.68799,0.72033,0.52968,0.88852,0.15956,0.0,0.0,5e-06,5.65e-20,3.1,3.1
291.5,0.1785,0.14343,0.12173,0.16554,0.88977,0.92487,0.92487,0.92487,0.64854,0.5632,0.62011,0.73733,0.68223,0.71514,0.5303,0.8886000000000001,0.16554,0.0,0.0,5e-06,5.65e-20,3.1,3.1
291.7,0.18455,0.14931,0.12609,0.17146,0.89196,0.92486,0.92486,0.92486,0.67249,0.58918,0.64466,0.73255,0.67646,0.70996,0.53091,0.88868,0.17146,0.0,0.0,5e-06,5.65e-20,3.1,3.1
291.9,0.19055,0.15511,0.1304,0.17732,0.89416,0.92486,0.92486,0.92486,0.69644,0.61516,0.66922,0.72776,0.6707,0.70478,0.53148,0.88876,0.17732,0.0,0.0,5e-06,5.65e-20,3.1,3.1
292.1,0.1965,0.16084,0.13467,0.18311,0.8964,0.92485,0.92485,0.92485,0.72039,0.64114,0.69378,0.72298,0.66494,0.69959,0.53203,0.8888400000000001,0.18311,0.0,0.0,5e-06,5.65e-20,3.1,3.1
292.3,0.2024,0.16649,0.13889,0.18885,0.89868,0.92485,0.92485,0.92485,0.74434,0.66712,0.71833,0.7182,0.65918,0.69441,0.53256,0.88892,0.18885,0.0,0.0,5e-06,5.65e-20,3.1,3.1
292.5,0.20572,0.1701,0.14137,0.19222,0.90096,0.92484,0.92484,0.92484,0.75899,0.68521,0.73408,0.71342,0.65341,0.68922,0.53306,0.889,0.19222,0.0,0.0,5e-06,5.65e-20,3.1,3.1
292.7,0.20313,0.1691,0.13987,0.19017,0.90324,0.92483,0.92483,0.92483,0.75194,0.6849,0.72927,0.70864,0.64765,0.68404,0.53354,0.88908,0.19017,0.0,0.0,5e-06,5.65e-20,3.1,3.1
292.9,0.20474,0.17268,0.1416,0.19252,0.90552,0.92483,0.92483,0.92483,0.74489,0.68458,0.72447,0.71858,0.65947,0.69474,0.534,0.88916,0.19252,0.0,0.0,5e-06,5.65e-20,3.1,3.1
293.1,0.20627,0.17626,0.1433,0.19482,0.90774,0.92482,0.92482,0.92482,0.73783,0.68426,0.71967,0.72853,0.67128,0.70545,0.53444,0.88924,0.19482,0.0,0.0,5e-06,5.65e-20,3.1,3.1
293.3,0.20773,0.17984,0.14496,0.19707,0.90988,0.92482,0.92482,0.92482,0.73078,0.68394,0.71486,0.73847,0.6831,0.71616,0.53485,0.88932,0.19707,0.0,0.0,5e-06,5.65e-20,3.1,3.1
293.5,0.20914,0.18343,0.14659,0.19928,0.91202,0.92481,0.92481,0.92481,0.72373,0.68362,0.71006,0.74841,0.69492,0.72686,0.53525,0.8894,0.19928,0.0,0.0,5e-06,5.65e-20,3.1,3.1
293.7,0.21049,0.18703,0.1482,0.20146,0.91416,0.92481,0.92481,0.92481,0.71667,0.6833,0.70525,0.75836,0.70673,0.73757,0.53562,0.88948,0.20146,0.0,0.0,5e-06,5.65e-20,3.1,3.1
293.9,0.21178,0.19064,0.14978,0.2036,0.91631,0.9248,0.9248,0.9248,0.70962,0.68298,0.70045,0.7683,0.71855,0.74827,0.53598,0.88956,0.2036,0.0,0.0,5e-06,5.65e-20,3.1,3.1
294.1,0.20586,0.18729,0.14615,0.19865,0.91826,0.9248,0.9248,0.9248,0.68281,0.66193,0.67562,0.77401,0.72637,0.75485,0.53632,0.88964,0.19865,0.0,0.0,5e-06,5.65e-20,3.1,3.1
294.3,0.19823,0.18226,0.14127,0.19202,0.92003,0.92479,0.92479,0.92479,0.65105,0.6357,0.64579,0.77973,0.7342,0.76144,0.53664,0.8897200000000001,0.19202,0.0,0.0,5e-06,5.65e-20,3.1,3.1
294.5,0.19042,0.17703,0.13625,0.18519,0.9218,0.92479,0.92479,0.92479,0.6193,0.60946,0.61595,0.78544,0.74202,0.76802,0.53694,0.8898,0.18519,0.0,0.0,5e-06,5.65e-20,3.1,3.1
294.7,0.18241,0.17162,0.13108,0.17816,0.92357,0.92478,0.92478,0.92478,0.58755,0.58323,0.58612,0.79116,0.74985,0.7746,0.53722,0.88988,0.17816,0.0,0.0,5e-06,5.65e-20,3.1,3.1
294.9,0.17422,0.166,0.12577,0.17094,0.92534,0.92478,0.92478,0.92478,0.55579,0.55699,0.55628,0.79687,0.75767,0.78118,0.53749,0.88996,0.17094,0.0,0.0,5e-06,5.65e-20,3.1,3.1
295.1,0.16578,0.16015,0.12028,0.16347,0.92683,0.92478,0.92478,0.92478,0.52404,0.53076,0.52645,0.80259,0.7655,0.78777,0.53775,0.89002,0.16347,0.0,0.0,5e-06,5.65e-20,3.1,3.1
295.3,0.15712,0.15406,0.11462,0.15577,0.92806,0.92477,0.92477,0.92477,0.49229,0.50452,0.49661,0.8083,0.77332,0.79435,0.53798,0.89006,0.15577,0.0,0.0,5e-06,5.65e-20,3.1,3.1
295.5,0.14618,0.14459,0.10697,0.14536,0.92929,0.92477,0.92477,0.92477,0.4597,0.47614,0.4655,0.80394,0.76769,0.78947,0.53821,0.8901,0.14536,0.0,0.0,5e-06,5.65e-20,3.1,3.1
295.7,0.13469,0.13369,0.098687,0.13411,0.93052,0.92476,0.92476,0.92476,0.42516,0.44276,0.4314,0.79957,0.76206,0.78458,0.53842,0.89014,0.13411,0.0,0.0,5e-06,5.65e-20,3.1,3.1
295.9,0.12328,0.1229,0.090474,0.12294,0.93175,0.92476,0.92476,0.92476,0.39063,0.40937,0.39729,0.79521,0.75643,0.7797,0.53862,0.89018,0.12294,0.0,0.0,5e-06,5.65e-20,3.1,3.1
296.1,0.11191,0.11218,0.082299,0.11183,0.93264,0.92476,0.92476,0.92476,0.35609,0.37598,0.36319,0.79084,0.7508,0.77481,0.5388,0.89022,0.11183,0.0,0.0,5e-06,5.65e-20,3.1,3.1
296.3,0.10059,0.10154,0.074171,0.10078,0.93319,0.92475,0.92475,0.92475,0.32156,0.34259,0.32909,0.78648,0.74517,0.76993,0.53898,0.89026,0.10078,0.0,0.0,5e-06,5.65e-20,3.1,3.1
296.5,0.089368,0.091035,0.066124,0.089844,0.93375,0.92475,0.92475,0.92475,0.28702,0.3092,0.29499,0.78211,0.73954,0.76504,0.53914,0.8903,0.089844,0.0,0.0,5e-06,5.65e-20,3.1,3.1
296.7,0.078244,0.080657,0.058158,0.079018,0.93431,0.92475,0.92475,0.92475,0.25248,0.27582,0.26088,0.77775,0.73391,0.76016,0.53929,0.89034,0.079018,0.0,0.0,5e-06,5.65e-20,3.1,3.1
296.9,0.067219,0.070409,0.050275,0.068306,0.93486,0.92474,0.92474,0.92474,0.21795,0.24243,0.22678,0.77338,0.72828,0.75527,0.53943,0.8903800000000001,0.068306,0.0,0.0,5e-06,5.65e-20,3.1,3.1
297.1,0.18394,0.15033,0.12639,0.17171,0.93507,0.92474,0.92474,0.92474,0.59951,0.52142,0.57355,0.76902,0.72265,0.75039,0.53956,0.89042,0.17171,0.0,0.0,5e-06,5.65e-20,3.1,3.1
297.3,0.18997,0.15667,0.13086,0.17778,0.93491,0.92474,0.92474,0.92474,0.62267,0.54762,0.59767,0.76465,0.71702,0.7455,0.53969,0.89046,0.17778,0.0,0.0,5e-06,5.65e-20,3.1,3.1
297.5,0.19592,0.16288,0.13526,0.18375,0.93476,0.92473,0.92473,0.92473,0.64584,0.57382,0.62179,0.76029,0.71139,0.74062,0.5398,0.8905000000000001,0.18375,0.0,0.0,5e-06,5.65e-20,3.1,3.1
297.7,0.20179,0.16898,0.13959,0.18962,0.93461,0.92473,0.92473,0.92473,0.66901,0.60002,0.64591,0.75592,0.70576,0.73573,0.53991,0.89054,0.18962,0.0,0.0,5e-06,5.65e-20,3.1,3.1
297.9,0.20758,0.17495,0.14385,0.1954,0.93446,0.92473,0.92473,0.92473,0.69218,0.62623,0.67004,0.75156,0.70013,0.73085,0.54001,0.89058,0.1954,0.0,0.0,5e-06,5.65e-20,3.1,3.1
298.1,0.21321,0.18074,0.14798,0.20101,0.93397,0.92473,0.92473,0.92473,0.71534,0.65243,0.69416,0.74719,0.6945,0.72596,0.54011,0.89062,0.20101,0.0,0.0,5e-06,5.65e-20,3.1,3.1
298.3,0.21867,0.18634,0.15199,0.20645,0.93315,0.92472,0.92472,0.92472,0.73851,0.67863,0.71828,0.74283,0.68887,0.72108,0.5402,0.89066,0.20645,0.0,0.0,5e-06,5.65e-20,3.1,3.1
298.5,0.22404,0.19182,0.15592,0.21179,0.93234,0.92472,0.92472,0.92472,0.76168,0.70483,0.7424,0.73846,0.68324,0.71619,0.54028,0.8907,0.21179,0.0,0.0,5e-06,5.65e-20,3.1,3.1
298.7,0.22064,0.19018,0.15387,0.20899,0.93152,0.92472,0.92472,0.92472,0.75514,0.70516,0.73819,0.7341,0.67761,0.71131,0.54036,0.89074,0.20899,0.0,0.0,5e-06,5.65e-20,3.1,3.1
298.9,0.22105,0.19298,0.15483,0.21029,0.9307,0.92472,0.92472,0.92472,0.74861,0.70548,0.73398,0.7424,0.68777,0.72037,0.54044,0.89078,0.21029,0.0,0.0,5e-06,5.65e-20,3.1,3.1
299.1,0.22134,0.19572,0.15573,0.2115,0.92961,0.92472,0.92472,0.92472,0.74207,0.70581,0.72977,0.75071,0.69794,0.72944,0.54051,0.8908200000000001,0.2115,0.0,0.0,5e-06,5.65e-20,3.1,3.1
299.3,0.22152,0.1984,0.15655,0.21261,0.92825,0.92471,0.92471,0.92471,0.73554,0.70614,0.72556,0.75901,0.7081,0.7385,0.54058,0.89086,0.21261,0.0,0.0,5e-06,5.65e-20,3.1,3.1
299.5,0.22165,0.20107,0.15734,0.21368,0.92689,0.92471,0.92471,0.92471,0.729,0.70647,0.72135,0.76731,0.71827,0.74757,0.54065,0.8909,0.21368,0.0,0.0,5e-06,5.65e-20,3.1,3.1
299.7,0.22174,0.20373,0.15811,0.21472,0.92553,0.92471,0.92471,0.92471,0.72247,0.70679,0.71714,0.77562,0.72843,0.75663,0.54072,0.8909400000000001,0.21472,0.0,0.0,5e-06,5.65e-20,3.1,3.1
299.9,0.22179,0.20639,0.15886,0.21572,0.92416,0.92471,0.92471,0.92471,0.71593,0.70712,0.71293,0.78392,0.7386,0.7657,0.54079,0.89098,0.21572,0.0,0.0,5e-06,5.65e-20,3.1,3.1
300.1,0.22009,0.20733,0.15833,0.215,0.92261,0.92471,0.92471,0.92471,0.7058,0.70348,0.705,0.79033,0.74695,0.77291,0.54086,0.89102,0.215,0.0,0.0,5e-06,5.65e-20,3.1,3.1
300.3,0.21141,0.20102,0.15261,0.20723,0.92088,0.92471,0.92471,0.92471,0.67527,0.67735,0.67603,0.79486,0.75348,0.77826,0.54092,0.89106,0.20723,0.0,0.0,5e-06,5.65e-20,3.1,3.1
300.5,0.20264,0.1946,0.14682,0.19936,0.91915,0.92471,0.92471,0.92471,0.64474,0.65122,0.64705,0.79938,0.76001,0.78362,0.54099,0.8911,0.19936,0.0,0.0,5e-06,5.65e-20,3.1,3.1
300.7,0.1938,0.18806,0.14096,0.19139,0.91741,0.92471,0.92471,0.92471,0.61421,0.62508,0.61808,0.80391,0.76654,0.78898,0.54106,0.89114,0.19139,0.0,0.0,5e-06,5.65e-20,3.1,3.1
300.9,0.18487,0.18142,0.13503,0.18334,0.91568,0.92471,0.92471,0.92471,0.58368,0.59895,0.5891,0.80843,0.77307,0.79433,0.54114,0.89118,0.18334,0.0,0.0,5e-06,5.65e-20,3.1,3.1
301.1,0.17586,0.17464,0.12902,0.17517,0.91386,0.92471,0.92471,0.92471,0.55315,0.57282,0.56013,0.81296,0.77961,0.79969,0.54121,0.89122,0.17517,0.0,0.0,5e-06,5.65e-20,3.1,3.1
301.3,0.16675,0.16775,0.12293,0.1669,0.91195,0.92471,0.92471,0.92471,0.52262,0.54669,0.53115,0.81748,0.78614,0.80504,0.5413,0.89126,0.1669,0.0,0.0,5e-06,5.65e-20,3.1,3.1
301.5,0.15758,0.16074,0.11678,0.15854,0.91004,0.92471,0.92471,0.92471,0.49208,0.52056,0.50217,0.82201,0.79267,0.8104,0.54138,0.8913,0.15854,0.0,0.0,5e-06,5.65e-20,3.1,3.1
301.7,0.14653,0.15059,0.10889,0.14782,0.90813,0.92471,0.92471,0.92471,0.46059,0.4919,0.47169,0.81825,0.7874,0.80602,0.54147,0.89134,0.14782,0.0,0.0,5e-06,5.65e-20,3.1,3.1
301.9,0.13506,0.13917,0.10046,0.13638,0.90622,0.92471,0.92471,0.92471,0.42731,0.45854,0.43842,0.81448,0.78213,0.80163,0.54156,0.8913800000000001,0.13638,0.0,0.0,5e-06,5.65e-20,3.1,3.1
302.1,0.12372,0.12794,0.092157,0.1251,0.90432,0.92471,0.92471,0.92471,0.39402,0.42519,0.40514,0.81072,0.77686,0.79725,0.54167,0.89142,0.1251,0.0,0.0,5e-06,5.65e-20,3.1,3.1
302.3,0.11253,0.11688,0.083965,0.11398,0.90242,0.92471,0.92471,0.92471,0.36074,0.39184,0.37186,0.80695,0.77159,0.79287,0.54177,0.89146,0.11398,0.0,0.0,5e-06,5.65e-20,3.1,3.1
302.5,0.10148,0.106,0.075888,0.10301,0.90052,0.92471,0.92471,0.92471,0.32745,0.35849,0.33859,0.80319,0.76633,0.78848,0.54189,0.8915,0.10301,0.0,0.0,5e-06,5.65e-20,3.1,3.1
302.7,0.090567,0.095297,0.067923,0.092195,0.89862,0.92471,0.92471,0.92471,0.29417,0.32513,0.30531,0.79943,0.76106,0.7841,0.54201,0.89154,0.092195,0.0,0.0,5e-06,5.65e-20,3.1,3.1
302.9,0.079792,0.08477,0.06007,0.081534,0.89672,0.92471,0.92471,0.92471,0.26088,0.29178,0.27203,0.79566,0.75579,0.77972,0.54214,0.89158,0.081534,0.0,0.0,5e-06,5.65e-20,3.1,3.1
303.1,0.069159,0.074424,0.052334,0.071032,0.8949,0.92471,0.92471,0.92471,0.2276,0.25843,0.23875,0.7919,0.75052,0.77533,0.54227,0.89162,0.071032,0.0,0.0,5e-06,5.65e-20,3.1,3.1
303.3,0.17885,0.14913,0.12384,0.16808,0.89317,0.92471,0.92471,0.92471,0.59238,0.52237,0.56911,0.78813,0.74525,0.77095,0.54241,0.89166,0.16808,0.0,0.0,5e-06,5.65e-20,3.1,3.1
303.5,0.18455,0.15536,0.12813,0.17389,0.89143,0.92471,0.92471,0.92471,0.61521,0.54898,0.59316,0.78437,0.73998,0.76656,0.54256,0.8917,0.17389,0.0,0.0,5e-06,5.65e-20,3.1,3.1
303.7,0.19016,0.16146,0.13234,0.17961,0.8897,0.92472,0.92472,0.92472,0.63805,0.57559,0.61721,0.7806,0.73471,0.76218,0.54271,0.89174,0.17961,0.0,0.0,5e-06,5.65e-20,3.1,3.1
303.9,0.19569,0.16744,0.13649,0.18523,0.88796,0.92472,0.92472,0.92472,0.66089,0.6022,0.64126,0.77684,0.72944,0.7578,0.54287,0.89178,0.18523,0.0,0.0,5e-06,5.65e-20,3.1,3.1
304.1,0.20117,0.17331,0.14058,0.19078,0.88637,0.92472,0.92472,0.92472,0.68372,0.62882,0.66531,0.77308,0.72418,0.75341,0.54302,0.8918200000000001,0.19078,0.0,0.0,5e-06,5.65e-20,3.1,3.1
304.3,0.20661,0.1791,0.14463,0.19626,0.88493,0.92472,0.92472,0.92472,0.70656,0.65543,0.68935,0.76931,0.71891,0.74903,0.54319,0.89186,0.19626,0.0,0.0,5e-06,5.65e-20,3.1,3.1
304.5,0.21196,0.18476,0.14861,0.20166,0.88349,0.92473,0.92473,0.92473,0.72939,0.68204,0.7134,0.76555,0.71364,0.74465,0.54336,0.8919,0.20166,0.0,0.0,5e-06,5.65e-20,3.1,3.1
304.7,0.21724,0.1903,0.15252,0.20695,0.88205,0.92473,0.92473,0.92473,0.75223,0.70865,0.73745,0.76178,0.70837,0.74026,0.54353,0.8919400000000001,0.20695,0.0,0.0,5e-06,5.65e-20,3.1,3.1
304.9,0.21905,0.19282,0.154,0.20897,0.88061,0.92473,0.92473,0.92473,0.76326,0.72434,0.75003,0.75802,0.7031,0.73588,0.5437,0.89198,0.20897,0.0,0.0,5e-06,5.65e-20,3.1,3.1
305.1,0.21874,0.19465,0.15437,0.20946,0.87935,0.92473,0.92473,0.92473,0.7566,0.72365,0.7454,0.76444,0.71122,0.743,0.54388,0.892,0.20946,0.0,0.0,5e-06,5.65e-20,3.1,3.1
305.3,0.21844,0.19651,0.15475,0.20997,0.87829,0.92474,0.92474,0.92474,0.74994,0.72296,0.74078,0.77086,0.71935,0.75012,0.54406,0.892,0.20997,0.0,0.0,5e-06,5.65e-20,3.1,3.1
305.5,0.21812,0.19837,0.15512,0.21046,0.87723,0.92474,0.92474,0.92474,0.74327,0.72227,0.73615,0.77728,0.72747,0.75724,0.54424,0.892,0.21046,0.0,0.0,5e-06,5.65e-20,3.1,3.1
305.7,0.21776,0.20022,0.15546,0.21092,0.87617,0.92474,0.92474,0.92474,0.73661,0.72158,0.73152,0.78371,0.73559,0.76436,0.54443,0.892,0.21092,0.0,0.0,5e-06,5.65e-20,3.1,3.1
305.9,0.21737,0.20206,0.15579,0.21136,0.87511,0.92475,0.92475,0.92475,0.72995,0.72088,0.72689,0.79013,0.74371,0.77148,0.54461,0.892,0.21136,0.0,0.0,5e-06,5.65e-20,3.1,3.1
306.1,0.21701,0.20395,0.15613,0.21182,0.87426,0.92475,0.92475,0.92475,0.72328,0.72019,0.72227,0.79655,0.75184,0.7786,0.5448,0.892,0.21182,0.0,0.0,5e-06,5.65e-20,3.1,3.1
306.3,0.21666,0.20588,0.1565,0.21231,0.87363,0.92476,0.92476,0.92476,0.71662,0.7195,0.71764,0.80297,0.75996,0.78572,0.54499,0.892,0.21231,0.0,0.0,5e-06,5.65e-20,3.1,3.1
306.5,0.21415,0.20559,0.15526,0.21062,0.873,0.92476,0.92476,0.92476,0.70432,0.71256,0.70719,0.80781,0.76656,0.79129,0.54517,0.892,0.21062,0.0,0.0,5e-06,5.65e-20,3.1,3.1
306.7,0.20603,0.19943,0.14984,0.20326,0.87237,0.92476,0.92476,0.92476,0.67514,0.68689,0.67925,0.81108,0.77164,0.79531,0.54536,0.892,0.20326,0.0,0.0,5e-06,5.65e-20,3.1,3.1
306.9,0.19785,0.19317,0.14436,0.19582,0.87174,0.92477,0.92477,0.92477,0.64596,0.66121,0.65132,0.81434,0.77672,0.79933,0.54555,0.892,0.19582,0.0,0.0,5e-06,5.65e-20,3.1,3.1
307.1,0.18965,0.18686,0.13885,0.18834,0.87134,0.92477,0.92477,0.92477,0.61678,0.63554,0.62339,0.81761,0.7818,0.80335,0.54574,0.892,0.18834,0.0,0.0,5e-06,5.65e-20,3.1,3.1
307.3,0.18143,0.18051,0.13332,0.18083,0.87117,0.92478,0.92478,0.92478,0.5876,0.60987,0.59546,0.82087,0.78689,0.80736,0.54593,0.892,0.18083,0.0,0.0,5e-06,5.65e-20,3.1,3.1
307.5,0.17313,0.17405,0.12772,0.17323,0.87099,0.92478,0.92478,0.92478,0.55842,0.58419,0.56752,0.82414,0.79197,0.81138,0.54612,0.892,0.17323,0.0,0.0,5e-06,5.65e-20,3.1,3.1
307.7,0.16476,0.1675,0.12206,0.16555,0.87082,0.92479,0.92479,0.92479,0.52924,0.55852,0.53959,0.8274,0.79705,0.8154,0.54631,0.892,0.16555,0.0,0.0,5e-06,5.65e-20,3.1,3.1
307.9,0.15632,0.16084,0.11633,0.15778,0.87064,0.92479,0.92479,0.92479,0.50006,0.53285,0.51166,0.83067,0.80213,0.81942,0.54649,0.892,0.15778,0.0,0.0,5e-06,5.65e-20,3.1,3.1
308.1,0.14775,0.15392,0.11047,0.14983,0.87069,0.9248,0.9248,0.9248,0.47061,0.50648,0.48331,0.83393,0.80721,0.82344,0.54667,0.892,0.14983,0.0,0.0,5e-06,5.65e-20,3.1,3.1
308.3,0.13728,0.14322,0.1027,0.13929,0.87097,0.9248,0.9248,0.9248,0.43869,0.47391,0.45118,0.83069,0.80218,0.81946,0.54686,0.892,0.13929,0.0,0.0,5e-06,5.65e-20,3.1,3.1
308.5,0.12688,0.13262,0.094993,0.12883,0.87124,0.92481,0.92481,0.92481,0.40677,0.44133,0.41905,0.82745,0.79716,0.81549,0.54704,0.892,0.12883,0.0,0.0,5e-06,5.65e-20,3.1,3.1
308.7,0.11654,0.12214,0.087343,0.11845,0.87152,0.92482,0.92482,0.92482,0.37485,0.40876,0.38693,0.82421,0.79213,0.81151,0.54721,0.892,0.11845,0.0,0.0,5e-06,5.65e-20,3.1,3.1
308.9,0.10627,0.11177,0.079753,0.10815,0.87179,0.92482,0.92482,0.92482,0.34293,0.37618,0.3548,0.82097,0.7871,0.80754,0.54739,0.892,0.10815,0.0,0.0,5e-06,5.65e-20,3.1,3.1
309.1,0.096084,0.10153,0.07224,0.097961,0.87228,0.92483,0.92483,0.92483,0.31101,0.34361,0.32268,0.81773,0.78208,0.80356,0.54756,0.892,0.097961,0.0,0.0,5e-06,5.65e-20,3.1,3.1
309.3,0.085978,0.091412,0.064801,0.08787,0.87297,0.92484,0.92484,0.92484,0.27909,0.31103,0.29055,0.81449,0.77705,0.79959,0.54772,0.892,0.08787,0.0,0.0,5e-06,5.65e-20,3.1,3.1
309.5,0.075927,0.0814,0.057415,0.077852,0.87367,0.92484,0.92484,0.92484,0.24717,0.27845,0.25842,0.81125,0.77202,0.79561,0.54788,0.892,0.077852,0.0,0.0,5e-06,5.65e-20,3.1,3.1
309.7,0.065931,0.071488,0.050083,0.067908,0.87437,0.92485,0.92485,0.92485,0.21526,0.24588,0.2263,0.80801,0.767,0.79164,0.54804,0.892,0.067908,0.0,0.0,5e-06,5.65e-20,3.1,3.1
309.9,0.18327,0.1557,0.12777,0.17325,0.87506,0.92485,0.92485,0.92485,0.60011,0.53845,0.5796,0.80476,0.76197,0.78766,0.5482,0.892,0.17325,0.0,0.0,5e-06,5.65e-20,3.1,3.1
310.1,0.1895,0.16215,0.13238,0.17948,0.87595,0.92486,0.92486,0.92486,0.62219,0.56376,0.60273,0.80152,0.75694,0.78369,0.54835,0.89204,0.17948,0.0,0.0,5e-06,5.65e-20,3.1,3.1
310.3,0.19572,0.16856,0.13697,0.1857,0.87702,0.92487,0.92487,0.92487,0.64427,0.58907,0.62585,0.79828,0.75192,0.77971,0.54849,0.89212,0.1857,0.0,0.0,5e-06,5.65e-20,3.1,3.1
310.5,0.20191,0.17489,0.14152,0.19187,0.87809,0.92488,0.92488,0.92488,0.66636,0.61438,0.64897,0.79504,0.74689,0.77574,0.54863,0.8922,0.19187,0.0,0.0,5e-06,5.65e-20,3.1,3.1
310.7,0.20806,0.18114,0.14604,0.19798,0.87916,0.92488,0.92488,0.92488,0.68844,0.6397,0.6721,0.7918,0.74186,0.77176,0.54876,0.89228,0.19798,0.0,0.0,5e-06,5.65e-20,3.1,3.1
310.9,0.21417,0.1873,0.15051,0.20404,0.88023,0.92489,0.92489,0.92489,0.71053,0.66501,0.69522,0.78856,0.73684,0.76779,0.54889,0.89236,0.20404,0.0,0.0,5e-06,5.65e-20,3.1,3.1
311.1,0.22028,0.19342,0.15497,0.21008,0.88146,0.9249,0.9249,0.9249,0.73261,0.69032,0.71835,0.78532,0.73181,0.76381,0.54901,0.89244,0.21008,0.0,0.0,5e-06,5.65e-20,3.1,3.1
311.3,0.22639,0.19949,0.15941,0.2161,0.88283,0.92491,0.92491,0.92491,0.75469,0.71563,0.74147,0.78208,0.72678,0.75984,0.54912,0.89252,0.2161,0.0,0.0,5e-06,5.65e-20,3.1,3.1
311.5,0.22982,0.20374,0.16215,0.2198,0.88421,0.92491,0.92491,0.92491,0.76395,0.72883,0.75204,0.78292,0.72753,0.76064,0.54923,0.8926000000000001,0.2198,0.0,0.0,5e-06,5.65e-20,3.1,3.1
311.7,0.22973,0.20548,0.16259,0.22039,0.88559,0.92492,0.92492,0.92492,0.75754,0.72722,0.74726,0.78785,0.73405,0.76622,0.54933,0.89268,0.22039,0.0,0.0,5e-06,5.65e-20,3.1,3.1
311.9,0.22961,0.20721,0.16301,0.22096,0.88697,0.92493,0.92493,0.92493,0.75113,0.72562,0.74248,0.79277,0.74056,0.7718,0.54942,0.89276,0.22096,0.0,0.0,5e-06,5.65e-20,3.1,3.1
312.1,0.22949,0.20896,0.16344,0.22154,0.88846,0.92494,0.92494,0.92494,0.74471,0.72401,0.7377,0.7977,0.74708,0.77738,0.5495,0.8928400000000001,0.22154,0.0,0.0,5e-06,5.65e-20,3.1,3.1
312.3,0.22937,0.21072,0.16388,0.22212,0.89006,0.92495,0.92495,0.92495,0.7383,0.7224,0.73292,0.80262,0.7536,0.78295,0.54957,0.89292,0.22212,0.0,0.0,5e-06,5.65e-20,3.1,3.1
312.5,0.22922,0.21249,0.16429,0.22268,0.89166,0.92495,0.92495,0.92495,0.73188,0.7208,0.72814,0.80755,0.76012,0.78853,0.54964,0.893,0.22268,0.0,0.0,5e-06,5.65e-20,3.1,3.1
312.7,0.22903,0.21424,0.16469,0.22321,0.89326,0.92496,0.92496,0.92496,0.72547,0.71919,0.72336,0.81247,0.76663,0.79411,0.5497,0.89308,0.22321,0.0,0.0,5e-06,5.65e-20,3.1,3.1
312.9,0.22882,0.21599,0.16507,0.22372,0.89486,0.92497,0.92497,0.92497,0.71905,0.71759,0.71858,0.8174,0.77315,0.79969,0.54975,0.89316,0.22372,0.0,0.0,5e-06,5.65e-20,3.1,3.1
313.1,0.22859,0.21775,0.16544,0.22422,0.89652,0.92498,0.92498,0.92498,0.71264,0.71598,0.7138,0.82232,0.77967,0.80527,0.54979,0.89324,0.22422,0.0,0.0,5e-06,5.65e-20,3.1,3.1
313.3,0.22104,0.212,0.16038,0.21736,0.89824,0.92499,0.92499,0.92499,0.68585,0.69219,0.68806,0.82456,0.78361,0.80821,0.54982,0.89332,0.21736,0.0,0.0,5e-06,5.65e-20,3.1,3.1
313.5,0.21306,0.2058,0.155,0.21005,0.89996,0.925,0.925,0.925,0.65798,0.66724,0.66122,0.8268,0.78755,0.81116,0.54983,0.8934,0.21005,0.0,0.0,5e-06,5.65e-20,3.1,3.1
313.7,0.20499,0.19948,0.14954,0.20265,0.90168,0.92501,0.92501,0.92501,0.63012,0.64228,0.63438,0.82903,0.79148,0.8141,0.54984,0.89348,0.20265,0.0,0.0,5e-06,5.65e-20,3.1,3.1
313.9,0.19683,0.19306,0.14402,0.19516,0.90341,0.92502,0.92502,0.92502,0.60225,0.61733,0.60753,0.83127,0.79542,0.81705,0.54984,0.89356,0.19516,0.0,0.0,5e-06,5.65e-20,3.1,3.1
314.1,0.18859,0.18652,0.13842,0.18757,0.90513,0.92503,0.92503,0.92503,0.57439,0.59237,0.58069,0.83351,0.79936,0.81999,0.54983,0.89364,0.18757,0.0,0.0,5e-06,5.65e-20,3.1,3.1
314.3,0.18026,0.17989,0.13275,0.17988,0.90686,0.92504,0.92504,0.92504,0.54652,0.56742,0.55385,0.83575,0.8033,0.82294,0.5498,0.8937200000000001,0.17988,0.0,0.0,5e-06,5.65e-20,3.1,3.1
314.5,0.17185,0.17314,0.12701,0.1721,0.9086,0.92505,0.92505,0.92505,0.51866,0.54246,0.52701,0.83799,0.80724,0.82588,0.54977,0.8938,0.1721,0.0,0.0,5e-06,5.65e-20,3.1,3.1
314.7,0.16336,0.16629,0.1212,0.16422,0.91033,0.92506,0.92506,0.92506,0.4908,0.51751,0.50016,0.84022,0.81117,0.82882,0.54972,0.89388,0.16422,0.0,0.0,5e-06,5.65e-20,3.1,3.1
314.9,0.15435,0.15844,0.11488,0.15565,0.91206,0.92507,0.92507,0.92507,0.46167,0.48979,0.47154,0.84246,0.81511,0.83177,0.54966,0.89396,0.15565,0.0,0.0,5e-06,5.65e-20,3.1,3.1
315.1,0.14432,0.14857,0.10753,0.14569,0.91374,0.92508,0.92508,0.92508,0.43102,0.45871,0.44075,0.84225,0.81473,0.83149,0.54958,0.89398,0.14569,0.0,0.0,5e-06,5.65e-20,3.1,3.1
315.3,0.13385,0.13794,0.099766,0.13517,0.91536,0.92509,0.92509,0.92509,0.40036,0.42763,0.40996,0.83959,0.81004,0.828,0.5495,0.8939400000000001,0.13517,0.0,0.0,5e-06,5.65e-20,3.1,3.1
315.5,0.12341,0.12738,0.092036,0.12469,0.91698,0.9251,0.9251,0.9251,0.3697,0.39655,0.37917,0.83693,0.80535,0.82451,0.5494,0.8939,0.12469,0.0,0.0,5e-06,5.65e-20,3.1,3.1
315.7,0.113,0.1169,0.08434,0.11426,0.91861,0.92511,0.92511,0.92511,0.33904,0.36547,0.34838,0.83428,0.80065,0.82101,0.54928,0.89386,0.11426,0.0,0.0,5e-06,5.65e-20,3.1,3.1
315.9,0.10261,0.10649,0.076681,0.10388,0.92023,0.92512,0.92512,0.92512,0.30839,0.33439,0.31758,0.83162,0.79596,0.81752,0.54916,0.8938200000000001,0.10388,0.0,0.0,5e-06,5.65e-20,3.1,3.1
316.1,0.092247,0.096162,0.06905,0.093542,0.92174,0.92513,0.92513,0.92513,0.27773,0.30331,0.28679,0.82896,0.79127,0.81403,0.54902,0.89378,0.093542,0.0,0.0,5e-06,5.65e-20,3.1,3.1
316.3,0.081906,0.085906,0.061452,0.083247,0.92315,0.92514,0.92514,0.92514,0.24707,0.27223,0.256,0.8263,0.78657,0.81053,0.54886,0.89374,0.083247,0.0,0.0,5e-06,5.65e-20,3.1,3.1
316.5,0.071601,0.075738,0.053896,0.073009,0.92456,0.92515,0.92515,0.92515,0.21641,0.24114,0.22521,0.82364,0.78188,0.80704,0.54869,0.8937,0.073009,0.0,0.0,5e-06,5.65e-20,3.1,3.1
316.7,0.19745,0.1701,0.1384,0.18747,0.92596,0.92516,0.92516,0.92516,0.59799,0.54421,0.5801,0.82099,0.77719,0.80355,0.54851,0.89366,0.18747,0.0,0.0,5e-06,5.65e-20,3.1,3.1
316.9,0.204,0.17637,0.14312,0.19386,0.92737,0.92517,0.92517,0.92517,0.61911,0.56703,0.60177,0.81833,0.7725,0.80006,0.5483,0.89362,0.19386,0.0,0.0,5e-06,5.65e-20,3.1,3.1
317.1,0.21048,0.18254,0.14777,0.20016,0.92861,0.92518,0.92518,0.92518,0.64022,0.58985,0.62343,0.81567,0.7678,0.79656,0.54809,0.89358,0.20016,0.0,0.0,5e-06,5.65e-20,3.1,3.1
317.3,0.21688,0.18859,0.15236,0.20636,0.9297,0.92519,0.92519,0.92519,0.66134,0.61266,0.64509,0.81301,0.76311,0.79307,0.54786,0.89354,0.20636,0.0,0.0,5e-06,5.65e-20,3.1,3.1
317.5,0.22324,0.19455,0.1569,0.21251,0.93079,0.9252,0.9252,0.9252,0.68245,0.63548,0.66675,0.81035,0.75842,0.78958,0.54761,0.8935,0.21251,0.0,0.0,5e-06,5.65e-20,3.1,3.1
317.7,0.22956,0.20044,0.1614,0.2186,0.93187,0.92521,0.92521,0.92521,0.70356,0.6583,0.68841,0.8077,0.75372,0.78608,0.54734,0.89346,0.2186,0.0,0.0,5e-06,5.65e-20,3.1,3.1
317.9,0.23583,0.20624,0.16586,0.22463,0.93296,0.92523,0.92523,0.92523,0.72468,0.68112,0.71007,0.80504,0.74903,0.78259,0.54706,0.89342,0.22463,0.0,0.0,5e-06,5.65e-20,3.1,3.1
318.1,0.24201,0.2119,0.17023,0.23055,0.93385,0.92524,0.92524,0.92524,0.74579,0.70394,0.73173,0.80238,0.74434,0.7791,0.54676,0.8933800000000001,0.23055,0.0,0.0,5e-06,5.65e-20,3.1,3.1
318.3,0.24866,0.21855,0.17512,0.23717,0.93454,0.92525,0.92525,0.92525,0.76554,0.72549,0.75206,0.803,0.74475,0.77963,0.54644,0.89334,0.23717,0.0,0.0,5e-06,5.65e-20,3.1,3.1
318.5,0.2479,0.21943,0.17503,0.23703,0.93522,0.92526,0.92526,0.92526,0.75943,0.72294,0.74714,0.80689,0.75027,0.78419,0.54611,0.8933,0.23703,0.0,0.0,5e-06,5.65e-20,3.1,3.1
318.7,0.24712,0.2203,0.17491,0.23687,0.93591,0.92527,0.92527,0.92527,0.75331,0.72039,0.74222,0.81078,0.75579,0.78874,0.54575,0.89326,0.23687,0.0,0.0,5e-06,5.65e-20,3.1,3.1
318.9,0.24632,0.22114,0.17478,0.23668,0.9366,0.92528,0.92528,0.92528,0.7472,0.71783,0.7373,0.81466,0.76131,0.7933,0.54538,0.89322,0.23668,0.0,0.0,5e-06,5.65e-20,3.1,3.1
319.1,0.24542,0.22191,0.17458,0.23641,0.93707,0.92529,0.92529,0.92529,0.74108,0.71528,0.73238,0.81856,0.76683,0.79786,0.54499,0.89318,0.23641,0.0,0.0,5e-06,5.65e-20,3.1,3.1
319.3,0.24445,0.22261,0.17433,0.23606,0.93732,0.92531,0.92531,0.92531,0.73497,0.71273,0.72746,0.82245,0.77235,0.80242,0.54459,0.89314,0.23606,0.0,0.0,5e-06,5.65e-20,3.1,3.1
319.5,0.24344,0.22329,0.17405,0.23568,0.93756,0.92532,0.92532,0.92532,0.72885,0.71018,0.72254,0.82634,0.77787,0.80698,0.54417,0.8931,0.23568,0.0,0.0,5e-06,5.65e-20,3.1,3.1
319.7,0.24242,0.22396,0.17376,0.23528,0.93781,0.92533,0.92533,0.92533,0.72273,0.70762,0.71762,0.83022,0.78339,0.81153,0.54373,0.89306,0.23528,0.0,0.0,5e-06,5.65e-20,3.1,3.1
319.9,0.24136,0.2246,0.17345,0.23486,0.93806,0.92534,0.92534,0.92534,0.71662,0.70507,0.7127,0.83411,0.78891,0.81609,0.54327,0.89302,0.23486,0.0,0.0,5e-06,5.65e-20,3.1,3.1
320.1,0.23883,0.22378,0.17206,0.23296,0.93809,0.92535,0.92535,0.92535,0.70743,0.69929,0.70466,0.83676,0.79316,0.8194,0.5428,0.8930600000000001,0.23296,0.0,0.0,5e-06,5.65e-20,3.1,3.1
320.3,0.22999,0.21667,0.16602,0.22478,0.9379,0.92537,0.92537,0.92537,0.68083,0.67525,0.67894,0.83815,0.79615,0.82145,0.54231,0.89318,0.22478,0.0,0.0,5e-06,5.65e-20,3.1,3.1
320.5,0.22113,0.20951,0.15996,0.21657,0.9377,0.92538,0.92538,0.92538,0.65423,0.6512,0.65322,0.83955,0.79914,0.8235,0.54181,0.8933,0.21657,0.0,0.0,5e-06,5.65e-20,3.1,3.1
320.7,0.21225,0.2023,0.15387,0.20832,0.93751,0.92539,0.92539,0.92539,0.62764,0.62715,0.62749,0.84094,0.80212,0.82555,0.54129,0.89342,0.20832,0.0,0.0,5e-06,5.65e-20,3.1,3.1
320.9,0.20336,0.19504,0.14776,0.20005,0.93732,0.9254,0.9254,0.9254,0.60104,0.6031,0.60177,0.84233,0.80511,0.82761,0.54075,0.89354,0.20005,0.0,0.0,5e-06,5.65e-20,3.1,3.1
321.1,0.19441,0.1877,0.1416,0.1917,0.93692,0.92542,0.92542,0.92542,0.57444,0.57906,0.57605,0.84373,0.8081,0.82966,0.5402,0.89366,0.1917,0.0,0.0,5e-06,5.65e-20,3.1,3.1
321.3,0.18541,0.18027,0.13539,0.18329,0.93631,0.92543,0.92543,0.92543,0.54784,0.55501,0.55033,0.84512,0.81108,0.83171,0.53964,0.89378,0.18329,0.0,0.0,5e-06,5.65e-20,3.1,3.1
321.5,0.1764,0.1728,0.12917,0.17486,0.9357,0.92544,0.92544,0.92544,0.52125,0.53096,0.5246,0.84652,0.81407,0.83376,0.53906,0.8939,0.17486,0.0,0.0,5e-06,5.65e-20,3.1,3.1
321.7,0.16739,0.1653,0.12293,0.16641,0.9351,0.92545,0.92545,0.92545,0.49465,0.50692,0.49888,0.84791,0.81706,0.83582,0.53847,0.89402,0.16641,0.0,0.0,5e-06,5.65e-20,3.1,3.1
321.9,0.15813,0.15734,0.11646,0.15764,0.93449,0.92547,0.92547,0.92547,0.46734,0.48157,0.47225,0.84931,0.82004,0.83787,0.53786,0.89414,0.15764,0.0,0.0,5e-06,5.65e-20,3.1,3.1
322.1,0.14812,0.14804,0.10927,0.14791,0.93371,0.92548,0.92548,0.92548,0.43788,0.45235,0.44288,0.8507,0.82303,0.83992,0.53724,0.89426,0.14791,0.0,0.0,5e-06,5.65e-20,3.1,3.1
322.3,0.13754,0.13748,0.10146,0.13734,0.93275,0.92549,0.92549,0.92549,0.40842,0.42313,0.41351,0.84875,0.81888,0.83707,0.5366,0.8943800000000001,0.13734,0.0,0.0,5e-06,5.65e-20,3.1,3.1
322.5,0.12705,0.12706,0.09373,0.12687,0.9318,0.92551,0.92551,0.92551,0.37896,0.39391,0.38414,0.8468,0.81473,0.83422,0.53596,0.8945000000000001,0.12687,0.0,0.0,5e-06,5.65e-20,3.1,3.1
322.7,0.11664,0.11677,0.086079,0.11651,0.93084,0.92552,0.92552,0.92552,0.3495,0.36469,0.35477,0.84485,0.81058,0.83137,0.53529,0.89462,0.11651,0.0,0.0,5e-06,5.65e-20,3.1,3.1
322.9,0.10632,0.10663,0.078508,0.10626,0.92989,0.92553,0.92553,0.92553,0.32004,0.33547,0.3254,0.8429,0.80643,0.82852,0.53462,0.89474,0.10626,0.0,0.0,5e-06,5.65e-20,3.1,3.1
323.1,0.09608,0.096607,0.071007,0.096105,0.9288,0.92555,0.92555,0.92555,0.29058,0.30625,0.29603,0.84095,0.80227,0.82567,0.53393,0.89486,0.096105,0.0,0.0,5e-06,5.65e-20,3.1,3.1
323.3,0.085918,0.086713,0.063579,0.086049,0.92759,0.92556,0.92556,0.92556,0.26112,0.27703,0.26666,0.839,0.79812,0.82282,0.53323,0.89498,0.086049,0.0,0.0,5e-06,5.65e-20,3.1,3.1
323.5,0.075849,0.076963,0.056235,0.076108,0.92637,0.92557,0.92557,0.92557,0.23166,0.24781,0.23729,0.83705,0.79397,0.81997,0.53252,0.8951,0.076108,0.0,0.0,5e-06,5.65e-20,3.1,3.1
323.7,0.19147,0.1662,0.13466,0.18225,0.92516,0.92559,0.92559,0.92559,0.58769,0.53938,0.57169,0.8351,0.78982,0.81712,0.5318,0.89522,0.18225,0.0,0.0,5e-06,5.65e-20,3.1,3.1
323.9,0.19691,0.17097,0.13847,0.18739,0.92395,0.9256,0.9256,0.9256,0.60742,0.55926,0.59146,0.83314,0.78567,0.81427,0.53106,0.89534,0.18739,0.0,0.0,5e-06,5.65e-20,3.1,3.1
324.1,0.20227,0.17562,0.1422,0.19244,0.92265,0.92561,0.92561,0.92561,0.62715,0.57913,0.61123,0.83119,0.78152,0.81142,0.53031,0.89546,0.19244,0.0,0.0,5e-06,5.65e-20,3.1,3.1
324.3,0.20754,0.18016,0.14587,0.1974,0.92127,0.92563,0.92563,0.92563,0.64687,0.59901,0.63099,0.82924,0.77737,0.80857,0.52956,0.89558,0.1974,0.0,0.0,5e-06,5.65e-20,3.1,3.1
324.5,0.21275,0.18461,0.14948,0.20228,0.9199,0.92564,0.92564,0.92564,0.6666,0.61889,0.65076,0.82729,0.77321,0.80572,0.52879,0.8957,0.20228,0.0,0.0,5e-06,5.65e-20,3.1,3.1
324.7,0.21789,0.18896,0.15303,0.20708,0.91852,0.92565,0.92565,0.92565,0.68633,0.63876,0.67053,0.82534,0.76906,0.80287,0.52801,0.8958200000000001,0.20708,0.0,0.0,5e-06,5.65e-20,3.1,3.1
324.9,0.22297,0.19322,0.15652,0.2118,0.91715,0.92567,0.92567,0.92567,0.70606,0.65864,0.6903,0.82339,0.76491,0.80002,0.52722,0.89594,0.2118,0.0,0.0,5e-06,5.65e-20,3.1,3.1
325.1,0.22797,0.19737,0.15995,0.21644,0.91574,0.92568,0.92568,0.92568,0.72579,0.67851,0.71006,0.82144,0.76076,0.79717,0.52641,0.89602,0.21644,0.0,0.0,5e-06,5.65e-20,3.1,3.1
325.3,0.23289,0.20143,0.16332,0.22099,0.9143,0.92569,0.92569,0.92569,0.74552,0.69839,0.72983,0.81949,0.75661,0.79432,0.5256,0.89606,0.22099,0.0,0.0,5e-06,5.65e-20,3.1,3.1
325.5,0.23873,0.20737,0.16768,0.22687,0.91286,0.92571,0.92571,0.92571,0.76397,0.71711,0.74836,0.8223,0.76096,0.79775,0.52478,0.8961,0.22687,0.0,0.0,5e-06,5.65e-20,3.1,3.1
325.7,0.23696,0.20697,0.16675,0.22562,0.91143,0.92572,0.92572,0.92572,0.75807,0.71388,0.74335,0.82511,0.7653,0.80118,0.52395,0.89614,0.22562,0.0,0.0,5e-06,5.65e-20,3.1,3.1
325.9,0.23518,0.20656,0.16582,0.22435,0.90999,0.92574,0.92574,0.92574,0.75218,0.71066,0.73834,0.82791,0.76965,0.80461,0.52311,0.89618,0.22435,0.0,0.0,5e-06,5.65e-20,3.1,3.1
326.1,0.23339,0.20613,0.16488,0.22308,0.90857,0.92575,0.92575,0.92575,0.74629,0.70743,0.73333,0.83072,0.77399,0.80804,0.52226,0.89622,0.22308,0.0,0.0,5e-06,5.65e-20,3.1,3.1
326.3,0.2316,0.2057,0.16394,0.2218,0.90716,0.92576,0.92576,0.92576,0.7404,0.70421,0.72832,0.83353,0.77834,0.81148,0.52141,0.8962600000000001,0.2218,0.0,0.0,5e-06,5.65e-20,3.1,3.1
326.5,0.2298,0.20525,0.16299,0.2205,0.90575,0.92578,0.92578,0.92578,0.7345,0.70099,0.72331,0.83634,0.78268,0.81491,0.52054,0.8963,0.2205,0.0,0.0,5e-06,5.65e-20,3.1,3.1
326.7,0.228,0.20478,0.16202,0.2192,0.90435,0.92579,0.92579,0.92579,0.72861,0.69776,0.71829,0.83915,0.78703,0.81834,0.51966,0.89634,0.2192,0.0,0.0,5e-06,5.65e-20,3.1,3.1
326.9,0.22618,0.2043,0.16105,0.21788,0.90294,0.9258,0.9258,0.9258,0.72272,0.69454,0.71328,0.84195,0.79137,0.82177,0.51878,0.8963800000000001,0.21788,0.0,0.0,5e-06,5.65e-20,3.1,3.1
327.1,0.22437,0.20382,0.16009,0.21656,0.90159,0.92582,0.92582,0.92582,0.71683,0.69131,0.70827,0.84476,0.79572,0.8252,0.51789,0.89642,0.21656,0.0,0.0,5e-06,5.65e-20,3.1,3.1
327.3,0.22257,0.20334,0.15912,0.21525,0.9003,0.92583,0.92583,0.92583,0.71093,0.68809,0.70326,0.84757,0.80006,0.82863,0.51699,0.89646,0.21525,0.0,0.0,5e-06,5.65e-20,3.1,3.1
327.5,0.21565,0.19798,0.15444,0.20891,0.899,0.92585,0.92585,0.92585,0.69043,0.67023,0.68365,0.84825,0.80222,0.82992,0.51608,0.8965000000000001,0.20891,0.0,0.0,5e-06,5.65e-20,3.1,3.1
327.7,0.20723,0.19117,0.14867,0.20111,0.89771,0.92586,0.92586,0.92586,0.66506,0.6475,0.65916,0.84893,0.80438,0.8312,0.51517,0.89654,0.20111,0.0,0.0,5e-06,5.65e-20,3.1,3.1
327.9,0.19885,0.18437,0.14292,0.19332,0.89641,0.92587,0.92587,0.92587,0.63969,0.62477,0.63468,0.84961,0.80654,0.83249,0.51425,0.89658,0.19332,0.0,0.0,5e-06,5.65e-20,3.1,3.1
328.1,0.19052,0.17758,0.13719,0.18557,0.89521,0.92589,0.92589,0.92589,0.61431,0.60204,0.6102,0.85029,0.8087,0.83377,0.51332,0.89662,0.18557,0.0,0.0,5e-06,5.65e-20,3.1,3.1
328.3,0.18225,0.17082,0.1315,0.17786,0.89409,0.9259,0.9259,0.9259,0.58894,0.57931,0.58571,0.85097,0.81086,0.83506,0.51239,0.89666,0.17786,0.0,0.0,5e-06,5.65e-20,3.1,3.1
328.5,0.17401,0.16405,0.12581,0.17017,0.89298,0.92592,0.92592,0.92592,0.56357,0.55658,0.56123,0.85165,0.81301,0.83635,0.51145,0.8967,0.17017,0.0,0.0,5e-06,5.65e-20,3.1,3.1
328.7,0.1658,0.15729,0.12015,0.1625,0.89186,0.92593,0.92593,0.92593,0.5382,0.53385,0.53674,0.85233,0.81517,0.83763,0.5105,0.89674,0.1625,0.0,0.0,5e-06,5.65e-20,3.1,3.1
328.9,0.15762,0.15053,0.11449,0.15485,0.89074,0.92595,0.92595,0.92595,0.51283,0.51112,0.51226,0.85301,0.81733,0.83892,0.50955,0.89678,0.15485,0.0,0.0,5e-06,5.65e-20,3.1,3.1
329.1,0.1495,0.14379,0.10887,0.14724,0.88974,0.92596,0.92596,0.92596,0.48745,0.48839,0.48778,0.85369,0.81949,0.8402,0.50859,0.8968200000000001,0.14724,0.0,0.0,5e-06,5.65e-20,3.1,3.1
329.3,0.14105,0.13651,0.10295,0.13923,0.88885,0.92597,0.92597,0.92597,0.46086,0.46378,0.46185,0.85437,0.82165,0.84149,0.50763,0.89686,0.13923,0.0,0.0,5e-06,5.65e-20,3.1,3.1
329.5,0.13218,0.12856,0.096649,0.13071,0.88797,0.92599,0.92599,0.92599,0.43276,0.43688,0.43417,0.85505,0.82381,0.84278,0.50666,0.8969,0.13071,0.0,0.0,5e-06,5.65e-20,3.1,3.1
329.7,0.1232,0.1202,0.09018,0.12196,0.88708,0.926,0.926,0.926,0.40466,0.40997,0.40648,0.85475,0.82311,0.84232,0.50569,0.8969400000000001,0.12196,0.0,0.0,5e-06,5.65e-20,3.1,3.1
329.9,0.11415,0.1115,0.083578,0.11303,0.88619,0.92602,0.92602,0.92602,0.37657,0.38306,0.3788,0.85347,0.81956,0.84011,0.50471,0.89698,0.11303,0.0,0.0,5e-06,5.65e-20,3.1,3.1
330.1,0.10518,0.10294,0.077056,0.1042,0.88543,0.92603,0.92603,0.92603,0.34847,0.35616,0.35112,0.85219,0.81601,0.8379,0.50373,0.89702,0.1042,0.0,0.0,5e-06,5.65e-20,3.1,3.1
330.3,0.096302,0.094498,0.07061,0.095484,0.88481,0.92605,0.92605,0.92605,0.32037,0.32925,0.32343,0.85091,0.81245,0.8357,0.50275,0.89706,0.095484,0.0,0.0,5e-06,5.65e-20,3.1,3.1
330.5,0.087493,0.086169,0.064228,0.086851,0.88418,0.92606,0.92606,0.92606,0.29228,0.30234,0.29575,0.84963,0.8089,0.83349,0.50176,0.8971,0.086851,0.0,0.0,5e-06,5.65e-20,3.1,3.1
330.7,0.078755,0.077949,0.05791,0.078306,0.88356,0.92607,0.92607,0.92607,0.26418,0.27544,0.26807,0.84835,0.80535,0.83128,0.50076,0.89714,0.078306,0.0,0.0,5e-06,5.65e-20,3.1,3.1
330.9,0.070087,0.069839,0.051655,0.069847,0.88293,0.92609,0.92609,0.92609,0.23608,0.24853,0.24038,0.84707,0.8018,0.82908,0.49977,0.89718,0.069847,0.0,0.0,5e-06,5.65e-20,3.1,3.1
331.1,0.17336,0.15007,0.12193,0.16487,0.88245,0.9261,0.9261,0.9261,0.5863,0.53777,0.57034,0.84579,0.79824,0.82687,0.49877,0.89722,0.16487,0.0,0.0,5e-06,5.65e-20,3.1,3.1
331.3,0.17808,0.15411,0.12521,0.1693,0.88211,0.92612,0.92612,0.92612,0.6046,0.55603,0.58862,0.84451,0.79469,0.82467,0.49776,0.8972600000000001,0.1693,0.0,0.0,5e-06,5.65e-20,3.1,3.1
331.5,0.18276,0.15809,0.12845,0.17368,0.88176,0.92613,0.92613,0.92613,0.6229,0.57429,0.60689,0.84323,0.79114,0.82246,0.49676,0.8973,0.17368,0.0,0.0,5e-06,5.65e-20,3.1,3.1
331.7,0.1874,0.162,0.13165,0.178,0.88142,0.92615,0.92615,0.92615,0.64119,0.59255,0.62517,0.84195,0.78758,0.82025,0.49575,0.89734,0.178,0.0,0.0,5e-06,5.65e-20,3.1,3.1
331.9,0.19199,0.16584,0.13482,0.18228,0.88108,0.92616,0.92616,0.92616,0.65949,0.61081,0.64345,0.84067,0.78403,0.81805,0.49474,0.8973800000000001,0.18228,0.0,0.0,5e-06,5.65e-20,3.1,3.1
332.1,0.19658,0.16965,0.13797,0.18654,0.88088,0.92617,0.92617,0.92617,0.67779,0.62907,0.66172,0.83939,0.78048,0.81584,0.49373,0.89742,0.18654,0.0,0.0,5e-06,5.65e-20,3.1,3.1
332.3,0.20116,0.17342,0.14111,0.19078,0.88083,0.92619,0.92619,0.92619,0.69609,0.64733,0.68,0.83811,0.77693,0.81363,0.49271,0.89746,0.19078,0.0,0.0,5e-06,5.65e-20,3.1,3.1
332.5,0.20571,0.17712,0.14421,0.19497,0.88077,0.9262,0.9262,0.9262,0.71439,0.66559,0.69828,0.83683,0.77337,0.81143,0.4917,0.8975,0.19497,0.0,0.0,5e-06,5.65e-20,3.1,3.1
332.7,0.21022,0.18077,0.14728,0.19911,0.88072,0.92622,0.92622,0.92622,0.73268,0.68385,0.71656,0.83555,0.76982,0.80922,0.49068,0.89754,0.19911,0.0,0.0,5e-06,5.65e-20,3.1,3.1
332.9,0.2155,0.18603,0.15119,0.20439,0.88067,0.92623,0.92623,0.92623,0.75098,0.70211,0.73483,0.83745,0.77322,0.81172,0.48966,0.89758,0.20439,0.0,0.0,5e-06,5.65e-20,3.1,3.1
333.1,0.21808,0.18906,0.15323,0.20714,0.88076,0.92625,0.92625,0.92625,0.7597,0.7118,0.74387,0.83935,0.77662,0.81423,0.48864,0.89762,0.20714,0.0,0.0,5e-06,5.65e-20,3.1,3.1
333.3,0.21656,0.1887,0.15243,0.20606,0.88099,0.92626,0.92626,0.92626,0.75406,0.70863,0.73903,0.84125,0.78002,0.81673,0.48762,0.89766,0.20606,0.0,0.0,5e-06,5.65e-20,3.1,3.1
333.5,0.21504,0.18834,0.15163,0.20498,0.88122,0.92627,0.92627,0.92627,0.74841,0.70546,0.7342,0.84315,0.78342,0.81924,0.4866,0.8977,0.20498,0.0,0.0,5e-06,5.65e-20,3.1,3.1
333.7,0.21352,0.18797,0.15083,0.20388,0.88146,0.92629,0.92629,0.92629,0.74276,0.70229,0.72936,0.84505,0.78682,0.82174,0.48558,0.89774,0.20388,0.0,0.0,5e-06,5.65e-20,3.1,3.1
333.9,0.21199,0.1876,0.15002,0.20279,0.88169,0.9263,0.9263,0.9263,0.73712,0.69912,0.72453,0.84696,0.79023,0.82425,0.48456,0.89778,0.20279,0.0,0.0,5e-06,5.65e-20,3.1,3.1
334.1,0.2105,0.18724,0.14923,0.20171,0.88206,0.92632,0.92632,0.92632,0.73147,0.69595,0.71969,0.84886,0.79363,0.82675,0.48354,0.8978200000000001,0.20171,0.0,0.0,5e-06,5.65e-20,3.1,3.1
334.3,0.20903,0.18691,0.14846,0.20067,0.88256,0.92633,0.92633,0.92633,0.72582,0.69277,0.71486,0.85076,0.79703,0.82926,0.48253,0.89786,0.20067,0.0,0.0,5e-06,5.65e-20,3.1,3.1
334.5,0.20755,0.18657,0.14768,0.19961,0.88307,0.92635,0.92635,0.92635,0.72018,0.6896,0.71002,0.85266,0.80043,0.83176,0.48151,0.8979,0.19961,0.0,0.0,5e-06,5.65e-20,3.1,3.1
334.7,0.20608,0.18622,0.1469,0.19855,0.88357,0.92636,0.92636,0.92636,0.71453,0.68643,0.70519,0.85456,0.80383,0.83427,0.48049,0.8979400000000001,0.19855,0.0,0.0,5e-06,5.65e-20,3.1,3.1
334.9,0.2046,0.18587,0.14612,0.19749,0.88407,0.92637,0.92637,0.92637,0.70888,0.68326,0.70035,0.85646,0.80723,0.83677,0.47948,0.89798,0.19749,0.0,0.0,5e-06,5.65e-20,3.1,3.1
335.1,0.19898,0.18162,0.14234,0.19238,0.8847,0.92639,0.92639,0.92639,0.69028,0.6673,0.68262,0.85654,0.80874,0.83743,0.47846,0.89802,0.19238,0.0,0.0,5e-06,5.65e-20,3.1,3.1
335.3,0.1918,0.17589,0.13744,0.18575,0.88545,0.9264,0.9264,0.9264,0.66613,0.64586,0.65937,0.85662,0.81026,0.8381,0.47745,0.89806,0.18575,0.0,0.0,5e-06,5.65e-20,3.1,3.1
335.5,0.18463,0.17016,0.13254,0.17912,0.8862,0.92642,0.92642,0.92642,0.64197,0.62441,0.63612,0.8567,0.81177,0.83876,0.47644,0.8981,0.17912,0.0,0.0,5e-06,5.65e-20,3.1,3.1
335.7,0.17749,0.16443,0.12764,0.1725,0.88695,0.92643,0.92643,0.92643,0.61782,0.60297,0.61287,0.85679,0.81329,0.83943,0.47543,0.89814,0.1725,0.0,0.0,5e-06,5.65e-20,3.1,3.1
335.9,0.17035,0.15868,0.12275,0.16588,0.8877,0.92645,0.92645,0.92645,0.59367,0.58153,0.58962,0.85687,0.8148,0.84009,0.47443,0.89818,0.16588,0.0,0.0,5e-06,5.65e-20,3.1,3.1
336.1,0.16326,0.15294,0.11787,0.15929,0.88856,0.92646,0.92646,0.92646,0.56951,0.56008,0.56637,0.85695,0.81632,0.84075,0.47342,0.89822,0.15929,0.0,0.0,5e-06,5.65e-20,3.1,3.1
336.3,0.1562,0.14721,0.11301,0.15272,0.88953,0.92647,0.92647,0.92647,0.54536,0.53864,0.54312,0.85703,0.81783,0.84142,0.47242,0.8982600000000001,0.15272,0.0,0.0,5e-06,5.65e-20,3.1,3.1
336.5,0.14914,0.14148,0.10816,0.14615,0.89049,0.92649,0.92649,0.92649,0.52121,0.5172,0.51987,0.85711,0.81935,0.84208,0.47143,0.8983,0.14615,0.0,0.0,5e-06,5.65e-20,3.1,3.1
336.7,0.14211,0.13573,0.1033,0.13959,0.89145,0.9265,0.9265,0.9265,0.49705,0.49576,0.49662,0.85719,0.82086,0.84275,0.47043,0.89834,0.13959,0.0,0.0,5e-06,5.65e-20,3.1,3.1
336.9,0.13508,0.12997,0.098449,0.13303,0.89242,0.92651,0.92651,0.92651,0.4729,0.47431,0.47337,0.85728,0.82237,0.84341,0.46944,0.8983800000000001,0.13303,0.0,0.0,5e-06,5.65e-20,3.1,3.1
337.1,0.12745,0.12322,0.093053,0.12574,0.89347,0.92653,0.92653,0.92653,0.44654,0.44924,0.44746,0.85736,0.82389,0.84407,0.46846,0.89842,0.12574,0.0,0.0,5e-06,5.65e-20,3.1,3.1
337.3,0.11982,0.11641,0.087637,0.11842,0.89461,0.92654,0.92654,0.92654,0.42007,0.42398,0.4214,0.85744,0.8254,0.84474,0.46748,0.89846,0.11842,0.0,0.0,5e-06,5.65e-20,3.1,3.1
337.5,0.11215,0.10931,0.082118,0.11096,0.89574,0.92656,0.92656,0.92656,0.3936,0.39871,0.39535,0.8572,0.8248,0.84435,0.4665,0.8985000000000001,0.11096,0.0,0.0,5e-06,5.65e-20,3.1,3.1
337.7,0.10446,0.10197,0.076518,0.10339,0.89688,0.92657,0.92657,0.92657,0.36713,0.37345,0.36929,0.85663,0.82208,0.8429,0.46553,0.89854,0.10339,0.0,0.0,5e-06,5.65e-20,3.1,3.1
337.9,0.096786,0.094681,0.070944,0.095854,0.89802,0.92658,0.92658,0.92658,0.34066,0.34819,0.34324,0.85607,0.81935,0.84146,0.46456,0.89858,0.095854,0.0,0.0,5e-06,5.65e-20,3.1,3.1
338.1,0.089145,0.087459,0.065402,0.088364,0.89922,0.9266,0.9266,0.9266,0.31419,0.32292,0.31718,0.85551,0.81663,0.84002,0.4636,0.89862,0.088364,0.0,0.0,5e-06,5.65e-20,3.1,3.1
338.3,0.08153,0.080298,0.05989,0.080915,0.90048,0.92661,0.92661,0.92661,0.28772,0.29766,0.29113,0.85494,0.81391,0.83857,0.46264,0.89866,0.080915,0.0,0.0,5e-06,5.65e-20,3.1,3.1
338.5,0.073935,0.073192,0.054404,0.073501,0.90174,0.92662,0.92662,0.92662,0.26125,0.27239,0.26507,0.85438,0.81119,0.83713,0.46169,0.8987,0.073501,0.0,0.0,5e-06,5.65e-20,3.1,3.1
338.7,0.066359,0.06614,0.048943,0.066122,0.903,0.92664,0.92664,0.92664,0.23478,0.24713,0.23901,0.85382,0.80846,0.83568,0.46075,0.89874,0.066122,0.0,0.0,5e-06,5.65e-20,3.1,3.1
338.9,0.16547,0.1445,0.1168,0.15779,0.90426,0.92665,0.92665,0.92665,0.58618,0.54208,0.57172,0.85325,0.80574,0.83424,0.45981,0.89878,0.15779,0.0,0.0,5e-06,5.65e-20,3.1,3.1
339.1,0.17016,0.14859,0.12008,0.16222,0.90555,0.92667,0.92667,0.92667,0.6035,0.55961,0.5891,0.85269,0.80302,0.8328,0.45887,0.8988200000000001,0.16222,0.0,0.0,5e-06,5.65e-20,3.1,3.1
339.3,0.17484,0.15264,0.12335,0.16663,0.90688,0.92668,0.92668,0.92668,0.62083,0.57713,0.60648,0.85213,0.80029,0.83135,0.45795,0.89886,0.16663,0.0,0.0,5e-06,5.65e-20,3.1,3.1
339.5,0.17951,0.15667,0.1266,0.17102,0.90821,0.92669,0.92669,0.92669,0.63815,0.59466,0.62386,0.85156,0.79757,0.82991,0.45703,0.8989,0.17102,0.0,0.0,5e-06,5.65e-20,3.1,3.1
339.7,0.18417,0.16065,0.12984,0.1754,0.90954,0.92671,0.92671,0.92671,0.65548,0.61218,0.64125,0.851,0.79485,0.82846,0.45612,0.8989400000000001,0.1754,0.0,0.0,5e-06,5.65e-20,3.1,3.1
339.9,0.18882,0.16461,0.13307,0.17975,0.91087,0.92672,0.92672,0.92672,0.6728,0.62971,0.65863,0.85044,0.79213,0.82702,0.45521,0.89898,0.17975,0.0,0.0,5e-06,5.65e-20,3.1,3.1
340.1,0.19346,0.16853,0.13628,0.18409,0.91221,0.92673,0.92673,0.92673,0.69012,0.64724,0.67601,0.84987,0.7894,0.82558,0.45431,0.899,0.18409,0.0,0.0,5e-06,5.65e-20,3.1,3.1
340.3,0.1981,0.17242,0.13948,0.1884,0.91355,0.92675,0.92675,0.92675,0.70745,0.66476,0.69339,0.84931,0.78668,0.82413,0.45342,0.899,0.1884,0.0,0.0,5e-06,5.65e-20,3.1,3.1
340.5,0.20292,0.17687,0.14294,0.19307,0.91489,0.92676,0.92676,0.92676,0.72477,0.68229,0.71078,0.84958,0.78659,0.82425,0.45254,0.899,0.19307,0.0,0.0,5e-06,5.65e-20,3.1,3.1
340.7,0.20795,0.18192,0.14667,0.19811,0.91624,0.92677,0.92677,0.92677,0.7421,0.69981,0.72816,0.85067,0.78914,0.82593,0.45167,0.899,0.19811,0.0,0.0,5e-06,5.65e-20,3.1,3.1
340.9,0.21299,0.187,0.15042,0.20317,0.91758,0.92678,0.92678,0.92678,0.75942,0.71734,0.74554,0.85176,0.79169,0.82761,0.4508,0.899,0.20317,0.0,0.0,5e-06,5.65e-20,3.1,3.1
341.1,0.21167,0.18673,0.14973,0.20224,0.9189,0.9268,0.9268,0.9268,0.75405,0.71432,0.74094,0.85285,0.79424,0.82928,0.44994,0.899,0.20224,0.0,0.0,5e-06,5.65e-20,3.1,3.1
341.3,0.21034,0.18646,0.14904,0.2013,0.9202,0.92681,0.92681,0.92681,0.74868,0.71129,0.73634,0.85394,0.79679,0.83096,0.4491,0.899,0.2013,0.0,0.0,5e-06,5.65e-20,3.1,3.1
341.5,0.20901,0.18618,0.14835,0.20036,0.92149,0.92682,0.92682,0.92682,0.74331,0.70827,0.73173,0.85504,0.79934,0.83264,0.44826,0.899,0.20036,0.0,0.0,5e-06,5.65e-20,3.1,3.1
341.7,0.20768,0.1859,0.14766,0.19942,0.92279,0.92684,0.92684,0.92684,0.73794,0.70524,0.72713,0.85613,0.80189,0.83432,0.44743,0.899,0.19942,0.0,0.0,5e-06,5.65e-20,3.1,3.1
341.9,0.20635,0.18562,0.14697,0.19848,0.92409,0.92685,0.92685,0.92685,0.73257,0.70222,0.72253,0.85722,0.80444,0.836,0.44661,0.899,0.19848,0.0,0.0,5e-06,5.65e-20,3.1,3.1
342.1,0.20501,0.18533,0.14626,0.19753,0.92533,0.92686,0.92686,0.92686,0.7272,0.69919,0.71793,0.85831,0.80698,0.83768,0.4458,0.899,0.19753,0.0,0.0,5e-06,5.65e-20,3.1,3.1
342.3,0.20366,0.18502,0.14555,0.19657,0.92652,0.92687,0.92687,0.92687,0.72183,0.69617,0.71333,0.8594,0.80953,0.83935,0.445,0.899,0.19657,0.0,0.0,5e-06,5.65e-20,3.1,3.1
342.5,0.20231,0.18471,0.14484,0.1956,0.92771,0.92689,0.92689,0.92689,0.71646,0.69314,0.70872,0.8605,0.81208,0.84103,0.44421,0.899,0.1956,0.0,0.0,5e-06,5.65e-20,3.1,3.1
342.7,0.20096,0.1844,0.14413,0.19463,0.92889,0.9269,0.9269,0.9269,0.71108,0.69012,0.70412,0.86159,0.81463,0.84271,0.44343,0.899,0.19463,0.0,0.0,5e-06,5.65e-20,3.1,3.1
342.9,0.19961,0.18409,0.14341,0.19366,0.93008,0.92691,0.92691,0.92691,0.70571,0.68709,0.69952,0.86268,0.81718,0.84439,0.44266,0.899,0.19366,0.0,0.0,5e-06,5.65e-20,3.1,3.1
343.1,0.19389,0.17961,0.13953,0.18841,0.93119,0.92692,0.92692,0.92692,0.68616,0.6699,0.68075,0.86227,0.81815,0.84454,0.4419,0.899,0.18841,0.0,0.0,5e-06,5.65e-20,3.1,3.1
343.3,0.18717,0.17416,0.13491,0.18217,0.93222,0.92694,0.92694,0.92694,0.66306,0.64916,0.65844,0.86185,0.81911,0.84469,0.44116,0.899,0.18217,0.0,0.0,5e-06,5.65e-20,3.1,3.1
343.5,0.18047,0.16871,0.13029,0.17593,0.93324,0.92695,0.92695,0.92695,0.63996,0.62841,0.63613,0.86144,0.82008,0.84484,0.44042,0.899,0.17593,0.0,0.0,5e-06,5.65e-20,3.1,3.1
343.7,0.17379,0.16325,0.12568,0.16971,0.93427,0.92696,0.92696,0.92696,0.61686,0.60767,0.61382,0.86103,0.82105,0.84499,0.4397,0.899,0.16971,0.0,0.0,5e-06,5.65e-20,3.1,3.1
343.9,0.16712,0.15779,0.12108,0.16349,0.9353,0.92697,0.92697,0.92697,0.59376,0.58693,0.5915,0.86061,0.82201,0.84514,0.43899,0.899,0.16349,0.0,0.0,5e-06,5.65e-20,3.1,3.1
344.1,0.16045,0.1523,0.11647,0.15726,0.93622,0.92698,0.92698,0.92698,0.57067,0.56619,0.56919,0.8602,0.82298,0.84529,0.43829,0.899,0.15726,0.0,0.0,5e-06,5.65e-20,3.1,3.1
344.3,0.15377,0.1468,0.11185,0.15102,0.93703,0.927,0.927,0.927,0.54757,0.54545,0.54688,0.85979,0.82395,0.84544,0.4376,0.899,0.15102,0.0,0.0,5e-06,5.65e-20,3.1,3.1
344.5,0.14712,0.14129,0.10724,0.14479,0.93784,0.92701,0.92701,0.92701,0.52447,0.52471,0.52457,0.85937,0.82491,0.84559,0.43692,0.899,0.14479,0.0,0.0,5e-06,5.65e-20,3.1,3.1
344.7,0.14049,0.13578,0.10263,0.13857,0.93866,0.92702,0.92702,0.92702,0.50137,0.50397,0.50226,0.85896,0.82588,0.84574,0.43625,0.899,0.13857,0.0,0.0,5e-06,5.65e-20,3.1,3.1
344.9,0.13387,0.13026,0.098033,0.13236,0.93947,0.92703,0.92703,0.92703,0.47827,0.48323,0.47994,0.85854,0.82684,0.84589,0.43559,0.899,0.13236,0.0,0.0,5e-06,5.65e-20,3.1,3.1
345.1,0.12695,0.12419,0.093149,0.12576,0.94016,0.92704,0.92704,0.92704,0.45411,0.4605,0.45627,0.85813,0.82781,0.84604,0.43494,0.899,0.12576,0.0,0.0,5e-06,5.65e-20,3.1,3.1
345.3,0.11984,0.11775,0.088076,0.11891,0.94073,0.92705,0.92705,0.92705,0.42924,0.43646,0.43169,0.85772,0.82878,0.84619,0.4343,0.899,0.11891,0.0,0.0,5e-06,5.65e-20,3.1,3.1
345.5,0.11276,0.1113,0.08301,0.11207,0.9413,0.92706,0.92706,0.92706,0.40437,0.41242,0.40711,0.8573,0.82974,0.84634,0.43367,0.899,0.11207,0.0,0.0,5e-06,5.65e-20,3.1,3.1
345.7,0.10569,0.10485,0.077952,0.10524,0.94187,0.92708,0.92708,0.92708,0.37951,0.38837,0.38252,0.85689,0.83071,0.84649,0.43306,0.899,0.10524,0.0,0.0,5e-06,5.65e-20,3.1,3.1
345.9,0.098712,0.09807,0.072834,0.098325,0.94244,0.92709,0.92709,0.92709,0.35464,0.36433,0.35794,0.8571,0.82887,0.84586,0.43245,0.899,0.098325,0.0,0.0,5e-06,5.65e-20,3.1,3.1
346.1,0.091732,0.091315,0.067723,0.091423,0.94288,0.9271,0.9271,0.9271,0.32977,0.34029,0.33336,0.85731,0.82704,0.84523,0.43185,0.899,0.091423,0.0,0.0,5e-06,5.65e-20,3.1,3.1
346.3,0.084751,0.08459,0.062621,0.084534,0.94318,0.92711,0.92711,0.92711,0.3049,0.31625,0.30878,0.85752,0.8252,0.8446,0.43127,0.899,0.084534,0.0,0.0,5e-06,5.65e-20,3.1,3.1
346.5,0.077781,0.077908,0.057537,0.077669,0.94348,0.92712,0.92712,0.92712,0.28004,0.2922,0.28419,0.85774,0.82336,0.84397,0.43069,0.899,0.077669,0.0,0.0,5e-06,5.65e-20,3.1,3.1
346.7,0.070823,0.07127,0.052471,0.07083,0.94378,0.92713,0.92713,0.92713,0.25517,0.26816,0.25961,0.85795,0.82153,0.84334,0.43012,0.899,0.07083,0.0,0.0,5e-06,5.65e-20,3.1,3.1
346.9,0.063877,0.064674,0.047424,0.064015,0.94408,0.92714,0.92714,0.92714,0.2303,0.24412,0.23503,0.85816,0.81969,0.84271,0.42957,0.899,0.064015,0.0,0.0,5e-06,5.65e-20,3.1,3.1
347.1,0.16291,0.14431,0.11567,0.15614,0.94425,0.92715,0.92715,0.92715,0.58782,0.54652,0.5743,0.85837,0.81785,0.84208,0.42902,0.899,0.15614,0.0,0.0,5e-06,5.65e-20,3.1,3.1
347.3,0.16729,0.14821,0.11877,0.16031,0.94428,0.92716,0.92716,0.92716,0.6042,0.56323,0.59079,0.85858,0.81602,0.84145,0.42848,0.899,0.16031,0.0,0.0,5e-06,5.65e-20,3.1,3.1
347.5,0.17167,0.15209,0.12185,0.16447,0.94431,0.92717,0.92717,0.92717,0.62059,0.57994,0.60727,0.85879,0.81418,0.84082,0.42795,0.899,0.16447,0.0,0.0,5e-06,5.65e-20,3.1,3.1
347.7,0.17604,0.15594,0.12492,0.16861,0.94434,0.92718,0.92718,0.92718,0.63698,0.59665,0.62376,0.859,0.81235,0.84019,0.42744,0.899,0.16861,0.0,0.0,5e-06,5.65e-20,3.1,3.1
347.9,0.18041,0.15977,0.12799,0.17275,0.94437,0.92719,0.92719,0.92719,0.65336,0.61336,0.64025,0.85922,0.81051,0.83956,0.42693,0.899,0.17275,0.0,0.0,5e-06,5.65e-20,3.1,3.1
348.1,0.18475,0.16354,0.13102,0.17684,0.94426,0.92721,0.92721,0.92721,0.66975,0.63007,0.65673,0.85943,0.80867,0.83893,0.42643,0.899,0.17684,0.0,0.0,5e-06,5.65e-20,3.1,3.1
348.3,0.18906,0.16727,0.13403,0.1809,0.94403,0.92722,0.92722,0.92722,0.68614,0.64678,0.67322,0.85964,0.80684,0.8383,0.42594,0.899,0.1809,0.0,0.0,5e-06,5.65e-20,3.1,3.1
348.5,0.19336,0.17097,0.13703,0.18494,0.9438,0.92723,0.92723,0.92723,0.70252,0.66349,0.6897,0.85985,0.805,0.83767,0.42545,0.899,0.18494,0.0,0.0,5e-06,5.65e-20,3.1,3.1
348.7,0.19771,0.17544,0.14029,0.18933,0.94357,0.92724,0.92724,0.92724,0.71891,0.68021,0.70619,0.86029,0.80682,0.83867,0.42498,0.899,0.18933,0.0,0.0,5e-06,5.65e-20,3.1,3.1
348.9,0.20206,0.17992,0.14355,0.19373,0.94333,0.92725,0.92725,0.92725,0.7353,0.69692,0.72268,0.86074,0.80863,0.83967,0.42452,0.899,0.19373,0.0,0.0,5e-06,5.65e-20,3.1,3.1
349.1,0.20638,0.18439,0.1468,0.19811,0.94298,0.92726,0.92726,0.92726,0.75168,0.71363,0.73916,0.86118,0.81045,0.84067,0.42406,0.899,0.19811,0.0,0.0,5e-06,5.65e-20,3.1,3.1
349.3,0.20653,0.18527,0.14711,0.19853,0.94251,0.92727,0.92727,0.92727,0.75299,0.71653,0.74099,0.86162,0.81227,0.84168,0.42362,0.899,0.19853,0.0,0.0,5e-06,5.65e-20,3.1,3.1
349.5,0.20491,0.18463,0.14618,0.19727,0.94203,0.92728,0.92728,0.92728,0.74782,0.71352,0.73653,0.86206,0.81408,0.84268,0.42318,0.899,0.19727,0.0,0.0,5e-06,5.65e-20,3.1,3.1
349.7,0.2033,0.18399,0.14526,0.19602,0.94156,0.92729,0.92729,0.92729,0.74266,0.71051,0.73207,0.86251,0.8159,0.84368,0.42275,0.899,0.19602,0.0,0.0,5e-06,5.65e-20,3.1,3.1
349.9,0.20169,0.18334,0.14434,0.19477,0.94109,0.9273,0.9273,0.9273,0.73749,0.7075,0.72761,0.86295,0.81771,0.84468,0.42233,0.899,0.19477,0.0,0.0,5e-06,5.65e-20,3.1,3.1
350.1,0.20007,0.18269,0.1434,0.19351,0.94051,0.9273,0.9273,0.9273,0.73233,0.70449,0.72315,0.86339,0.81953,0.84568,0.42192,0.89902,0.19351,0.0,0.0,5e-06,5.65e-20,3.1,3.1
350.3,0.19843,0.18201,0.14245,0.19223,0.93983,0.92731,0.92731,0.92731,0.72717,0.70148,0.71869,0.86384,0.82135,0.84668,0.42152,0.89906,0.19223,0.0,0.0,5e-06,5.65e-20,3.1,3.1
350.5,0.1968,0.18133,0.14151,0.19095,0.93915,0.92732,0.92732,0.92732,0.722,0.69847,0.71424,0.86428,0.82316,0.84768,0.42112,0.8991,0.19095,0.0,0.0,5e-06,5.65e-20,3.1,3.1
350.7,0.19518,0.18066,0.14057,0.18967,0.93846,0.92733,0.92733,0.92733,0.71684,0.69546,0.70978,0.86472,0.82498,0.84869,0.42074,0.89914,0.18967,0.0,0.0,5e-06,5.65e-20,3.1,3.1
350.9,0.19356,0.17998,0.13963,0.1884,0.93778,0.92734,0.92734,0.92734,0.71168,0.69245,0.70532,0.86516,0.8268,0.84969,0.42036,0.89918,0.1884,0.0,0.0,5e-06,5.65e-20,3.1,3.1
351.1,0.19194,0.1793,0.13868,0.18712,0.93702,0.92735,0.92735,0.92735,0.70651,0.68944,0.70086,0.86561,0.82861,0.85069,0.41999,0.89922,0.18712,0.0,0.0,5e-06,5.65e-20,3.1,3.1
351.3,0.1903,0.17859,0.13772,0.18583,0.93618,0.92736,0.92736,0.92736,0.70135,0.68643,0.6964,0.86605,0.83043,0.85169,0.41963,0.8992600000000001,0.18583,0.0,0.0,5e-06,5.65e-20,3.1,3.1
351.5,0.18389,0.17331,0.13329,0.17983,0.93533,0.92737,0.92737,0.92737,0.67953,0.66687,0.67533,0.86522,0.83091,0.8514,0.41927,0.8993,0.17983,0.0,0.0,5e-06,5.65e-20,3.1,3.1
351.7,0.17751,0.16803,0.12887,0.17387,0.93449,0.92738,0.92738,0.92738,0.65771,0.64732,0.65427,0.86438,0.83138,0.85111,0.41892,0.89934,0.17387,0.0,0.0,5e-06,5.65e-20,3.1,3.1
351.9,0.17117,0.16278,0.12447,0.16793,0.93364,0.92739,0.92739,0.92739,0.63589,0.62776,0.6332,0.86355,0.83186,0.85082,0.41859,0.8993800000000001,0.16793,0.0,0.0,5e-06,5.65e-20,3.1,3.1
352.1,0.16485,0.15752,0.12008,0.16201,0.93274,0.9274,0.9274,0.9274,0.61407,0.6082,0.61214,0.86272,0.83234,0.85052,0.41825,0.89942,0.16201,0.0,0.0,5e-06,5.65e-20,3.1,3.1
352.3,0.15856,0.15228,0.11571,0.1561,0.93178,0.92741,0.92741,0.92741,0.59225,0.58864,0.59107,0.86189,0.83281,0.85023,0.41793,0.89946,0.1561,0.0,0.0,5e-06,5.65e-20,3.1,3.1
352.5,0.1523,0.14704,0.11135,0.15022,0.93083,0.92742,0.92742,0.92742,0.57043,0.56909,0.57001,0.86105,0.83329,0.84994,0.41761,0.8995,0.15022,0.0,0.0,5e-06,5.65e-20,3.1,3.1
352.7,0.14608,0.14182,0.10701,0.14437,0.92987,0.92742,0.92742,0.92742,0.54861,0.54953,0.54894,0.86022,0.83377,0.84965,0.41731,0.89954,0.14437,0.0,0.0,5e-06,5.65e-20,3.1,3.1
352.9,0.13989,0.13662,0.1027,0.13854,0.92891,0.92743,0.92743,0.92743,0.52679,0.52997,0.52788,0.85939,0.83424,0.84936,0.417,0.89958,0.13854,0.0,0.0,5e-06,5.65e-20,3.1,3.1
353.1,0.13373,0.13142,0.098394,0.13274,0.92792,0.92744,0.92744,0.92744,0.50497,0.51042,0.50681,0.85856,0.83472,0.84907,0.41671,0.89962,0.13274,0.0,0.0,5e-06,5.65e-20,3.1,3.1
353.3,0.12761,0.12624,0.094108,0.12695,0.9269,0.92745,0.92745,0.92745,0.48315,0.49086,0.48575,0.85772,0.8352,0.84878,0.41642,0.89966,0.12695,0.0,0.0,5e-06,5.65e-20,3.1,3.1
353.5,0.12141,0.12084,0.089734,0.12105,0.92587,0.92746,0.92746,0.92746,0.46093,0.47045,0.46413,0.85689,0.83567,0.84849,0.41614,0.8997,0.12105,0.0,0.0,5e-06,5.65e-20,3.1,3.1
353.7,0.11492,0.11481,0.085061,0.11474,0.92485,0.92747,0.92747,0.92747,0.4375,0.44749,0.44087,0.85606,0.83615,0.84819,0.41587,0.89974,0.11474,0.0,0.0,5e-06,5.65e-20,3.1,3.1
353.9,0.10848,0.1088,0.080407,0.10846,0.92383,0.92748,0.92748,0.92748,0.41407,0.42453,0.4176,0.85523,0.83663,0.8479,0.4156,0.89978,0.10846,0.0,0.0,5e-06,5.65e-20,3.1,3.1
354.1,0.10206,0.1028,0.075774,0.10221,0.9228,0.92748,0.92748,0.92748,0.39064,0.40158,0.39434,0.85439,0.8371,0.84761,0.41535,0.8998200000000001,0.10221,0.0,0.0,5e-06,5.65e-20,3.1,3.1
354.3,0.095685,0.096812,0.071159,0.095985,0.92177,0.92749,0.92749,0.92749,0.36721,0.37862,0.37107,0.85356,0.83758,0.84732,0.41509,0.89986,0.095985,0.0,0.0,5e-06,5.65e-20,3.1,3.1
354.5,0.089539,0.090693,0.066606,0.089842,0.92074,0.9275,0.9275,0.9275,0.34378,0.35566,0.34781,0.85461,0.8367,0.84757,0.41485,0.8999,0.089842,0.0,0.0,5e-06,5.65e-20,3.1,3.1
354.7,0.0834,0.084608,0.062066,0.083717,0.91971,0.92751,0.92751,0.92751,0.32035,0.3327,0.32454,0.85566,0.83582,0.84782,0.41461,0.8999400000000001,0.083717,0.0,0.0,5e-06,5.65e-20,3.1,3.1
354.9,0.077267,0.078556,0.05754,0.07761,0.91868,0.92752,0.92752,0.92752,0.29692,0.30974,0.30128,0.85671,0.83494,0.84807,0.41437,0.89998,0.07761,0.0,0.0,5e-06,5.65e-20,3.1,3.1
355.1,0.071141,0.072539,0.053027,0.071521,0.91767,0.92752,0.92752,0.92752,0.27349,0.28679,0.27801,0.85776,0.83406,0.84832,0.41415,0.90002,0.071521,0.0,0.0,5e-06,5.65e-20,3.1,3.1
355.3,0.065021,0.066555,0.048527,0.065451,0.91666,0.92753,0.92753,0.92753,0.25005,0.26383,0.25474,0.85882,0.83318,0.84857,0.41393,0.90006,0.065451,0.0,0.0,5e-06,5.65e-20,3.1,3.1
355.5,0.058907,0.060603,0.044039,0.059397,0.91566,0.92754,0.92754,0.92754,0.22662,0.24087,0.23148,0.85987,0.8323,0.84882,0.41371,0.9001,0.059397,0.0,0.0,5e-06,5.65e-20,3.1,3.1
355.7,0.15315,0.13731,0.10938,0.14752,0.91466,0.92755,0.92755,0.92755,0.5894,0.54719,0.57565,0.86092,0.83142,0.84907,0.41351,0.90014,0.14752,0.0,0.0,5e-06,5.65e-20,3.1,3.1
355.9,0.15709,0.14084,0.11217,0.15128,0.91366,0.92755,0.92755,0.92755,0.60476,0.56272,0.59106,0.86197,0.83054,0.84932,0.41331,0.90018,0.15128,0.0,0.0,5e-06,5.65e-20,3.1,3.1
356.1,0.16103,0.14435,0.11495,0.15503,0.91269,0.92756,0.92756,0.92756,0.62012,0.57825,0.60647,0.86302,0.82966,0.84957,0.41311,0.90022,0.15503,0.0,0.0,5e-06,5.65e-20,3.1,3.1
356.3,0.16498,0.14786,0.11774,0.15879,0.91175,0.92757,0.92757,0.92757,0.63549,0.59377,0.62188,0.86407,0.82878,0.84982,0.41292,0.9002600000000001,0.15879,0.0,0.0,5e-06,5.65e-20,3.1,3.1
356.5,0.16893,0.15134,0.12052,0.16254,0.91082,0.92758,0.92758,0.92758,0.65085,0.6093,0.63729,0.86512,0.8279,0.85007,0.41274,0.9003,0.16254,0.0,0.0,5e-06,5.65e-20,3.1,3.1
356.7,0.17288,0.15481,0.1233,0.16628,0.90988,0.92758,0.92758,0.92758,0.66621,0.62483,0.6527,0.86617,0.82702,0.85032,0.41256,0.90034,0.16628,0.0,0.0,5e-06,5.65e-20,3.1,3.1
356.9,0.17683,0.15827,0.12607,0.17001,0.90895,0.92759,0.92759,0.92759,0.68157,0.64035,0.66811,0.86722,0.82614,0.85057,0.41239,0.9003800000000001,0.17001,0.0,0.0,5e-06,5.65e-20,3.1,3.1
357.1,0.18067,0.16191,0.12885,0.17377,0.90806,0.9276,0.9276,0.9276,0.69693,0.65588,0.68352,0.86771,0.8263,0.85092,0.41222,0.90042,0.17377,0.0,0.0,5e-06,5.65e-20,3.1,3.1
357.3,0.1844,0.16577,0.13166,0.17755,0.90723,0.92761,0.92761,0.92761,0.71229,0.67141,0.69893,0.86762,0.82749,0.85136,0.41206,0.90046,0.17755,0.0,0.0,5e-06,5.65e-20,3.1,3.1
357.5,0.18812,0.16964,0.13446,0.18132,0.90639,0.92761,0.92761,0.92761,0.72766,0.68693,0.71433,0.86753,0.82869,0.85181,0.4119,0.9005000000000001,0.18132,0.0,0.0,5e-06,5.65e-20,3.1,3.1
357.7,0.19182,0.1735,0.13726,0.1851,0.90555,0.92762,0.92762,0.92762,0.74302,0.70246,0.72974,0.86745,0.82988,0.85225,0.41175,0.90054,0.1851,0.0,0.0,5e-06,5.65e-20,3.1,3.1
357.9,0.19395,0.17599,0.13895,0.18736,0.90472,0.92763,0.92763,0.92763,0.75226,0.71241,0.73921,0.86736,0.83108,0.85269,0.41161,0.90058,0.18736,0.0,0.0,5e-06,5.65e-20,3.1,3.1
358.1,0.19241,0.17528,0.13803,0.18612,0.90394,0.92763,0.92763,0.92763,0.74723,0.70934,0.73482,0.86728,0.83227,0.85313,0.41147,0.90062,0.18612,0.0,0.0,5e-06,5.65e-20,3.1,3.1
358.3,0.19088,0.17458,0.13713,0.18491,0.90323,0.92764,0.92764,0.92764,0.7422,0.70627,0.73043,0.86719,0.83347,0.85357,0.41133,0.90066,0.18491,0.0,0.0,5e-06,5.65e-20,3.1,3.1
358.5,0.18937,0.17388,0.13623,0.18369,0.90252,0.92765,0.92765,0.92765,0.73717,0.7032,0.72603,0.86711,0.83466,0.85401,0.4112,0.9007000000000001,0.18369,0.0,0.0,5e-06,5.65e-20,3.1,3.1
358.7,0.18786,0.17318,0.13533,0.18248,0.90181,0.92766,0.92766,0.92766,0.73214,0.70013,0.72164,0.86702,0.83585,0.85446,0.41108,0.90074,0.18248,0.0,0.0,5e-06,5.65e-20,3.1,3.1
358.9,0.18635,0.17249,0.13444,0.18127,0.9011,0.92766,0.92766,0.92766,0.72711,0.69706,0.71725,0.86693,0.83705,0.8549,0.41096,0.90078,0.18127,0.0,0.0,5e-06,5.65e-20,3.1,3.1
359.1,0.18486,0.17181,0.13356,0.18008,0.90046,0.92767,0.92767,0.92767,0.72209,0.69399,0.71285,0.86685,0.83824,0.85534,0.41084,0.9008200000000001,0.18008,0.0,0.0,5e-06,5.65e-20,3.1,3.1
359.3,0.1834,0.17114,0.13269,0.1789,0.8999,0.92768,0.92768,0.92768,0.71706,0.69092,0.70846,0.86676,0.83944,0.85578,0.41073,0.90086,0.1789,0.0,0.0,5e-06,5.65e-20,3.1,3.1
359.5,0.18193,0.17048,0.13182,0.17773,0.89933,0.92768,0.92768,0.92768,0.71203,0.68785,0.70407,0.86668,0.84063,0.85623,0.41063,0.9009,0.17773,0.0,0.0,5e-06,5.65e-20,3.1,3.1
359.7,0.18048,0.16981,0.13096,0.17656,0.89877,0.92769,0.92769,0.92769,0.707,0.68478,0.69968,0.86659,0.84183,0.85667,0.41052,0.9009400000000001,0.17656,0.0,0.0,5e-06,5.65e-20,3.1,3.1
359.9,0.17902,0.16915,0.1301,0.1754,0.8982,0.92769,0.92769,0.92769,0.70197,0.68171,0.69528,0.8665,0.84302,0.85711,0.41043,0.90098,0.1754,0.0,0.0,5e-06,5.65e-20,3.1,3.1
360.1,0.17729,0.16819,0.12902,0.17395,0.89771,0.9277,0.9277,0.9277,0.69617,0.67787,0.69012,0.8659,0.84364,0.85701,0.41033,0.90102,0.17395,0.0,0.0,5e-06,5.65e-20,3.1,3.1
360.3,0.17175,0.16355,0.12516,0.16874,0.89731,0.92771,0.92771,0.92771,0.67573,0.65956,0.67039,0.86478,0.84367,0.85637,0.41025,0.90106,0.16874,0.0,0.0,5e-06,5.65e-20,3.1,3.1
360.5,0.16623,0.15891,0.12131,0.16354,0.8969,0.92771,0.92771,0.92771,0.65529,0.64124,0.65065,0.86366,0.8437,0.85573,0.41016,0.9011,0.16354,0.0,0.0,5e-06,5.65e-20,3.1,3.1
360.7,0.16074,0.15428,0.11747,0.15836,0.89649,0.92772,0.92772,0.92772,0.63485,0.62292,0.63092,0.86254,0.84373,0.8551,0.41008,0.90114,0.15836,0.0,0.0,5e-06,5.65e-20,3.1,3.1
360.9,0.15526,0.14966,0.11364,0.1532,0.89609,0.92773,0.92773,0.92773,0.61441,0.6046,0.61118,0.86141,0.84376,0.85446,0.41001,0.90118,0.1532,0.0,0.0,5e-06,5.65e-20,3.1,3.1
361.1,0.14983,0.14505,0.10984,0.14807,0.89577,0.92773,0.92773,0.92773,0.59397,0.58629,0.59144,0.86029,0.84379,0.85382,0.40993,0.90122,0.14807,0.0,0.0,5e-06,5.65e-20,3.1,3.1
361.3,0.14442,0.14047,0.10605,0.14296,0.89553,0.92774,0.92774,0.92774,0.57353,0.56797,0.57171,0.85917,0.84383,0.85318,0.40987,0.9012600000000001,0.14296,0.0,0.0,5e-06,5.65e-20,3.1,3.1
361.5,0.13904,0.13589,0.10227,0.13786,0.89529,0.92774,0.92774,0.92774,0.55309,0.54965,0.55197,0.85805,0.84386,0.85254,0.4098,0.9013,0.13786,0.0,0.0,5e-06,5.65e-20,3.1,3.1
361.7,0.13367,0.13131,0.098505,0.13278,0.89505,0.92775,0.92775,0.92775,0.53266,0.53134,0.53224,0.85693,0.84389,0.85191,0.40974,0.90134,0.13278,0.0,0.0,5e-06,5.65e-20,3.1,3.1
361.9,0.12832,0.12674,0.094746,0.12771,0.89481,0.92776,0.92776,0.92776,0.51222,0.51302,0.5125,0.85581,0.84392,0.85127,0.40968,0.9013800000000001,0.12771,0.0,0.0,5e-06,5.65e-20,3.1,3.1
362.1,0.12301,0.12218,0.091005,0.12267,0.89465,0.92776,0.92776,0.92776,0.49178,0.4947,0.49276,0.85469,0.84395,0.85063,0.40963,0.90142,0.12267,0.0,0.0,5e-06,5.65e-20,3.1,3.1
362.3,0.11772,0.11764,0.08728,0.11765,0.89459,0.92777,0.92777,0.92777,0.47134,0.47638,0.47303,0.85357,0.84399,0.84999,0.40958,0.90146,0.11765,0.0,0.0,5e-06,5.65e-20,3.1,3.1
362.5,0.11208,0.11243,0.083214,0.11216,0.89452,0.92777,0.92777,0.92777,0.44942,0.45533,0.4514,0.85245,0.84402,0.84935,0.40953,0.9015,0.11216,0.0,0.0,5e-06,5.65e-20,3.1,3.1
362.7,0.10636,0.10705,0.07907,0.10658,0.89445,0.92778,0.92778,0.92778,0.42714,0.43359,0.42931,0.85132,0.84405,0.84871,0.40949,0.90154,0.10658,0.0,0.0,5e-06,5.65e-20,3.1,3.1
362.9,0.10067,0.10167,0.074933,0.101,0.89438,0.92778,0.92778,0.92778,0.40486,0.41185,0.40721,0.8502,0.84408,0.84808,0.40945,0.90158,0.101,0.0,0.0,5e-06,5.65e-20,3.1,3.1
363.1,0.094996,0.0963,0.070811,0.095441,0.89439,0.92779,0.92779,0.92779,0.38258,0.39011,0.38512,0.84908,0.84411,0.84744,0.40941,0.90162,0.095441,0.0,0.0,5e-06,5.65e-20,3.1,3.1
363.3,0.08935,0.090941,0.066702,0.089901,0.89449,0.9278,0.9278,0.9278,0.3603,0.36837,0.36302,0.84796,0.84414,0.8468,0.40938,0.90166,0.089901,0.0,0.0,5e-06,5.65e-20,3.1,3.1
363.5,0.083872,0.08558,0.062666,0.08446,0.89459,0.9278,0.9278,0.9278,0.33802,0.34664,0.34092,0.84841,0.84415,0.84706,0.40935,0.9017000000000001,0.08446,0.0,0.0,5e-06,5.65e-20,3.1,3.1
363.7,0.078534,0.080216,0.058689,0.079099,0.89469,0.92781,0.92781,0.92781,0.31573,0.3249,0.31883,0.85042,0.84413,0.84822,0.40932,0.90174,0.079099,0.0,0.0,5e-06,5.65e-20,3.1,3.1
363.9,0.073169,0.074852,0.054701,0.073723,0.89479,0.92781,0.92781,0.92781,0.29345,0.30316,0.29673,0.85243,0.84412,0.84939,0.40929,0.90178,0.073723,0.0,0.0,5e-06,5.65e-20,3.1,3.1
364.1,0.067784,0.069495,0.050706,0.068337,0.89497,0.92782,0.92782,0.92782,0.27117,0.28142,0.27464,0.85444,0.8441,0.85055,0.40927,0.9018200000000001,0.068337,0.0,0.0,5e-06,5.65e-20,3.1,3.1
364.3,0.062377,0.064142,0.046703,0.062941,0.89523,0.92782,0.92782,0.92782,0.24889,0.25968,0.25254,0.85645,0.84408,0.85171,0.40925,0.90186,0.062941,0.0,0.0,5e-06,5.65e-20,3.1,3.1
364.5,0.056941,0.058786,0.042687,0.057528,0.89549,0.92783,0.92783,0.92783,0.22661,0.23794,0.23044,0.85847,0.84406,0.85287,0.40923,0.9019,0.057528,0.0,0.0,5e-06,5.65e-20,3.1,3.1
364.7,0.14832,0.1364,0.10701,0.14421,0.89575,0.92783,0.92783,0.92783,0.5887,0.55194,0.57674,0.86048,0.84405,0.85404,0.40922,0.9019400000000001,0.14421,0.0,0.0,5e-06,5.65e-20,3.1,3.1
364.9,0.15233,0.13998,0.10986,0.14805,0.89601,0.92784,0.92784,0.92784,0.60307,0.56631,0.59111,0.86249,0.84403,0.8552,0.4092,0.90198,0.14805,0.0,0.0,5e-06,5.65e-20,3.1,3.1
365.1,0.15638,0.14359,0.11273,0.15191,0.89635,0.92784,0.92784,0.92784,0.61744,0.58068,0.60548,0.8645,0.84401,0.85636,0.40919,0.90202,0.15191,0.0,0.0,5e-06,5.65e-20,3.1,3.1
365.3,0.16047,0.14721,0.11561,0.1558,0.89676,0.92785,0.92785,0.92785,0.63181,0.59506,0.61984,0.86651,0.84399,0.85752,0.40918,0.90206,0.1558,0.0,0.0,5e-06,5.65e-20,3.1,3.1
365.5,0.16457,0.15083,0.11851,0.1597,0.89718,0.92785,0.92785,0.92785,0.64618,0.60943,0.63421,0.86853,0.84398,0.85869,0.40918,0.9021,0.1597,0.0,0.0,5e-06,5.65e-20,3.1,3.1
365.7,0.1687,0.15445,0.12142,0.16361,0.89759,0.92786,0.92786,0.92786,0.66055,0.62381,0.64858,0.87054,0.84396,0.85985,0.40917,0.90214,0.16361,0.0,0.0,5e-06,5.65e-20,3.1,3.1
365.9,0.17285,0.15808,0.12433,0.16754,0.898,0.92786,0.92786,0.92786,0.67492,0.63818,0.66295,0.87255,0.84394,0.86101,0.40917,0.90218,0.16754,0.0,0.0,5e-06,5.65e-20,3.1,3.1
366.1,0.17653,0.16185,0.12709,0.17126,0.89848,0.92787,0.92787,0.92787,0.68929,0.65255,0.67731,0.87204,0.84455,0.86097,0.40917,0.90222,0.17126,0.0,0.0,5e-06,5.65e-20,3.1,3.1
366.3,0.18021,0.16564,0.12987,0.17499,0.89903,0.92787,0.92787,0.92787,0.70366,0.66693,0.69168,0.87153,0.84516,0.86092,0.40917,0.9022600000000001,0.17499,0.0,0.0,5e-06,5.65e-20,3.1,3.1
366.5,0.1839,0.16944,0.13264,0.17873,0.89958,0.92787,0.92787,0.92787,0.71803,0.6813,0.70605,0.87101,0.84576,0.86088,0.40918,0.9023,0.17873,0.0,0.0,5e-06,5.65e-20,3.1,3.1
366.7,0.18759,0.17325,0.13542,0.18247,0.90013,0.92788,0.92788,0.92788,0.7324,0.69567,0.72041,0.8705,0.84637,0.86083,0.40918,0.90234,0.18247,0.0,0.0,5e-06,5.65e-20,3.1,3.1
366.9,0.19128,0.17707,0.13821,0.18622,0.90068,0.92788,0.92788,0.92788,0.74677,0.71005,0.73478,0.86999,0.84698,0.86079,0.40919,0.9023800000000001,0.18622,0.0,0.0,5e-06,5.65e-20,3.1,3.1
367.1,0.19152,0.17784,0.13854,0.18666,0.90129,0.92789,0.92789,0.92789,0.74762,0.71213,0.73603,0.86948,0.84759,0.86075,0.4092,0.90242,0.18666,0.0,0.0,5e-06,5.65e-20,3.1,3.1
367.3,0.19029,0.17731,0.13782,0.18569,0.90196,0.92789,0.92789,0.92789,0.74268,0.70894,0.73166,0.86896,0.84819,0.8607,0.40921,0.90246,0.18569,0.0,0.0,5e-06,5.65e-20,3.1,3.1
367.5,0.18906,0.17678,0.1371,0.18471,0.90263,0.9279,0.9279,0.9279,0.73773,0.70576,0.72728,0.86845,0.8488,0.86066,0.40922,0.9025000000000001,0.18471,0.0,0.0,5e-06,5.65e-20,3.1,3.1
367.7,0.18783,0.17624,0.13637,0.18374,0.9033,0.9279,0.9279,0.9279,0.73279,0.70257,0.72291,0.86794,0.84941,0.86061,0.40923,0.90254,0.18374,0.0,0.0,5e-06,5.65e-20,3.1,3.1
367.9,0.1866,0.17571,0.13565,0.18276,0.90397,0.9279,0.9279,0.9279,0.72785,0.69939,0.71854,0.86743,0.85002,0.86057,0.40924,0.90258,0.18276,0.0,0.0,5e-06,5.65e-20,3.1,3.1
368.1,0.18538,0.17518,0.13493,0.18179,0.90469,0.92791,0.92791,0.92791,0.7229,0.6962,0.71416,0.86691,0.85062,0.86052,0.40926,0.90262,0.18179,0.0,0.0,5e-06,5.65e-20,3.1,3.1
368.3,0.18417,0.17466,0.13422,0.18083,0.90546,0.92791,0.92791,0.92791,0.71796,0.69302,0.70979,0.8664,0.85123,0.86048,0.40927,0.90266,0.18083,0.0,0.0,5e-06,5.65e-20,3.1,3.1
368.5,0.18296,0.17414,0.13351,0.17987,0.90623,0.92792,0.92792,0.92792,0.71302,0.68983,0.70542,0.86589,0.85184,0.86044,0.40929,0.9027000000000001,0.17987,0.0,0.0,5e-06,5.65e-20,3.1,3.1
368.7,0.18175,0.17362,0.1328,0.17891,0.90701,0.92792,0.92792,0.92792,0.70807,0.68664,0.70104,0.86538,0.85245,0.86039,0.4093,0.90274,0.17891,0.0,0.0,5e-06,5.65e-20,3.1,3.1
368.9,0.18054,0.17309,0.13209,0.17794,0.90778,0.92792,0.92792,0.92792,0.70313,0.68346,0.69667,0.86486,0.85305,0.86035,0.40932,0.90278,0.17794,0.0,0.0,5e-06,5.65e-20,3.1,3.1
369.1,0.17933,0.17257,0.13138,0.17699,0.90859,0.92793,0.92793,0.92793,0.69818,0.68027,0.6923,0.86435,0.85366,0.8603,0.40934,0.9028200000000001,0.17699,0.0,0.0,5e-06,5.65e-20,3.1,3.1
369.3,0.17813,0.17205,0.13067,0.17603,0.90944,0.92793,0.92793,0.92793,0.69324,0.67709,0.68793,0.86384,0.85427,0.86026,0.40936,0.90286,0.17603,0.0,0.0,5e-06,5.65e-20,3.1,3.1
369.5,0.17365,0.16826,0.12753,0.1718,0.91029,0.92794,0.92794,0.92794,0.67619,0.66177,0.67144,0.86246,0.85393,0.85932,0.40938,0.9029,0.1718,0.0,0.0,5e-06,5.65e-20,3.1,3.1
369.7,0.16862,0.16392,0.12399,0.16702,0.91114,0.92794,0.92794,0.92794,0.65699,0.64431,0.65282,0.86109,0.85359,0.85838,0.4094,0.9029400000000001,0.16702,0.0,0.0,5e-06,5.65e-20,3.1,3.1
369.9,0.16359,0.15958,0.12044,0.16224,0.91199,0.92794,0.92794,0.92794,0.6378,0.62686,0.6342,0.85971,0.85325,0.85745,0.40942,0.90298,0.16224,0.0,0.0,5e-06,5.65e-20,3.1,3.1
370.1,0.15858,0.15523,0.1169,0.15747,0.91287,0.92795,0.92795,0.92795,0.61861,0.6094,0.61558,0.85834,0.85291,0.85651,0.40944,0.9030400000000001,0.15747,0.0,0.0,5e-06,5.65e-20,3.1,3.1
370.3,0.15357,0.15088,0.11336,0.1527,0.91377,0.92795,0.92795,0.92795,0.59942,0.59194,0.59697,0.85696,0.85256,0.85557,0.40946,0.90312,0.1527,0.0,0.0,5e-06,5.65e-20,3.1,3.1
370.5,0.14857,0.14653,0.10982,0.14793,0.91468,0.92795,0.92795,0.92795,0.58022,0.57449,0.57835,0.85559,0.85222,0.85463,0.40948,0.9032,0.14793,0.0,0.0,5e-06,5.65e-20,3.1,3.1
370.7,0.14358,0.14217,0.10628,0.14316,0.91558,0.92796,0.92796,0.92796,0.56103,0.55703,0.55973,0.85421,0.85188,0.8537,0.4095,0.90328,0.14316,0.0,0.0,5e-06,5.65e-20,3.1,3.1
370.9,0.13859,0.1378,0.10274,0.13839,0.91648,0.92796,0.92796,0.92796,0.54184,0.53957,0.54111,0.85284,0.85154,0.85276,0.40952,0.90336,0.13839,0.0,0.0,5e-06,5.65e-20,3.1,3.1
371.1,0.13361,0.13343,0.099204,0.13362,0.9174,0.92796,0.92796,0.92796,0.52265,0.52212,0.52249,0.85146,0.8512,0.85182,0.40954,0.90344,0.13362,0.0,0.0,5e-06,5.65e-20,3.1,3.1
371.3,0.12863,0.12905,0.095667,0.12885,0.91833,0.92797,0.92797,0.92797,0.50346,0.50466,0.50387,0.85009,0.85086,0.85088,0.40956,0.90352,0.12885,0.0,0.0,5e-06,5.65e-20,3.1,3.1
371.5,0.12366,0.12467,0.092131,0.12409,0.91926,0.92797,0.92797,0.92797,0.48426,0.4872,0.48525,0.84871,0.85052,0.84994,0.40958,0.9036000000000001,0.12409,0.0,0.0,5e-06,5.65e-20,3.1,3.1
371.7,0.11867,0.12025,0.088572,0.11929,0.92019,0.92797,0.92797,0.92797,0.46497,0.46959,0.46651,0.84734,0.85018,0.84901,0.4096,0.90368,0.11929,0.0,0.0,5e-06,5.65e-20,3.1,3.1
371.9,0.11322,0.11506,0.084597,0.11394,0.92112,0.92798,0.92798,0.92798,0.44386,0.44904,0.44559,0.84596,0.84984,0.84807,0.40962,0.90376,0.11394,0.0,0.0,5e-06,5.65e-20,3.1,3.1
372.1,0.10777,0.10987,0.080623,0.10858,0.92205,0.92798,0.92798,0.92798,0.42275,0.42848,0.42467,0.84459,0.84949,0.84713,0.40963,0.9038400000000001,0.10858,0.0,0.0,5e-06,5.65e-20,3.1,3.1
372.3,0.10233,0.10466,0.076648,0.10323,0.92298,0.92798,0.92798,0.92798,0.40164,0.40793,0.40374,0.84321,0.84915,0.84619,0.40965,0.9039200000000001,0.10323,0.0,0.0,5e-06,5.65e-20,3.1,3.1
372.5,0.096893,0.099455,0.072673,0.097874,0.9239,0.92799,0.92799,0.92799,0.38052,0.38737,0.38282,0.84184,0.84881,0.84525,0.40967,0.904,0.097874,0.0,0.0,5e-06,5.65e-20,3.1,3.1
372.7,0.091464,0.094239,0.068698,0.09252,0.92483,0.92799,0.92799,0.92799,0.35941,0.36682,0.3619,0.84046,0.84847,0.84432,0.40969,0.90408,0.09252,0.0,0.0,5e-06,5.65e-20,3.1,3.1
372.9,0.08604,0.089016,0.064723,0.087165,0.92576,0.92799,0.92799,0.92799,0.3383,0.34627,0.34097,0.83909,0.84813,0.84338,0.4097,0.90416,0.087165,0.0,0.0,5e-06,5.65e-20,3.1,3.1
373.1,0.080837,0.083846,0.06086,0.081961,0.92667,0.928,0.928,0.928,0.31718,0.32571,0.32005,0.83996,0.84841,0.844,0.40971,0.90424,0.081961,0.0,0.0,5e-06,5.65e-20,3.1,3.1
373.3,0.075812,0.078718,0.057087,0.076878,0.92757,0.928,0.928,0.928,0.29607,0.30516,0.29913,0.84307,0.84931,0.84618,0.40973,0.90432,0.076878,0.0,0.0,5e-06,5.65e-20,3.1,3.1
373.5,0.070737,0.073568,0.053285,0.071757,0.92847,0.928,0.928,0.928,0.27496,0.2846,0.2782,0.84618,0.85022,0.84836,0.40974,0.9044,0.071757,0.0,0.0,5e-06,5.65e-20,3.1,3.1
373.7,0.065611,0.068396,0.049454,0.066597,0.92937,0.928,0.928,0.928,0.25384,0.26405,0.25728,0.84929,0.85112,0.85054,0.40975,0.9044800000000001,0.066597,0.0,0.0,5e-06,5.65e-20,3.1,3.1
373.9,0.060435,0.063201,0.045595,0.061399,0.93026,0.92801,0.92801,0.92801,0.23273,0.24349,0.23636,0.8524,0.85202,0.85272,0.40976,0.90456,0.061399,0.0,0.0,5e-06,5.65e-20,3.1,3.1
374.1,0.15271,0.1441,0.11135,0.14994,0.93114,0.92801,0.92801,0.92801,0.58536,0.55404,0.57518,0.85551,0.85292,0.8549,0.40977,0.90464,0.14994,0.0,0.0,5e-06,5.65e-20,3.1,3.1
374.3,0.15692,0.14789,0.11435,0.15398,0.93198,0.92801,0.92801,0.92801,0.59878,0.56751,0.58862,0.85862,0.85383,0.85707,0.40978,0.9047200000000001,0.15398,0.0,0.0,5e-06,5.65e-20,3.1,3.1
374.5,0.16117,0.15171,0.11737,0.15804,0.93282,0.92801,0.92801,0.92801,0.6122,0.58097,0.60205,0.86173,0.85473,0.85925,0.40978,0.9048,0.15804,0.0,0.0,5e-06,5.65e-20,3.1,3.1
374.7,0.16545,0.15553,0.1204,0.16213,0.93367,0.92802,0.92802,0.92802,0.62562,0.59444,0.61548,0.86485,0.85563,0.86143,0.40979,0.90488,0.16213,0.0,0.0,5e-06,5.65e-20,3.1,3.1
374.9,0.16976,0.15937,0.12346,0.16624,0.93451,0.92802,0.92802,0.92802,0.63904,0.6079,0.62891,0.86796,0.85653,0.86361,0.40979,0.90496,0.16624,0.0,0.0,5e-06,5.65e-20,3.1,3.1
375.1,0.1741,0.16321,0.12652,0.17036,0.93532,0.92802,0.92802,0.92802,0.65246,0.62137,0.64234,0.87107,0.85744,0.86579,0.4098,0.90496,0.17036,0.0,0.0,5e-06,5.65e-20,3.1,3.1
375.3,0.17847,0.16706,0.1296,0.17451,0.93608,0.92802,0.92802,0.92802,0.66587,0.63483,0.65577,0.87418,0.85834,0.86797,0.4098,0.90488,0.17451,0.0,0.0,5e-06,5.65e-20,3.1,3.1
375.5,0.18203,0.17078,0.1323,0.17814,0.93685,0.92803,0.92803,0.92803,0.67929,0.6483,0.6692,0.87332,0.85851,0.86754,0.4098,0.9048,0.17814,0.0,0.0,5e-06,5.65e-20,3.1,3.1
375.7,0.1856,0.17451,0.13501,0.18178,0.93761,0.92803,0.92803,0.92803,0.69271,0.66176,0.68263,0.87245,0.85867,0.86711,0.4098,0.9047200000000001,0.18178,0.0,0.0,5e-06,5.65e-20,3.1,3.1
375.9,0.18916,0.17824,0.13771,0.18542,0.93838,0.92803,0.92803,0.92803,0.70613,0.67523,0.69606,0.87159,0.85884,0.86668,0.4098,0.90464,0.18542,0.0,0.0,5e-06,5.65e-20,3.1,3.1
376.1,0.19271,0.18197,0.14041,0.18904,0.93909,0.92803,0.92803,0.92803,0.71955,0.68869,0.70949,0.87072,0.859,0.86625,0.4098,0.90456,0.18904,0.0,0.0,5e-06,5.65e-20,3.1,3.1
376.3,0.19625,0.18569,0.1431,0.19266,0.93975,0.92804,0.92804,0.92804,0.73297,0.70216,0.72292,0.86986,0.85917,0.86582,0.4098,0.9044800000000001,0.19266,0.0,0.0,5e-06,5.65e-20,3.1,3.1
376.5,0.19979,0.18942,0.14579,0.19628,0.94041,0.92804,0.92804,0.92804,0.74639,0.71562,0.73635,0.86899,0.85933,0.86539,0.4098,0.9044,0.19628,0.0,0.0,5e-06,5.65e-20,3.1,3.1
376.7,0.19966,0.18984,0.14585,0.19636,0.94108,0.92804,0.92804,0.92804,0.74613,0.71657,0.73648,0.86813,0.8595,0.86496,0.40979,0.90432,0.19636,0.0,0.0,5e-06,5.65e-20,3.1,3.1
376.9,0.19831,0.18916,0.14503,0.19525,0.94174,0.92804,0.92804,0.92804,0.74131,0.71335,0.73218,0.86727,0.85966,0.86453,0.40979,0.90424,0.19525,0.0,0.0,5e-06,5.65e-20,3.1,3.1
377.1,0.19695,0.18846,0.1442,0.19413,0.94234,0.92804,0.92804,0.92804,0.73649,0.71012,0.72788,0.8664,0.85983,0.8641,0.40978,0.90416,0.19413,0.0,0.0,5e-06,5.65e-20,3.1,3.1
377.3,0.19558,0.18774,0.14336,0.193,0.94288,0.92805,0.92805,0.92805,0.73167,0.70689,0.72358,0.86554,0.85999,0.86367,0.40978,0.90408,0.193,0.0,0.0,5e-06,5.65e-20,3.1,3.1
377.5,0.1942,0.18703,0.14252,0.19186,0.94342,0.92805,0.92805,0.92805,0.72685,0.70367,0.71928,0.86467,0.86016,0.86324,0.40977,0.904,0.19186,0.0,0.0,5e-06,5.65e-20,3.1,3.1
377.7,0.19283,0.18631,0.14167,0.19073,0.94395,0.92805,0.92805,0.92805,0.72203,0.70044,0.71498,0.86381,0.86032,0.86281,0.40977,0.9039200000000001,0.19073,0.0,0.0,5e-06,5.65e-20,3.1,3.1
377.9,0.19146,0.18559,0.14083,0.18959,0.94449,0.92805,0.92805,0.92805,0.71722,0.69722,0.71068,0.86294,0.86049,0.86238,0.40976,0.9038400000000001,0.18959,0.0,0.0,5e-06,5.65e-20,3.1,3.1
378.1,0.19007,0.18486,0.13998,0.18844,0.94497,0.92805,0.92805,0.92805,0.7124,0.69399,0.70638,0.86208,0.86066,0.86195,0.40975,0.90376,0.18844,0.0,0.0,5e-06,5.65e-20,3.1,3.1
378.3,0.18868,0.18411,0.13912,0.18728,0.94537,0.92806,0.92806,0.92806,0.70758,0.69077,0.70208,0.86122,0.86082,0.86152,0.40974,0.90368,0.18728,0.0,0.0,5e-06,5.65e-20,3.1,3.1
378.5,0.18728,0.18336,0.13826,0.18611,0.94578,0.92806,0.92806,0.92806,0.70276,0.68754,0.69778,0.86035,0.86099,0.86109,0.40973,0.9036000000000001,0.18611,0.0,0.0,5e-06,5.65e-20,3.1,3.1
378.7,0.18589,0.18261,0.13739,0.18495,0.94618,0.92806,0.92806,0.92806,0.69794,0.68431,0.69348,0.85949,0.86115,0.86066,0.40972,0.90352,0.18495,0.0,0.0,5e-06,5.65e-20,3.1,3.1
378.9,0.18449,0.18186,0.13653,0.18379,0.94659,0.92806,0.92806,0.92806,0.69312,0.68109,0.68918,0.85862,0.86132,0.86023,0.40971,0.90344,0.18379,0.0,0.0,5e-06,5.65e-20,3.1,3.1
379.1,0.18212,0.18011,0.13493,0.18163,0.94692,0.92806,0.92806,0.92806,0.68495,0.6745,0.68152,0.8574,0.86108,0.85943,0.4097,0.90336,0.18163,0.0,0.0,5e-06,5.65e-20,3.1,3.1
379.3,0.17699,0.17557,0.13128,0.17671,0.94718,0.92806,0.92806,0.92806,0.66672,0.65782,0.6638,0.85583,0.86043,0.85825,0.40968,0.90328,0.17671,0.0,0.0,5e-06,5.65e-20,3.1,3.1
379.5,0.17188,0.17103,0.12763,0.1718,0.94745,0.92807,0.92807,0.92807,0.64849,0.64114,0.64608,0.85426,0.85978,0.85707,0.40967,0.9032,0.1718,0.0,0.0,5e-06,5.65e-20,3.1,3.1
379.7,0.16678,0.16649,0.124,0.1669,0.94771,0.92807,0.92807,0.92807,0.63026,0.62446,0.62836,0.85269,0.85914,0.8559,0.40966,0.90312,0.1669,0.0,0.0,5e-06,5.65e-20,3.1,3.1
379.9,0.1617,0.16197,0.12037,0.16201,0.94797,0.92807,0.92807,0.92807,0.61202,0.60778,0.61064,0.85111,0.85849,0.85472,0.40964,0.9030400000000001,0.16201,0.0,0.0,5e-06,5.65e-20,3.1,3.1
380.1,0.15662,0.15743,0.11673,0.15712,0.94816,0.92807,0.92807,0.92807,0.59379,0.5911,0.59292,0.84954,0.85784,0.85354,0.40963,0.9030600000000001,0.15712,0.0,0.0,5e-06,5.65e-20,3.1,3.1
380.3,0.15154,0.15288,0.1131,0.15223,0.94827,0.92807,0.92807,0.92807,0.57556,0.57442,0.5752,0.84797,0.8572,0.85236,0.40961,0.90318,0.15223,0.0,0.0,5e-06,5.65e-20,3.1,3.1
380.5,0.14648,0.14835,0.10947,0.14735,0.94839,0.92807,0.92807,0.92807,0.55733,0.55773,0.55747,0.8464,0.85655,0.85119,0.4096,0.9033,0.14735,0.0,0.0,5e-06,5.65e-20,3.1,3.1
380.7,0.14144,0.14381,0.10586,0.14248,0.9485,0.92807,0.92807,0.92807,0.5391,0.54105,0.53975,0.84482,0.8559,0.85001,0.40958,0.90342,0.14248,0.0,0.0,5e-06,5.65e-20,3.1,3.1
380.9,0.13641,0.13928,0.10225,0.13762,0.94862,0.92808,0.92808,0.92808,0.52086,0.52437,0.52203,0.84325,0.85526,0.84883,0.40957,0.90354,0.13762,0.0,0.0,5e-06,5.65e-20,3.1,3.1
381.1,0.13139,0.13475,0.098645,0.13277,0.94866,0.92808,0.92808,0.92808,0.50263,0.50769,0.50431,0.84168,0.85461,0.84765,0.40955,0.90366,0.13277,0.0,0.0,5e-06,5.65e-20,3.1,3.1
381.3,0.12638,0.13022,0.095041,0.12791,0.94862,0.92808,0.92808,0.92808,0.4844,0.49101,0.48659,0.84011,0.85397,0.84647,0.40953,0.90378,0.12791,0.0,0.0,5e-06,5.65e-20,3.1,3.1
381.5,0.12139,0.12569,0.091447,0.12307,0.94859,0.92808,0.92808,0.92808,0.46617,0.47433,0.46887,0.83853,0.85332,0.84529,0.40952,0.9039,0.12307,0.0,0.0,5e-06,5.65e-20,3.1,3.1
381.7,0.11606,0.12058,0.087545,0.11782,0.94856,0.92808,0.92808,0.92808,0.4466,0.45542,0.44952,0.83696,0.85267,0.84412,0.4095,0.90402,0.11782,0.0,0.0,5e-06,5.65e-20,3.1,3.1
381.9,0.11064,0.11528,0.08355,0.11244,0.94852,0.92808,0.92808,0.92808,0.42658,0.43576,0.42963,0.83539,0.85203,0.84294,0.40948,0.90414,0.11244,0.0,0.0,5e-06,5.65e-20,3.1,3.1
382.1,0.10524,0.10998,0.079559,0.10707,0.94842,0.92808,0.92808,0.92808,0.40656,0.41611,0.40974,0.83382,0.85138,0.84176,0.40946,0.9042600000000001,0.10707,0.0,0.0,5e-06,5.65e-20,3.1,3.1
382.3,0.099845,0.10468,0.075575,0.10171,0.94825,0.92808,0.92808,0.92808,0.38655,0.39645,0.38985,0.83224,0.85073,0.84058,0.40944,0.9043800000000001,0.10171,0.0,0.0,5e-06,5.65e-20,3.1,3.1
382.5,0.094475,0.099391,0.071603,0.09636,0.94807,0.92808,0.92808,0.92808,0.36653,0.3768,0.36996,0.83067,0.85009,0.8394,0.40942,0.9045000000000001,0.09636,0.0,0.0,5e-06,5.65e-20,3.1,3.1
382.7,0.089126,0.094113,0.067644,0.09103,0.9479,0.92809,0.92809,0.92809,0.34651,0.35714,0.35006,0.8291,0.84944,0.83823,0.4094,0.90462,0.09103,0.0,0.0,5e-06,5.65e-20,3.1,3.1
382.9,0.083799,0.088846,0.063697,0.085718,0.94773,0.92809,0.92809,0.92809,0.3265,0.33749,0.33017,0.82753,0.84879,0.83705,0.40938,0.90474,0.085718,0.0,0.0,5e-06,5.65e-20,3.1,3.1
383.1,0.078761,0.083706,0.059914,0.080626,0.94749,0.92809,0.92809,0.92809,0.30648,0.31783,0.31028,0.82882,0.8494,0.83805,0.40936,0.90486,0.080626,0.0,0.0,5e-06,5.65e-20,3.1,3.1
383.3,0.07396,0.078673,0.056266,0.075716,0.94719,0.92809,0.92809,0.92809,0.28646,0.29818,0.29039,0.83299,0.85126,0.84124,0.40934,0.90498,0.075716,0.0,0.0,5e-06,5.65e-20,3.1,3.1
383.5,0.069111,0.073621,0.052592,0.070771,0.94689,0.92809,0.92809,0.92809,0.26645,0.27852,0.2705,0.83715,0.85312,0.84442,0.40932,0.9051,0.070771,0.0,0.0,5e-06,5.65e-20,3.1,3.1
383.7,0.064213,0.068549,0.048891,0.06579,0.94658,0.92809,0.92809,0.92809,0.24643,0.25886,0.25061,0.84131,0.85498,0.8476,0.4093,0.90522,0.06579,0.0,0.0,5e-06,5.65e-20,3.1,3.1
383.9,0.059267,0.063459,0.045164,0.060773,0.94628,0.92809,0.92809,0.92809,0.22641,0.23921,0.23071,0.84548,0.85684,0.85079,0.40928,0.90534,0.060773,0.0,0.0,5e-06,5.65e-20,3.1,3.1
384.1,0.15652,0.15145,0.1153,0.15515,0.94593,0.92809,0.92809,0.92809,0.59527,0.56991,0.58704,0.84964,0.8587,0.85397,0.40926,0.90546,0.15515,0.0,0.0,5e-06,5.65e-20,3.1,3.1
384.3,0.16052,0.15512,0.11816,0.15899,0.94551,0.92809,0.92809,0.92809,0.60779,0.58273,0.59966,0.8538,0.86056,0.85715,0.40924,0.90558,0.15899,0.0,0.0,5e-06,5.65e-20,3.1,3.1
384.5,0.16455,0.1588,0.12104,0.16286,0.9451,0.92809,0.92809,0.92809,0.62031,0.59554,0.61227,0.85797,0.86242,0.86034,0.40922,0.9057000000000001,0.16286,0.0,0.0,5e-06,5.65e-20,3.1,3.1
384.7,0.1686,0.16248,0.12393,0.16675,0.94468,0.92809,0.92809,0.92809,0.63283,0.60836,0.62489,0.86213,0.86428,0.86352,0.4092,0.9058200000000001,0.16675,0.0,0.0,5e-06,5.65e-20,3.1,3.1
384.9,0.17268,0.16618,0.12684,0.17066,0.94427,0.92809,0.92809,0.92809,0.64536,0.62117,0.6375,0.86629,0.86614,0.8667,0.40917,0.90594,0.17066,0.0,0.0,5e-06,5.65e-20,3.1,3.1
385.1,0.17678,0.16988,0.12975,0.17458,0.94381,0.92809,0.92809,0.92809,0.65788,0.63399,0.65012,0.87046,0.868,0.86989,0.40915,0.90598,0.17458,0.0,0.0,5e-06,5.65e-20,3.1,3.1
385.3,0.18035,0.17337,0.13238,0.17811,0.9433,0.9281,0.9281,0.9281,0.6704,0.6468,0.66273,0.87196,0.86881,0.8711,0.40913,0.9059400000000001,0.17811,0.0,0.0,5e-06,5.65e-20,3.1,3.1
385.5,0.18337,0.17665,0.1347,0.18123,0.94279,0.9281,0.9281,0.9281,0.68292,0.65962,0.67535,0.87081,0.86856,0.87033,0.40911,0.9059,0.18123,0.0,0.0,5e-06,5.65e-20,3.1,3.1
385.7,0.18637,0.17993,0.13702,0.18435,0.94228,0.9281,0.9281,0.9281,0.69544,0.67243,0.68796,0.86966,0.86832,0.86956,0.40909,0.90586,0.18435,0.0,0.0,5e-06,5.65e-20,3.1,3.1
385.9,0.18937,0.1832,0.13933,0.18745,0.94177,0.9281,0.9281,0.9281,0.70796,0.68524,0.70057,0.86851,0.86807,0.8688,0.40907,0.9058200000000001,0.18745,0.0,0.0,5e-06,5.65e-20,3.1,3.1
386.1,0.19234,0.18645,0.14162,0.19054,0.94122,0.9281,0.9281,0.9281,0.72048,0.69806,0.71319,0.86736,0.86783,0.86803,0.40904,0.90578,0.19054,0.0,0.0,5e-06,5.65e-20,3.1,3.1
386.3,0.19529,0.18969,0.1439,0.19361,0.94064,0.9281,0.9281,0.9281,0.73301,0.71087,0.7258,0.8662,0.86759,0.86726,0.40902,0.90574,0.19361,0.0,0.0,5e-06,5.65e-20,3.1,3.1
386.5,0.19823,0.19293,0.14618,0.19666,0.94006,0.9281,0.9281,0.9281,0.74553,0.72369,0.73842,0.86505,0.86734,0.86649,0.409,0.9057000000000001,0.19666,0.0,0.0,5e-06,5.65e-20,3.1,3.1
386.7,0.20048,0.19553,0.14796,0.19905,0.93947,0.9281,0.9281,0.9281,0.7555,0.73415,0.74855,0.8639,0.8671,0.86573,0.40898,0.90566,0.19905,0.0,0.0,5e-06,5.65e-20,3.1,3.1
386.9,0.19889,0.19458,0.14695,0.19769,0.93889,0.9281,0.9281,0.9281,0.75102,0.73128,0.74459,0.86275,0.86685,0.86496,0.40896,0.90562,0.19769,0.0,0.0,5e-06,5.65e-20,3.1,3.1
387.1,0.1973,0.19363,0.14594,0.19633,0.93828,0.9281,0.9281,0.9281,0.74654,0.72841,0.74064,0.8616,0.86661,0.86419,0.40894,0.90558,0.19633,0.0,0.0,5e-06,5.65e-20,3.1,3.1
387.3,0.19571,0.19267,0.14492,0.19497,0.93764,0.9281,0.9281,0.9281,0.74206,0.72554,0.73668,0.86044,0.86636,0.86343,0.40891,0.90554,0.19497,0.0,0.0,5e-06,5.65e-20,3.1,3.1
387.5,0.19413,0.19171,0.14391,0.1936,0.93701,0.9281,0.9281,0.9281,0.73758,0.72267,0.73273,0.85929,0.86612,0.86266,0.40889,0.9055,0.1936,0.0,0.0,5e-06,5.65e-20,3.1,3.1
387.7,0.19255,0.19076,0.14291,0.19225,0.93637,0.9281,0.9281,0.9281,0.7331,0.7198,0.72877,0.85814,0.86587,0.86189,0.40887,0.90546,0.19225,0.0,0.0,5e-06,5.65e-20,3.1,3.1
387.9,0.19098,0.18981,0.1419,0.1909,0.93573,0.9281,0.9281,0.9281,0.72862,0.71693,0.72482,0.85699,0.86563,0.86113,0.40885,0.90542,0.1909,0.0,0.0,5e-06,5.65e-20,3.1,3.1
388.1,0.18941,0.18885,0.1409,0.18954,0.93508,0.9281,0.9281,0.9281,0.72414,0.71406,0.72086,0.85584,0.86538,0.86036,0.40883,0.9053800000000001,0.18954,0.0,0.0,5e-06,5.65e-20,3.1,3.1
388.3,0.18784,0.1879,0.1399,0.18819,0.93441,0.9281,0.9281,0.9281,0.71967,0.71119,0.71691,0.85468,0.86514,0.85959,0.40881,0.90534,0.18819,0.0,0.0,5e-06,5.65e-20,3.1,3.1
388.5,0.18627,0.18694,0.1389,0.18684,0.93374,0.9281,0.9281,0.9281,0.71519,0.70832,0.71295,0.85353,0.8649,0.85882,0.40879,0.9053,0.18684,0.0,0.0,5e-06,5.65e-20,3.1,3.1
388.7,0.18472,0.18599,0.1379,0.1855,0.93307,0.9281,0.9281,0.9281,0.71071,0.70545,0.709,0.85238,0.86465,0.85806,0.40877,0.9052600000000001,0.1855,0.0,0.0,5e-06,5.65e-20,3.1,3.1
388.9,0.18316,0.18504,0.13691,0.18416,0.93241,0.9281,0.9281,0.9281,0.70623,0.70258,0.70504,0.85123,0.86441,0.85729,0.40875,0.90522,0.18416,0.0,0.0,5e-06,5.65e-20,3.1,3.1
389.1,0.18161,0.18409,0.13591,0.18282,0.93173,0.9281,0.9281,0.9281,0.70175,0.69971,0.70109,0.85008,0.86416,0.85652,0.40873,0.90518,0.18282,0.0,0.0,5e-06,5.65e-20,3.1,3.1
389.3,0.18002,0.18307,0.13488,0.18142,0.93105,0.9281,0.9281,0.9281,0.69727,0.69684,0.69713,0.84867,0.86358,0.85547,0.40871,0.9051400000000001,0.18142,0.0,0.0,5e-06,5.65e-20,3.1,3.1
389.5,0.17496,0.17843,0.13123,0.17651,0.93037,0.9281,0.9281,0.9281,0.67956,0.68043,0.67985,0.84701,0.86266,0.85413,0.40869,0.9051,0.17651,0.0,0.0,5e-06,5.65e-20,3.1,3.1
389.7,0.16994,0.1738,0.12759,0.17162,0.92969,0.9281,0.9281,0.9281,0.66184,0.66401,0.66256,0.84535,0.86175,0.85279,0.40867,0.90506,0.17162,0.0,0.0,5e-06,5.65e-20,3.1,3.1
389.9,0.16494,0.16919,0.12397,0.16675,0.929,0.9281,0.9281,0.9281,0.64413,0.6476,0.64528,0.84369,0.86083,0.85144,0.40866,0.90502,0.16675,0.0,0.0,5e-06,5.65e-20,3.1,3.1
390.1,0.15996,0.1646,0.12037,0.1619,0.92832,0.9281,0.9281,0.9281,0.62641,0.63118,0.628,0.84203,0.85991,0.8501,0.40864,0.90502,0.1619,0.0,0.0,5e-06,5.65e-20,3.1,3.1
390.3,0.15501,0.16003,0.11678,0.15708,0.92765,0.9281,0.9281,0.9281,0.6087,0.61477,0.61072,0.84037,0.85899,0.84876,0.40862,0.90506,0.15708,0.0,0.0,5e-06,5.65e-20,3.1,3.1
390.5,0.15009,0.15547,0.11321,0.15227,0.92697,0.9281,0.9281,0.9281,0.59099,0.59835,0.59343,0.83871,0.85808,0.84742,0.4086,0.9051,0.15227,0.0,0.0,5e-06,5.65e-20,3.1,3.1
390.7,0.14519,0.15092,0.10966,0.14749,0.9263,0.9281,0.9281,0.9281,0.57327,0.58194,0.57615,0.83705,0.85716,0.84608,0.40859,0.9051400000000001,0.14749,0.0,0.0,5e-06,5.65e-20,3.1,3.1
390.9,0.14031,0.1464,0.10612,0.14273,0.92562,0.9281,0.9281,0.9281,0.55556,0.56552,0.55887,0.83539,0.85624,0.84473,0.40857,0.90518,0.14273,0.0,0.0,5e-06,5.65e-20,3.1,3.1
391.1,0.13547,0.14189,0.1026,0.13799,0.92496,0.9281,0.9281,0.9281,0.53784,0.54911,0.54158,0.83373,0.85533,0.84339,0.40855,0.90522,0.13799,0.0,0.0,5e-06,5.65e-20,3.1,3.1
391.3,0.13065,0.1374,0.099096,0.13328,0.92431,0.9281,0.9281,0.9281,0.52013,0.5327,0.5243,0.83207,0.85441,0.84205,0.40854,0.9052600000000001,0.13328,0.0,0.0,5e-06,5.65e-20,3.1,3.1
391.5,0.12585,0.13292,0.095607,0.12858,0.92366,0.9281,0.9281,0.9281,0.50242,0.51628,0.50702,0.83042,0.85349,0.84071,0.40852,0.9053,0.12858,0.0,0.0,5e-06,5.65e-20,3.1,3.1
391.7,0.12108,0.12846,0.092134,0.12391,0.92301,0.9281,0.9281,0.9281,0.4847,0.49987,0.48974,0.82876,0.85257,0.83937,0.40851,0.90534,0.12391,0.0,0.0,5e-06,5.65e-20,3.1,3.1
391.9,0.11634,0.12402,0.088676,0.11926,0.92236,0.9281,0.9281,0.9281,0.46699,0.48345,0.47245,0.8271,0.85166,0.83803,0.4085,0.9053800000000001,0.11926,0.0,0.0,5e-06,5.65e-20,3.1,3.1
392.1,0.11134,0.11904,0.084957,0.11425,0.92173,0.9281,0.9281,0.9281,0.44813,0.46486,0.45369,0.82544,0.85074,0.83668,0.40848,0.90542,0.11425,0.0,0.0,5e-06,5.65e-20,3.1,3.1
392.3,0.10631,0.11397,0.081208,0.10921,0.92113,0.9281,0.9281,0.9281,0.42906,0.44588,0.43466,0.82378,0.84982,0.83534,0.40847,0.90546,0.10921,0.0,0.0,5e-06,5.65e-20,3.1,3.1
392.5,0.10131,0.10893,0.077476,0.10419,0.92052,0.9281,0.9281,0.9281,0.41,0.42691,0.41563,0.82212,0.8489,0.834,0.40846,0.9055,0.10419,0.0,0.0,5e-06,5.65e-20,3.1,3.1
392.7,0.096341,0.1039,0.07376,0.099192,0.91991,0.92809,0.92809,0.92809,0.39093,0.40793,0.3966,0.82046,0.84799,0.83266,0.40845,0.90554,0.099192,0.0,0.0,5e-06,5.65e-20,3.1,3.1
392.9,0.091395,0.098894,0.07006,0.094215,0.9193,0.92809,0.92809,0.92809,0.37187,0.38895,0.37757,0.8188,0.84707,0.83132,0.40843,0.90558,0.094215,0.0,0.0,5e-06,5.65e-20,3.1,3.1
393.1,0.086476,0.093905,0.066379,0.089264,0.91872,0.92809,0.92809,0.92809,0.3528,0.36997,0.35854,0.81714,0.84615,0.82998,0.40842,0.90562,0.089264,0.0,0.0,5e-06,5.65e-20,3.1,3.1
393.3,0.081586,0.088936,0.062716,0.084336,0.91817,0.92809,0.92809,0.92809,0.33374,0.351,0.33951,0.81548,0.84523,0.82863,0.40841,0.90566,0.084336,0.0,0.0,5e-06,5.65e-20,3.1,3.1
393.5,0.076721,0.083984,0.059069,0.079431,0.91761,0.92809,0.92809,0.92809,0.31467,0.33202,0.32048,0.81382,0.84432,0.82729,0.40841,0.9057000000000001,0.079431,0.0,0.0,5e-06,5.65e-20,3.1,3.1
393.7,0.071881,0.079048,0.055437,0.074547,0.91706,0.92809,0.92809,0.92809,0.29561,0.31304,0.30145,0.81216,0.8434,0.82595,0.4084,0.90574,0.074547,0.0,0.0,5e-06,5.65e-20,3.1,3.1
393.9,0.067685,0.074493,0.052203,0.070196,0.91651,0.92809,0.92809,0.92809,0.27654,0.29406,0.28243,0.81799,0.84662,0.83067,0.40839,0.90578,0.070196,0.0,0.0,5e-06,5.65e-20,3.1,3.1
394.1,0.063431,0.06991,0.048934,0.065799,0.91599,0.92809,0.92809,0.92809,0.25748,0.27509,0.2634,0.82383,0.84985,0.83538,0.40838,0.9058200000000001,0.065799,0.0,0.0,5e-06,5.65e-20,3.1,3.1
394.3,0.059118,0.065298,0.04563,0.061357,0.9155,0.92809,0.92809,0.92809,0.23841,0.25611,0.24437,0.82966,0.85307,0.8401,0.40838,0.90586,0.061357,0.0,0.0,5e-06,5.65e-20,3.1,3.1
394.5,0.054743,0.060655,0.042291,0.056865,0.91501,0.92809,0.92809,0.92809,0.21935,0.23713,0.22534,0.83549,0.85629,0.84481,0.40837,0.9059,0.056865,0.0,0.0,5e-06,5.65e-20,3.1,3.1
394.7,0.15051,0.1449,0.11094,0.14917,0.91453,0.92809,0.92809,0.92809,0.59924,0.56467,0.58813,0.84132,0.85952,0.84953,0.40837,0.9059400000000001,0.14917,0.0,0.0,5e-06,5.65e-20,3.1,3.1
394.9,0.15448,0.1485,0.11376,0.15296,0.91404,0.92809,0.92809,0.92809,0.61111,0.57687,0.60011,0.84716,0.86274,0.85424,0.40836,0.90598,0.15296,0.0,0.0,5e-06,5.65e-20,3.1,3.1
395.1,0.15848,0.15214,0.11662,0.1568,0.91359,0.92809,0.92809,0.92809,0.62298,0.58908,0.61208,0.85299,0.86596,0.85896,0.40836,0.90602,0.1568,0.0,0.0,5e-06,5.65e-20,3.1,3.1
395.3,0.16253,0.15579,0.1195,0.16067,0.91318,0.92809,0.92809,0.92809,0.63485,0.60128,0.62406,0.85882,0.86919,0.86368,0.40836,0.90606,0.16067,0.0,0.0,5e-06,5.65e-20,3.1,3.1
395.5,0.16662,0.15947,0.1224,0.16457,0.91277,0.92809,0.92809,0.92809,0.64673,0.61348,0.63603,0.86465,0.87241,0.86839,0.40835,0.9061,0.16457,0.0,0.0,5e-06,5.65e-20,3.1,3.1
395.7,0.17004,0.16281,0.12491,0.16795,0.91236,0.92808,0.92808,0.92808,0.6586,0.62569,0.64801,0.86689,0.87371,0.87023,0.40835,0.9061400000000001,0.16795,0.0,0.0,5e-06,5.65e-20,3.1,3.1
395.9,0.17276,0.1658,0.12701,0.17077,0.91195,0.92808,0.92808,0.92808,0.67047,0.63789,0.65998,0.86554,0.8731,0.86919,0.40835,0.90618,0.17077,0.0,0.0,5e-06,5.65e-20,3.1,3.1
396.1,0.17547,0.16878,0.12911,0.17359,0.91158,0.92808,0.92808,0.92808,0.68234,0.65009,0.67196,0.86418,0.87248,0.86815,0.40836,0.90622,0.17359,0.0,0.0,5e-06,5.65e-20,3.1,3.1
396.3,0.17818,0.17177,0.13121,0.17641,0.91125,0.92808,0.92808,0.92808,0.69421,0.66229,0.68393,0.86282,0.87187,0.86711,0.40836,0.9062600000000001,0.17641,0.0,0.0,5e-06,5.65e-20,3.1,3.1
396.5,0.18088,0.17475,0.1333,0.17922,0.91093,0.92808,0.92808,0.92808,0.70609,0.6745,0.69591,0.86147,0.87125,0.86607,0.40836,0.9063,0.17922,0.0,0.0,5e-06,5.65e-20,3.1,3.1
396.7,0.18356,0.17772,0.13539,0.18202,0.9106,0.92808,0.92808,0.92808,0.71796,0.6867,0.70788,0.86011,0.87064,0.86503,0.40836,0.90634,0.18202,0.0,0.0,5e-06,5.65e-20,3.1,3.1
396.9,0.18624,0.18069,0.13747,0.18481,0.91027,0.92808,0.92808,0.92808,0.72983,0.6989,0.71986,0.85875,0.87003,0.86399,0.40837,0.9063800000000001,0.18481,0.0,0.0,5e-06,5.65e-20,3.1,3.1
397.1,0.18891,0.18366,0.13954,0.1876,0.90999,0.92808,0.92808,0.92808,0.7417,0.71111,0.73183,0.8574,0.86941,0.86295,0.40837,0.90642,0.1876,0.0,0.0,5e-06,5.65e-20,3.1,3.1
397.3,0.19158,0.18663,0.14162,0.1904,0.90975,0.92808,0.92808,0.92808,0.75358,0.72331,0.74381,0.85604,0.8688,0.86191,0.40838,0.90646,0.1904,0.0,0.0,5e-06,5.65e-20,3.1,3.1
397.5,0.19101,0.18665,0.14135,0.19003,0.90951,0.92808,0.92808,0.92808,0.75271,0.72409,0.74347,0.85468,0.86818,0.86087,0.40839,0.9065000000000001,0.19003,0.0,0.0,5e-06,5.65e-20,3.1,3.1
397.7,0.18964,0.18594,0.1405,0.18888,0.90927,0.92808,0.92808,0.92808,0.74865,0.72201,0.74005,0.85333,0.86757,0.85983,0.4084,0.90654,0.18888,0.0,0.0,5e-06,5.65e-20,3.1,3.1
397.9,0.18826,0.18523,0.13965,0.18774,0.90903,0.92808,0.92808,0.92808,0.7446,0.71993,0.73663,0.85197,0.86695,0.85878,0.40841,0.90658,0.18774,0.0,0.0,5e-06,5.65e-20,3.1,3.1
398.1,0.18691,0.18453,0.13881,0.18661,0.90883,0.92807,0.92807,0.92807,0.74054,0.71785,0.73322,0.85062,0.86634,0.85774,0.40842,0.90662,0.18661,0.0,0.0,5e-06,5.65e-20,3.1,3.1
398.3,0.18556,0.18384,0.13798,0.18549,0.90868,0.92807,0.92807,0.92807,0.73649,0.71578,0.7298,0.84926,0.86572,0.8567,0.40843,0.90666,0.18549,0.0,0.0,5e-06,5.65e-20,3.1,3.1
398.5,0.18422,0.18315,0.13715,0.18437,0.90853,0.92807,0.92807,0.92807,0.73244,0.7137,0.72638,0.8479,0.86511,0.85566,0.40844,0.9067000000000001,0.18437,0.0,0.0,5e-06,5.65e-20,3.1,3.1
398.7,0.18288,0.18246,0.13632,0.18325,0.90838,0.92807,0.92807,0.92807,0.72838,0.71162,0.72297,0.84655,0.86449,0.85462,0.40846,0.90674,0.18325,0.0,0.0,5e-06,5.65e-20,3.1,3.1
398.9,0.18155,0.18178,0.1355,0.18214,0.90823,0.92807,0.92807,0.92807,0.72433,0.70954,0.71955,0.84519,0.86388,0.85358,0.40847,0.90678,0.18214,0.0,0.0,5e-06,5.65e-20,3.1,3.1
399.1,0.18023,0.1811,0.13468,0.18104,0.90813,0.92807,0.92807,0.92807,0.72028,0.70747,0.71613,0.84383,0.86327,0.85254,0.40849,0.9068200000000001,0.18104,0.0,0.0,5e-06,5.65e-20,3.1,3.1
399.3,0.17892,0.18044,0.13387,0.17995,0.90807,0.92807,0.92807,0.92807,0.71622,0.70539,0.71272,0.84248,0.86265,0.8515,0.40851,0.90686,0.17995,0.0,0.0,5e-06,5.65e-20,3.1,3.1
399.5,0.17762,0.17977,0.13307,0.17887,0.90801,0.92807,0.92807,0.92807,0.71217,0.70331,0.7093,0.84112,0.86204,0.85046,0.40853,0.9069,0.17887,0.0,0.0,5e-06,5.65e-20,3.1,3.1
399.7,0.17632,0.17911,0.13226,0.17779,0.90795,0.92807,0.92807,0.92807,0.70811,0.70123,0.70588,0.83976,0.86142,0.84942,0.40855,0.9069400000000001,0.17779,0.0,0.0,5e-06,5.65e-20,3.1,3.1
399.9,0.17502,0.17845,0.13146,0.17671,0.90789,0.92807,0.92807,0.92807,0.70406,0.69916,0.70247,0.83841,0.86081,0.84838,0.40857,0.90698,0.17671,0.0,0.0,5e-06,5.65e-20,3.1,3.1
400.1,0.1737,0.17774,0.13063,0.17559,0.90788,0.92806,0.92806,0.92806,0.70001,0.69708,0.69905,0.83686,0.85992,0.84711,0.40859,0.907,0.17559,0.0,0.0,5e-06,5.65e-20,3.1,3.1
400.3,0.16949,0.17395,0.12761,0.17152,0.90791,0.92806,0.92806,0.92806,0.68442,0.68306,0.68398,0.83512,0.85876,0.84562,0.40861,0.907,0.17152,0.0,0.0,5e-06,5.65e-20,3.1,3.1
400.5,0.16499,0.16983,0.12435,0.16713,0.90794,0.92806,0.92806,0.92806,0.66754,0.66771,0.66761,0.83337,0.8576,0.84413,0.40864,0.907,0.16713,0.0,0.0,5e-06,5.65e-20,3.1,3.1
400.7,0.1605,0.16572,0.1211,0.16276,0.90797,0.92806,0.92806,0.92806,0.65067,0.65237,0.65125,0.83163,0.85644,0.84264,0.40867,0.907,0.16276,0.0,0.0,5e-06,5.65e-20,3.1,3.1
400.9,0.15602,0.16161,0.11786,0.15841,0.908,0.92806,0.92806,0.92806,0.6338,0.63702,0.63488,0.82989,0.85528,0.84115,0.40869,0.907,0.15841,0.0,0.0,5e-06,5.65e-20,3.1,3.1
401.1,0.15157,0.15753,0.11463,0.15407,0.90808,0.92806,0.92806,0.92806,0.61693,0.62168,0.61851,0.82815,0.85412,0.83966,0.40872,0.907,0.15407,0.0,0.0,5e-06,5.65e-20,3.1,3.1
401.3,0.14715,0.15346,0.11143,0.14976,0.9082,0.92806,0.92806,0.92806,0.60006,0.60633,0.60215,0.82641,0.85296,0.83817,0.40875,0.907,0.14976,0.0,0.0,5e-06,5.65e-20,3.1,3.1
401.5,0.14274,0.14941,0.10823,0.14546,0.90831,0.92806,0.92806,0.92806,0.58319,0.59099,0.58578,0.82466,0.8518,0.83667,0.40878,0.907,0.14546,0.0,0.0,5e-06,5.65e-20,3.1,3.1
401.7,0.13834,0.14536,0.10504,0.14117,0.90843,0.92806,0.92806,0.92806,0.56632,0.57564,0.56941,0.82292,0.85064,0.83518,0.40882,0.907,0.14117,0.0,0.0,5e-06,5.65e-20,3.1,3.1
401.9,0.13397,0.14132,0.10186,0.1369,0.90855,0.92806,0.92806,0.92806,0.54944,0.5603,0.55305,0.82118,0.84948,0.83369,0.40885,0.907,0.1369,0.0,0.0,5e-06,5.65e-20,3.1,3.1
402.1,0.12961,0.1373,0.098696,0.13265,0.90871,0.92806,0.92806,0.92806,0.53257,0.54495,0.53668,0.81944,0.84832,0.8322,0.40889,0.907,0.13265,0.0,0.0,5e-06,5.65e-20,3.1,3.1
402.3,0.12528,0.13329,0.095546,0.12841,0.90891,0.92805,0.92805,0.92805,0.5157,0.52961,0.52031,0.8177,0.84716,0.83071,0.40892,0.907,0.12841,0.0,0.0,5e-06,5.65e-20,3.1,3.1
402.5,0.12096,0.12929,0.092404,0.12419,0.90911,0.92805,0.92805,0.92805,0.49883,0.51426,0.50395,0.81595,0.84601,0.82922,0.40896,0.907,0.12419,0.0,0.0,5e-06,5.65e-20,3.1,3.1
402.7,0.11666,0.1253,0.089272,0.11997,0.90931,0.92805,0.92805,0.92805,0.48196,0.49892,0.48758,0.81421,0.84485,0.82773,0.409,0.907,0.11997,0.0,0.0,5e-06,5.65e-20,3.1,3.1
402.9,0.11235,0.12129,0.086134,0.11576,0.90952,0.92805,0.92805,0.92805,0.46503,0.48345,0.47113,0.81247,0.84369,0.82623,0.40904,0.907,0.11576,0.0,0.0,5e-06,5.65e-20,3.1,3.1
403.1,0.1078,0.11671,0.08273,0.11118,0.90976,0.92805,0.92805,0.92805,0.44696,0.46564,0.45316,0.81073,0.84253,0.82474,0.40909,0.907,0.11118,0.0,0.0,5e-06,5.65e-20,3.1,3.1
403.3,0.10326,0.11213,0.07934,0.10662,0.91004,0.92805,0.92805,0.92805,0.4289,0.44783,0.43519,0.80899,0.84137,0.82325,0.40913,0.907,0.10662,0.0,0.0,5e-06,5.65e-20,3.1,3.1
403.5,0.098739,0.10757,0.075958,0.10208,0.91032,0.92805,0.92805,0.92805,0.41083,0.43003,0.41722,0.80724,0.84021,0.82176,0.40918,0.907,0.10208,0.0,0.0,5e-06,5.65e-20,3.1,3.1
403.7,0.094233,0.10302,0.072586,0.097545,0.9106,0.92805,0.92805,0.92805,0.39277,0.41222,0.39925,0.8055,0.83905,0.82027,0.40923,0.907,0.097545,0.0,0.0,5e-06,5.65e-20,3.1,3.1
403.9,0.089743,0.098474,0.069224,0.093024,0.91088,0.92805,0.92805,0.92805,0.3747,0.39441,0.38128,0.80376,0.83789,0.81878,0.40928,0.907,0.093024,0.0,0.0,5e-06,5.65e-20,3.1,3.1
404.1,0.085255,0.093923,0.06586,0.088503,0.91102,0.92805,0.92805,0.92805,0.35664,0.3766,0.36331,0.80202,0.83673,0.81729,0.40933,0.907,0.088503,0.0,0.0,5e-06,5.65e-20,3.1,3.1
404.3,0.08077,0.089369,0.062496,0.083981,0.91102,0.92804,0.92804,0.92804,0.33857,0.35879,0.34534,0.80028,0.83557,0.81579,0.40938,0.907,0.083981,0.0,0.0,5e-06,5.65e-20,3.1,3.1
404.5,0.076304,0.084826,0.059144,0.079476,0.91101,0.92804,0.92804,0.92804,0.32051,0.34099,0.32737,0.79853,0.83441,0.8143,0.40943,0.907,0.079476,0.0,0.0,5e-06,5.65e-20,3.1,3.1
404.7,0.071855,0.080294,0.055802,0.074985,0.91101,0.92804,0.92804,0.92804,0.30244,0.32318,0.3094,0.79679,0.83325,0.81281,0.40949,0.907,0.074985,0.0,0.0,5e-06,5.65e-20,3.1,3.1
404.9,0.067425,0.075774,0.052472,0.070509,0.911,0.92804,0.92804,0.92804,0.28438,0.30537,0.29143,0.79505,0.83209,0.81132,0.40955,0.907,0.070509,0.0,0.0,5e-06,5.65e-20,3.1,3.1
405.1,0.06375,0.071779,0.049631,0.06669,0.911,0.92804,0.92804,0.92804,0.26631,0.28756,0.27346,0.8026,0.83691,0.8177,0.4096,0.907,0.06669,0.0,0.0,5e-06,5.65e-20,3.1,3.1
405.3,0.059993,0.067731,0.046738,0.062802,0.91099,0.92804,0.92804,0.92804,0.24825,0.26975,0.25549,0.81015,0.84173,0.82407,0.40967,0.907,0.062802,0.0,0.0,5e-06,5.65e-20,3.1,3.1
405.5,0.056154,0.063631,0.043794,0.058845,0.91099,0.92804,0.92804,0.92804,0.23019,0.25195,0.23751,0.8177,0.84655,0.83045,0.40973,0.907,0.058845,0.0,0.0,5e-06,5.65e-20,3.1,3.1
405.7,0.14555,0.13723,0.10685,0.14357,0.91099,0.92804,0.92804,0.92804,0.59109,0.54022,0.57499,0.82525,0.85137,0.83682,0.40979,0.907,0.14357,0.0,0.0,5e-06,5.65e-20,3.1,3.1
405.9,0.14971,0.14101,0.10981,0.14755,0.91098,0.92804,0.92804,0.92804,0.60237,0.55187,0.58638,0.8328,0.8562,0.8432,0.40986,0.907,0.14755,0.0,0.0,5e-06,5.65e-20,3.1,3.1
406.1,0.15392,0.14482,0.11281,0.15158,0.91098,0.92804,0.92804,0.92804,0.61366,0.56352,0.59778,0.84035,0.86102,0.84957,0.40993,0.907,0.15158,0.0,0.0,5e-06,5.65e-20,3.1,3.1
406.3,0.15818,0.14867,0.11585,0.15566,0.91097,0.92804,0.92804,0.92804,0.62494,0.57518,0.60917,0.8479,0.86584,0.85595,0.41,0.907,0.15566,0.0,0.0,5e-06,5.65e-20,3.1,3.1
406.5,0.1625,0.15255,0.11891,0.15978,0.91097,0.92804,0.92804,0.92804,0.63623,0.58683,0.62057,0.85545,0.87066,0.86232,0.41007,0.907,0.15978,0.0,0.0,5e-06,5.65e-20,3.1,3.1
406.7,0.166,0.15596,0.12148,0.16322,0.91096,0.92803,0.92803,0.92803,0.64752,0.59849,0.63196,0.85848,0.87263,0.8649,0.41014,0.907,0.16322,0.0,0.0,5e-06,5.65e-20,3.1,3.1
406.9,0.16863,0.15886,0.12352,0.16596,0.91096,0.92803,0.92803,0.92803,0.6588,0.61014,0.64336,0.85699,0.87175,0.86367,0.41021,0.907,0.16596,0.0,0.0,5e-06,5.65e-20,3.1,3.1
407.1,0.17125,0.16176,0.12555,0.16869,0.91095,0.92803,0.92803,0.92803,0.67009,0.6218,0.65475,0.85551,0.87087,0.86245,0.41029,0.907,0.16869,0.0,0.0,5e-06,5.65e-20,3.1,3.1
407.3,0.17387,0.16466,0.12758,0.17141,0.91095,0.92803,0.92803,0.92803,0.68137,0.63345,0.66615,0.85402,0.86999,0.86122,0.41037,0.907,0.17141,0.0,0.0,5e-06,5.65e-20,3.1,3.1
407.5,0.17647,0.16755,0.12961,0.17413,0.91094,0.92803,0.92803,0.92803,0.69266,0.64511,0.67754,0.85254,0.86911,0.85999,0.41045,0.907,0.17413,0.0,0.0,5e-06,5.65e-20,3.1,3.1
407.7,0.17907,0.17044,0.13162,0.17684,0.91094,0.92803,0.92803,0.92803,0.70394,0.65676,0.68893,0.85106,0.86823,0.85877,0.41053,0.907,0.17684,0.0,0.0,5e-06,5.65e-20,3.1,3.1
407.9,0.18166,0.17332,0.13364,0.17954,0.91093,0.92803,0.92803,0.92803,0.71523,0.66842,0.70033,0.84957,0.86735,0.85754,0.41062,0.907,0.17954,0.0,0.0,5e-06,5.65e-20,3.1,3.1
408.1,0.18424,0.1762,0.13565,0.18224,0.91093,0.92803,0.92803,0.92803,0.72651,0.68007,0.71172,0.84809,0.86647,0.85632,0.4107,0.907,0.18224,0.0,0.0,5e-06,5.65e-20,3.1,3.1
408.3,0.18681,0.17908,0.13765,0.18493,0.91092,0.92803,0.92803,0.92803,0.7378,0.69173,0.72312,0.8466,0.86559,0.85509,0.41079,0.907,0.18493,0.0,0.0,5e-06,5.65e-20,3.1,3.1
408.5,0.18938,0.18195,0.13965,0.18762,0.91092,0.92803,0.92803,0.92803,0.74908,0.70338,0.73451,0.84512,0.86471,0.85387,0.41088,0.907,0.18762,0.0,0.0,5e-06,5.65e-20,3.1,3.1
408.7,0.19022,0.18326,0.14041,0.18863,0.91091,0.92803,0.92803,0.92803,0.75359,0.70904,0.73938,0.84363,0.86383,0.85264,0.41097,0.907,0.18863,0.0,0.0,5e-06,5.65e-20,3.1,3.1
408.9,0.18898,0.18269,0.13965,0.18761,0.91091,0.92803,0.92803,0.92803,0.74982,0.70737,0.73628,0.84215,0.86295,0.85141,0.41107,0.907,0.18761,0.0,0.0,5e-06,5.65e-20,3.1,3.1
409.1,0.18774,0.18211,0.13889,0.18659,0.91091,0.92803,0.92803,0.92803,0.74604,0.7057,0.73317,0.84066,0.86208,0.85019,0.41117,0.907,0.18659,0.0,0.0,5e-06,5.65e-20,3.1,3.1
409.3,0.1865,0.18154,0.13814,0.18557,0.9109,0.92803,0.92803,0.92803,0.74227,0.70404,0.73006,0.83918,0.8612,0.84896,0.41126,0.907,0.18557,0.0,0.0,5e-06,5.65e-20,3.1,3.1
409.5,0.18527,0.18097,0.13739,0.18456,0.9109,0.92803,0.92803,0.92803,0.73849,0.70237,0.72695,0.83769,0.86032,0.84774,0.41136,0.907,0.18456,0.0,0.0,5e-06,5.65e-20,3.1,3.1
409.7,0.18404,0.1804,0.13664,0.18355,0.91089,0.92802,0.92802,0.92802,0.73472,0.7007,0.72385,0.83621,0.85944,0.84651,0.41147,0.907,0.18355,0.0,0.0,5e-06,5.65e-20,3.1,3.1
409.9,0.18282,0.17983,0.13589,0.18254,0.91089,0.92802,0.92802,0.92802,0.73094,0.69903,0.72074,0.83473,0.85856,0.84529,0.41157,0.907,0.18254,0.0,0.0,5e-06,5.65e-20,3.1,3.1
410.1,0.18159,0.17926,0.13514,0.18154,0.91088,0.92802,0.92802,0.92802,0.72717,0.69736,0.71763,0.83324,0.85768,0.84406,0.41168,0.907,0.18154,0.0,0.0,5e-06,5.65e-20,3.1,3.1
410.3,0.18038,0.17869,0.1344,0.18054,0.91088,0.92802,0.92802,0.92802,0.72339,0.6957,0.71453,0.83176,0.8568,0.84283,0.41179,0.907,0.18054,0.0,0.0,5e-06,5.65e-20,3.1,3.1
410.5,0.17916,0.17813,0.13366,0.17954,0.91087,0.92802,0.92802,0.92802,0.71962,0.69403,0.71142,0.83027,0.85592,0.84161,0.4119,0.907,0.17954,0.0,0.0,5e-06,5.65e-20,3.1,3.1
410.7,0.17795,0.17756,0.13292,0.17854,0.91087,0.92802,0.92802,0.92802,0.71584,0.69236,0.70831,0.82879,0.85504,0.84038,0.41201,0.907,0.17854,0.0,0.0,5e-06,5.65e-20,3.1,3.1
410.9,0.17674,0.177,0.13218,0.17755,0.91086,0.92802,0.92802,0.92802,0.71207,0.69069,0.70521,0.8273,0.85416,0.83916,0.41213,0.907,0.17755,0.0,0.0,5e-06,5.65e-20,3.1,3.1
411.1,0.17554,0.17644,0.13144,0.17656,0.91086,0.92802,0.92802,0.92802,0.70829,0.68902,0.7021,0.82582,0.85328,0.83793,0.41224,0.907,0.17656,0.0,0.0,5e-06,5.65e-20,3.1,3.1
411.3,0.17434,0.17588,0.13071,0.17557,0.91085,0.92802,0.92802,0.92802,0.70452,0.68736,0.69899,0.82433,0.8524,0.83671,0.41236,0.907,0.17557,0.0,0.0,5e-06,5.65e-20,3.1,3.1
411.5,0.17314,0.17533,0.12997,0.17458,0.91085,0.92802,0.92802,0.92802,0.70074,0.68569,0.69589,0.82285,0.85152,0.83548,0.41248,0.907,0.17458,0.0,0.0,5e-06,5.65e-20,3.1,3.1
411.7,0.16964,0.17233,0.12749,0.17124,0.91084,0.92802,0.92802,0.92802,0.68788,0.6748,0.68366,0.82106,0.8502,0.83389,0.41261,0.907,0.17124,0.0,0.0,5e-06,5.65e-20,3.1,3.1
411.9,0.16541,0.16855,0.12444,0.16715,0.91084,0.92802,0.92802,0.92802,0.67199,0.66083,0.66839,0.81926,0.84889,0.8323,0.41274,0.907,0.16715,0.0,0.0,5e-06,5.65e-20,3.1,3.1
412.1,0.1612,0.16478,0.12141,0.16307,0.91084,0.92802,0.92802,0.92802,0.65609,0.64687,0.65313,0.81747,0.84757,0.83072,0.41286,0.907,0.16307,0.0,0.0,5e-06,5.65e-20,3.1,3.1
412.3,0.157,0.16103,0.11838,0.159,0.91083,0.92802,0.92802,0.92802,0.6402,0.6329,0.63786,0.81567,0.84626,0.82913,0.41299,0.907,0.159,0.0,0.0,5e-06,5.65e-20,3.1,3.1
412.5,0.15281,0.15728,0.11536,0.15495,0.91083,0.92802,0.92802,0.92802,0.62431,0.61894,0.6226,0.81388,0.84494,0.82754,0.41313,0.907,0.15495,0.0,0.0,5e-06,5.65e-20,3.1,3.1
412.7,0.14864,0.15354,0.11236,0.15091,0.91082,0.92802,0.92802,0.92802,0.60841,0.60497,0.60733,0.81208,0.84363,0.82595,0.41326,0.907,0.15091,0.0,0.0,5e-06,5.65e-20,3.1,3.1
412.9,0.14448,0.14981,0.10936,0.14688,0.91082,0.92802,0.92802,0.92802,0.59252,0.59101,0.59206,0.81029,0.84231,0.82436,0.4134,0.907,0.14688,0.0,0.0,5e-06,5.65e-20,3.1,3.1
413.1,0.14034,0.14609,0.10637,0.14287,0.91081,0.92802,0.92802,0.92802,0.57663,0.57704,0.5768,0.8085,0.841,0.82278,0.41354,0.907,0.14287,0.0,0.0,5e-06,5.65e-20,3.1,3.1
413.3,0.13622,0.14238,0.10339,0.13886,0.91081,0.92802,0.92802,0.92802,0.56073,0.56308,0.56153,0.8067,0.83968,0.82119,0.41369,0.907,0.13886,0.0,0.0,5e-06,5.65e-20,3.1,3.1
413.5,0.13211,0.13868,0.10042,0.13487,0.9108,0.92802,0.92802,0.92802,0.54484,0.54911,0.54627,0.80491,0.83837,0.8196,0.41383,0.907,0.13487,0.0,0.0,5e-06,5.65e-20,3.1,3.1
413.7,0.12801,0.13499,0.097462,0.1309,0.9108,0.92802,0.92802,0.92802,0.52895,0.53515,0.531,0.80311,0.83705,0.81801,0.41398,0.907,0.1309,0.0,0.0,5e-06,5.65e-20,3.1,3.1
413.9,0.12394,0.13131,0.094511,0.12693,0.91079,0.92802,0.92802,0.92802,0.51305,0.52119,0.51573,0.80132,0.83573,0.81642,0.41413,0.907,0.12693,0.0,0.0,5e-06,5.65e-20,3.1,3.1
414.1,0.11987,0.12763,0.09157,0.12298,0.91079,0.92802,0.92802,0.92802,0.49716,0.50722,0.50047,0.79952,0.83442,0.81484,0.41428,0.907,0.12298,0.0,0.0,5e-06,5.65e-20,3.1,3.1
414.3,0.11582,0.12397,0.088637,0.11904,0.91078,0.92802,0.92802,0.92802,0.48127,0.49326,0.4852,0.79773,0.8331,0.81325,0.41444,0.907,0.11904,0.0,0.0,5e-06,5.65e-20,3.1,3.1
414.5,0.11177,0.12028,0.085699,0.11509,0.91078,0.92802,0.92802,0.92802,0.46532,0.47917,0.46986,0.79593,0.83179,0.81166,0.41459,0.907,0.11509,0.0,0.0,5e-06,5.65e-20,3.1,3.1
414.7,0.10747,0.11602,0.082497,0.11079,0.91077,0.92802,0.92802,0.92802,0.44824,0.46275,0.45301,0.79414,0.83047,0.81007,0.41475,0.907,0.11079,0.0,0.0,5e-06,5.65e-20,3.1,3.1
414.9,0.10318,0.11177,0.079304,0.1065,0.91077,0.92802,0.92802,0.92802,0.43115,0.44633,0.43615,0.79235,0.82916,0.80849,0.41492,0.907,0.1065,0.0,0.0,5e-06,5.65e-20,3.1,3.1
415.1,0.098905,0.10753,0.076121,0.10223,0.91076,0.92802,0.92802,0.92802,0.41407,0.42991,0.4193,0.79055,0.82784,0.8069,0.41508,0.90698,0.10223,0.0,0.0,5e-06,5.65e-20,3.1,3.1
415.3,0.094648,0.1033,0.072948,0.097963,0.91076,0.92802,0.92802,0.92802,0.39699,0.41349,0.40245,0.78876,0.82653,0.80531,0.41525,0.9069400000000001,0.097963,0.0,0.0,5e-06,5.65e-20,3.1,3.1
415.5,0.090406,0.099083,0.069784,0.093714,0.91076,0.92802,0.92802,0.92802,0.37991,0.39707,0.3856,0.78696,0.82521,0.80372,0.41542,0.9069,0.093714,0.0,0.0,5e-06,5.65e-20,3.1,3.1
415.7,0.08618,0.094873,0.066631,0.089478,0.91075,0.92802,0.92802,0.92802,0.36283,0.38065,0.36875,0.78517,0.8239,0.80213,0.41559,0.90686,0.089478,0.0,0.0,5e-06,5.65e-20,3.1,3.1
415.9,0.08197,0.090674,0.063487,0.085256,0.91075,0.92802,0.92802,0.92802,0.34575,0.36424,0.3519,0.78337,0.82258,0.80055,0.41577,0.9068200000000001,0.085256,0.0,0.0,5e-06,5.65e-20,3.1,3.1
416.1,0.077775,0.086485,0.060353,0.081046,0.91074,0.92802,0.92802,0.92802,0.32867,0.34782,0.33504,0.78158,0.82126,0.79896,0.41595,0.90678,0.081046,0.0,0.0,5e-06,5.65e-20,3.1,3.1
416.3,0.073595,0.082306,0.057229,0.07685,0.91074,0.92802,0.92802,0.92802,0.31159,0.3314,0.31819,0.77979,0.81995,0.79737,0.41613,0.90674,0.07685,0.0,0.0,5e-06,5.65e-20,3.1,3.1
416.5,0.069431,0.078137,0.054115,0.072667,0.91073,0.92802,0.92802,0.92802,0.29451,0.31498,0.30134,0.77799,0.81863,0.79578,0.41631,0.9067000000000001,0.072667,0.0,0.0,5e-06,5.65e-20,3.1,3.1
416.7,0.065282,0.073977,0.05101,0.068497,0.91073,0.92802,0.92802,0.92802,0.27743,0.29856,0.28449,0.7762,0.81732,0.79419,0.4165,0.90666,0.068497,0.0,0.0,5e-06,5.65e-20,3.1,3.1
416.9,0.061627,0.070195,0.048234,0.064769,0.91072,0.92803,0.92803,0.92803,0.26034,0.28214,0.26764,0.78046,0.82029,0.7979,0.41669,0.90662,0.064769,0.0,0.0,5e-06,5.65e-20,3.1,3.1
417.1,0.058372,0.066725,0.045728,0.061403,0.91072,0.92803,0.92803,0.92803,0.24326,0.26572,0.25079,0.79078,0.82754,0.8069,0.41688,0.90658,0.061403,0.0,0.0,5e-06,5.65e-20,3.1,3.1
417.3,0.055007,0.06318,0.043152,0.057943,0.91071,0.92803,0.92803,0.92803,0.22618,0.2493,0.23393,0.8011,0.8348,0.81589,0.41707,0.90654,0.057943,0.0,0.0,5e-06,5.65e-20,3.1,3.1
417.5,0.1459,0.13337,0.10638,0.14284,0.91071,0.92803,0.92803,0.92803,0.59202,0.5215,0.57014,0.81142,0.84205,0.82489,0.41727,0.9065000000000001,0.14284,0.0,0.0,5e-06,5.65e-20,3.1,3.1
417.7,0.1506,0.13752,0.1097,0.1473,0.9107,0.92803,0.92803,0.92803,0.60315,0.53286,0.58132,0.82173,0.8493,0.83389,0.41747,0.90646,0.1473,0.0,0.0,5e-06,5.65e-20,3.1,3.1
417.9,0.15538,0.14172,0.11308,0.15183,0.9107,0.92803,0.92803,0.92803,0.61428,0.54421,0.59251,0.83205,0.85656,0.84288,0.41767,0.90642,0.15183,0.0,0.0,5e-06,5.65e-20,3.1,3.1
418.1,0.16024,0.14597,0.1165,0.15642,0.91069,0.92803,0.92803,0.92803,0.62541,0.55557,0.6037,0.84237,0.86381,0.85188,0.41788,0.9063800000000001,0.15642,0.0,0.0,5e-06,5.65e-20,3.1,3.1
418.3,0.16402,0.14956,0.11925,0.16012,0.91069,0.92803,0.92803,0.92803,0.63654,0.56693,0.61488,0.84674,0.8669,0.8557,0.41808,0.90634,0.16012,0.0,0.0,5e-06,5.65e-20,3.1,3.1
418.5,0.16666,0.15245,0.12129,0.16285,0.91069,0.92803,0.92803,0.92803,0.64767,0.57829,0.62607,0.84517,0.86583,0.85434,0.4183,0.9063,0.16285,0.0,0.0,5e-06,5.65e-20,3.1,3.1
418.7,0.1693,0.15533,0.12332,0.16558,0.91068,0.92803,0.92803,0.92803,0.65879,0.58965,0.63725,0.8436,0.86475,0.85299,0.41851,0.9062600000000001,0.16558,0.0,0.0,5e-06,5.65e-20,3.1,3.1
418.9,0.17193,0.1582,0.12536,0.16831,0.91068,0.92803,0.92803,0.92803,0.66992,0.601,0.64844,0.84203,0.86368,0.85163,0.41873,0.90622,0.16831,0.0,0.0,5e-06,5.65e-20,3.1,3.1
419.1,0.17455,0.16108,0.12738,0.17103,0.91067,0.92803,0.92803,0.92803,0.68105,0.61236,0.65963,0.84046,0.8626,0.85027,0.41895,0.90618,0.17103,0.0,0.0,5e-06,5.65e-20,3.1,3.1
419.3,0.17716,0.16395,0.12941,0.17374,0.91067,0.92804,0.92804,0.92804,0.69218,0.62372,0.67081,0.83889,0.86153,0.84891,0.41917,0.9061400000000001,0.17374,0.0,0.0,5e-06,5.65e-20,3.1,3.1
419.5,0.17977,0.16681,0.13143,0.17645,0.91066,0.92804,0.92804,0.92804,0.70331,0.63508,0.682,0.83732,0.86045,0.84755,0.41939,0.9061,0.17645,0.0,0.0,5e-06,5.65e-20,3.1,3.1
419.7,0.18237,0.16968,0.13344,0.17916,0.91066,0.92804,0.92804,0.92804,0.71444,0.64644,0.69319,0.83575,0.85938,0.8462,0.41962,0.90606,0.17916,0.0,0.0,5e-06,5.65e-20,3.1,3.1
419.9,0.18497,0.17254,0.13545,0.18186,0.91065,0.92804,0.92804,0.92804,0.72557,0.6578,0.70437,0.83418,0.8583,0.84484,0.41986,0.90602,0.18186,0.0,0.0,5e-06,5.65e-20,3.1,3.1
420.1,0.18755,0.17539,0.13746,0.18455,0.91065,0.92804,0.92804,0.92804,0.7367,0.66915,0.71556,0.83261,0.85723,0.84348,0.42009,0.90602,0.18455,0.0,0.0,5e-06,5.65e-20,3.1,3.1
420.3,0.19014,0.17825,0.13947,0.18724,0.91064,0.92804,0.92804,0.92804,0.74783,0.68051,0.72675,0.83104,0.85615,0.84212,0.42033,0.90606,0.18724,0.0,0.0,5e-06,5.65e-20,3.1,3.1
420.5,0.19271,0.1811,0.14147,0.18992,0.91064,0.92804,0.92804,0.92804,0.75896,0.69187,0.73793,0.82947,0.85508,0.84077,0.42057,0.9061,0.18992,0.0,0.0,5e-06,5.65e-20,3.1,3.1
420.7,0.19239,0.1813,0.14136,0.18978,0.91063,0.92805,0.92805,0.92805,0.7587,0.6931,0.73813,0.8279,0.854,0.83941,0.42081,0.9061400000000001,0.18978,0.0,0.0,5e-06,5.65e-20,3.1,3.1
420.9,0.19111,0.18061,0.14055,0.18869,0.91063,0.92805,0.92805,0.92805,0.75464,0.69095,0.73466,0.82633,0.85292,0.83805,0.42106,0.90618,0.18869,0.0,0.0,5e-06,5.65e-20,3.1,3.1
421.1,0.18983,0.17993,0.13974,0.18761,0.91062,0.92805,0.92805,0.92805,0.75058,0.68879,0.73119,0.82476,0.85185,0.83669,0.42131,0.90622,0.18761,0.0,0.0,5e-06,5.65e-20,3.1,3.1
421.3,0.18856,0.17925,0.13894,0.18652,0.91062,0.92805,0.92805,0.92805,0.74652,0.68664,0.72772,0.82319,0.85077,0.83533,0.42156,0.9062600000000001,0.18652,0.0,0.0,5e-06,5.65e-20,3.1,3.1
421.5,0.18729,0.17857,0.13814,0.18545,0.91061,0.92805,0.92805,0.92805,0.74246,0.68449,0.72425,0.82162,0.8497,0.83398,0.42182,0.9063,0.18545,0.0,0.0,5e-06,5.65e-20,3.1,3.1
421.7,0.18603,0.17789,0.13734,0.18437,0.91061,0.92805,0.92805,0.92805,0.7384,0.68234,0.72078,0.82005,0.84862,0.83262,0.42208,0.90634,0.18437,0.0,0.0,5e-06,5.65e-20,3.1,3.1
421.9,0.18476,0.17722,0.13654,0.1833,0.91061,0.92806,0.92806,0.92806,0.73434,0.68019,0.71731,0.81848,0.84755,0.83126,0.42234,0.9063800000000001,0.1833,0.0,0.0,5e-06,5.65e-20,3.1,3.1
422.1,0.1835,0.17654,0.13575,0.18223,0.9106,0.92806,0.92806,0.92806,0.73028,0.67804,0.71384,0.81691,0.84647,0.8299,0.4226,0.90642,0.18223,0.0,0.0,5e-06,5.65e-20,3.1,3.1
422.3,0.18225,0.17587,0.13495,0.18116,0.9106,0.92806,0.92806,0.92806,0.72622,0.67589,0.71037,0.81534,0.8454,0.82855,0.42287,0.90646,0.18116,0.0,0.0,5e-06,5.65e-20,3.1,3.1
422.5,0.181,0.1752,0.13416,0.1801,0.91059,0.92806,0.92806,0.92806,0.72216,0.67374,0.7069,0.81377,0.84432,0.82719,0.42314,0.9065000000000001,0.1801,0.0,0.0,5e-06,5.65e-20,3.1,3.1
422.7,0.17975,0.17453,0.13337,0.17903,0.91059,0.92806,0.92806,0.92806,0.7181,0.67159,0.70343,0.8122,0.84325,0.82583,0.42342,0.90654,0.17903,0.0,0.0,5e-06,5.65e-20,3.1,3.1
422.9,0.17851,0.17387,0.13258,0.17797,0.91058,0.92807,0.92807,0.92807,0.71404,0.66943,0.69996,0.81063,0.84217,0.82447,0.4237,0.90658,0.17797,0.0,0.0,5e-06,5.65e-20,3.1,3.1
423.1,0.17727,0.1732,0.1318,0.17692,0.91058,0.92807,0.92807,0.92807,0.70998,0.66728,0.69649,0.80906,0.8411,0.82311,0.42398,0.90662,0.17692,0.0,0.0,5e-06,5.65e-20,3.1,3.1
423.3,0.17603,0.17254,0.13101,0.17587,0.91057,0.92807,0.92807,0.92807,0.70592,0.66513,0.69302,0.80749,0.84002,0.82176,0.42426,0.90666,0.17587,0.0,0.0,5e-06,5.65e-20,3.1,3.1
423.5,0.17479,0.17188,0.13023,0.17481,0.91057,0.92807,0.92807,0.92807,0.70186,0.66298,0.68955,0.80592,0.83895,0.8204,0.42455,0.9067000000000001,0.17481,0.0,0.0,5e-06,5.65e-20,3.1,3.1
423.7,0.173,0.17066,0.12903,0.1732,0.91056,0.92807,0.92807,0.92807,0.69562,0.65879,0.68395,0.80425,0.83772,0.81892,0.42484,0.90674,0.1732,0.0,0.0,5e-06,5.65e-20,3.1,3.1
423.9,0.16903,0.16731,0.12621,0.16942,0.91056,0.92808,0.92808,0.92808,0.68069,0.64646,0.66984,0.80248,0.83633,0.81732,0.42514,0.90678,0.16942,0.0,0.0,5e-06,5.65e-20,3.1,3.1
424.1,0.16508,0.16396,0.1234,0.16564,0.91055,0.92808,0.92808,0.92808,0.66576,0.63412,0.65574,0.80071,0.83495,0.81571,0.42544,0.9068200000000001,0.16564,0.0,0.0,5e-06,5.65e-20,3.1,3.1
424.3,0.16113,0.16062,0.1206,0.16187,0.91055,0.92808,0.92808,0.92808,0.65083,0.62179,0.64163,0.79894,0.83357,0.81411,0.42574,0.90686,0.16187,0.0,0.0,5e-06,5.65e-20,3.1,3.1
424.5,0.1572,0.15728,0.1178,0.15812,0.91054,0.92808,0.92808,0.92808,0.6359,0.60945,0.62752,0.79717,0.83218,0.81251,0.42604,0.9069,0.15812,0.0,0.0,5e-06,5.65e-20,3.1,3.1
424.7,0.15328,0.15395,0.11501,0.15437,0.91054,0.92809,0.92809,0.92809,0.62097,0.59712,0.61342,0.7954,0.8308,0.81091,0.42635,0.9069400000000001,0.15437,0.0,0.0,5e-06,5.65e-20,3.1,3.1
424.9,0.14937,0.15063,0.11223,0.15063,0.91054,0.92809,0.92809,0.92809,0.60604,0.58479,0.59931,0.79363,0.82941,0.8093,0.42666,0.90698,0.15063,0.0,0.0,5e-06,5.65e-20,3.1,3.1
425.1,0.14547,0.14732,0.10945,0.1469,0.91053,0.92809,0.92809,0.92809,0.59111,0.57245,0.5852,0.79186,0.82803,0.8077,0.42698,0.90702,0.1469,0.0,0.0,5e-06,5.65e-20,3.1,3.1
425.3,0.14159,0.14401,0.10668,0.14319,0.91053,0.9281,0.9281,0.9281,0.57618,0.56012,0.5711,0.79009,0.82665,0.8061,0.4273,0.90706,0.14319,0.0,0.0,5e-06,5.65e-20,3.1,3.1
425.5,0.13772,0.14071,0.10392,0.13948,0.91052,0.9281,0.9281,0.9281,0.56125,0.54778,0.55699,0.78832,0.82526,0.8045,0.42762,0.9071,0.13948,0.0,0.0,5e-06,5.65e-20,3.1,3.1
425.7,0.13385,0.13742,0.10116,0.13578,0.91052,0.9281,0.9281,0.9281,0.54632,0.53545,0.54288,0.78655,0.82388,0.8029,0.42794,0.9071400000000001,0.13578,0.0,0.0,5e-06,5.65e-20,3.1,3.1
425.9,0.13,0.13413,0.098415,0.13209,0.91051,0.9281,0.9281,0.9281,0.53139,0.52311,0.52878,0.78478,0.82249,0.80129,0.42827,0.90718,0.13209,0.0,0.0,5e-06,5.65e-20,3.1,3.1
426.1,0.12616,0.13085,0.095673,0.12841,0.91051,0.92811,0.92811,0.92811,0.51645,0.51078,0.51467,0.78301,0.82111,0.79969,0.4286,0.90722,0.12841,0.0,0.0,5e-06,5.65e-20,3.1,3.1
426.3,0.12234,0.12757,0.092939,0.12474,0.9105,0.92811,0.92811,0.92811,0.50152,0.49844,0.50057,0.78124,0.81973,0.79809,0.42894,0.9072600000000001,0.12474,0.0,0.0,5e-06,5.65e-20,3.1,3.1
426.5,0.11852,0.12431,0.090211,0.12107,0.9105,0.92811,0.92811,0.92811,0.48659,0.48611,0.48646,0.77947,0.81834,0.79649,0.42928,0.9073,0.12107,0.0,0.0,5e-06,5.65e-20,3.1,3.1
426.7,0.11471,0.12104,0.08749,0.11742,0.91049,0.92812,0.92812,0.92812,0.47166,0.47377,0.47235,0.7777,0.81696,0.79488,0.42962,0.90734,0.11742,0.0,0.0,5e-06,5.65e-20,3.1,3.1
426.9,0.11074,0.1174,0.084599,0.11354,0.91049,0.92812,0.92812,0.92812,0.45601,0.45994,0.45729,0.77593,0.81557,0.79328,0.42997,0.9073800000000001,0.11354,0.0,0.0,5e-06,5.65e-20,3.1,3.1
427.1,0.10667,0.11352,0.081597,0.10951,0.91048,0.92812,0.92812,0.92812,0.43988,0.4451,0.44159,0.77416,0.81419,0.79168,0.43032,0.90742,0.10951,0.0,0.0,5e-06,5.65e-20,3.1,3.1
427.3,0.10261,0.10964,0.078603,0.10549,0.91048,0.92813,0.92813,0.92813,0.42374,0.43026,0.42589,0.77239,0.8128,0.79008,0.43067,0.90746,0.10549,0.0,0.0,5e-06,5.65e-20,3.1,3.1
427.5,0.098558,0.10576,0.075616,0.10148,0.91047,0.92813,0.92813,0.92813,0.40761,0.41542,0.41019,0.77062,0.81142,0.78847,0.43103,0.9075,0.10148,0.0,0.0,5e-06,5.65e-20,3.1,3.1
427.7,0.094519,0.1019,0.072636,0.097479,0.91047,0.92813,0.92813,0.92813,0.39147,0.40059,0.39449,0.76886,0.81004,0.78687,0.43139,0.90754,0.097479,0.0,0.0,5e-06,5.65e-20,3.1,3.1
427.9,0.090492,0.09804,0.069663,0.093489,0.91046,0.92814,0.92814,0.92814,0.37534,0.38575,0.37879,0.76709,0.80865,0.78527,0.43176,0.90758,0.093489,0.0,0.0,5e-06,5.65e-20,3.1,3.1
428.1,0.086477,0.094189,0.066698,0.089508,0.91046,0.92814,0.92814,0.92814,0.35921,0.37091,0.36309,0.76532,0.80727,0.78367,0.43213,0.90762,0.089508,0.0,0.0,5e-06,5.65e-20,3.1,3.1
428.3,0.082473,0.090344,0.063739,0.085537,0.91046,0.92814,0.92814,0.92814,0.34307,0.35607,0.34739,0.76355,0.80588,0.78206,0.4325,0.90766,0.085537,0.0,0.0,5e-06,5.65e-20,3.1,3.1
428.5,0.078481,0.086506,0.060788,0.081575,0.91045,0.92815,0.92815,0.92815,0.32694,0.34123,0.33169,0.76178,0.8045,0.78046,0.43287,0.9077000000000001,0.081575,0.0,0.0,5e-06,5.65e-20,3.1,3.1
428.7,0.074501,0.082675,0.057843,0.077623,0.91045,0.92815,0.92815,0.92815,0.31081,0.3264,0.31599,0.76001,0.80312,0.77886,0.43325,0.90774,0.077623,0.0,0.0,5e-06,5.65e-20,3.1,3.1
428.9,0.070532,0.078851,0.054906,0.07368,0.91044,0.92816,0.92816,0.92816,0.29467,0.31156,0.30029,0.75824,0.80173,0.77726,0.43364,0.90778,0.07368,0.0,0.0,5e-06,5.65e-20,3.1,3.1
429.1,0.066575,0.075034,0.051975,0.069747,0.91044,0.92816,0.92816,0.92816,0.27854,0.29672,0.28459,0.75647,0.80035,0.77565,0.43402,0.9078200000000001,0.069747,0.0,0.0,5e-06,5.65e-20,3.1,3.1
429.3,0.062628,0.071223,0.049052,0.065823,0.91043,0.92816,0.92816,0.92816,0.2624,0.28188,0.26889,0.7547,0.79896,0.77405,0.43442,0.90786,0.065823,0.0,0.0,5e-06,5.65e-20,3.1,3.1
429.5,0.058694,0.067419,0.046135,0.061908,0.91043,0.92817,0.92817,0.92817,0.24627,0.26704,0.25319,0.75293,0.79758,0.77245,0.43481,0.9079,0.061908,0.0,0.0,5e-06,5.65e-20,3.1,3.1
429.7,0.05606,0.064686,0.044111,0.059191,0.91042,0.92817,0.92817,0.92817,0.23014,0.25221,0.23749,0.76885,0.80953,0.78665,0.43521,0.9079400000000001,0.059191,0.0,0.0,5e-06,5.65e-20,3.1,3.1
429.9,0.1463,0.12805,0.10573,0.14188,0.91042,0.92818,0.92818,0.92818,0.58786,0.49153,0.55865,0.78476,0.82147,0.80084,0.43561,0.90798,0.14188,0.0,0.0,5e-06,5.65e-20,3.1,3.1
430.1,0.15208,0.13269,0.1097,0.1472,0.91041,0.92818,0.92818,0.92818,0.59836,0.50156,0.56899,0.80068,0.83342,0.81504,0.43602,0.90798,0.1472,0.0,0.0,5e-06,5.65e-20,3.1,3.1
430.3,0.15797,0.13741,0.11375,0.15264,0.91041,0.92818,0.92818,0.92818,0.60886,0.51159,0.57933,0.81659,0.84536,0.82923,0.43643,0.9079400000000001,0.15264,0.0,0.0,5e-06,5.65e-20,3.1,3.1
430.5,0.16398,0.14222,0.11788,0.15817,0.9104,0.92819,0.92819,0.92819,0.61937,0.52162,0.58967,0.83251,0.85731,0.84343,0.43684,0.9079,0.15817,0.0,0.0,5e-06,5.65e-20,3.1,3.1
430.7,0.1666,0.14489,0.11986,0.16082,0.9104,0.92819,0.92819,0.92819,0.62987,0.53165,0.60001,0.83089,0.8561,0.84199,0.43726,0.90786,0.16082,0.0,0.0,5e-06,5.65e-20,3.1,3.1
430.9,0.16921,0.14756,0.12183,0.16347,0.91039,0.9282,0.9282,0.9282,0.64037,0.54168,0.61036,0.82927,0.85489,0.84054,0.43768,0.9078200000000001,0.16347,0.0,0.0,5e-06,5.65e-20,3.1,3.1
431.1,0.17182,0.15022,0.12381,0.16612,0.91039,0.9282,0.9282,0.9282,0.65087,0.55171,0.6207,0.82764,0.85368,0.8391,0.43811,0.90778,0.16612,0.0,0.0,5e-06,5.65e-20,3.1,3.1
431.3,0.17442,0.15289,0.12578,0.16877,0.91039,0.9282,0.9282,0.9282,0.66138,0.56174,0.63104,0.82602,0.85248,0.83766,0.43854,0.90774,0.16877,0.0,0.0,5e-06,5.65e-20,3.1,3.1
431.5,0.17702,0.15555,0.12775,0.17141,0.91038,0.92821,0.92821,0.92821,0.67188,0.57177,0.64138,0.8244,0.85127,0.83621,0.43897,0.9077000000000001,0.17141,0.0,0.0,5e-06,5.65e-20,3.1,3.1
431.7,0.17961,0.15822,0.12971,0.17404,0.91038,0.92821,0.92821,0.92821,0.68238,0.5818,0.65172,0.82278,0.85006,0.83477,0.43941,0.90766,0.17404,0.0,0.0,5e-06,5.65e-20,3.1,3.1
431.9,0.1822,0.16088,0.13168,0.17668,0.91037,0.92822,0.92822,0.92822,0.69288,0.59183,0.66206,0.82115,0.84885,0.83332,0.43985,0.90762,0.17668,0.0,0.0,5e-06,5.65e-20,3.1,3.1
432.1,0.18479,0.16354,0.13364,0.17931,0.91037,0.92822,0.92822,0.92822,0.70339,0.60186,0.6724,0.81953,0.84764,0.83188,0.4403,0.90758,0.17931,0.0,0.0,5e-06,5.65e-20,3.1,3.1
432.3,0.18737,0.1662,0.1356,0.18194,0.91036,0.92822,0.92822,0.92822,0.71389,0.61189,0.68274,0.81791,0.84643,0.83044,0.44075,0.90754,0.18194,0.0,0.0,5e-06,5.65e-20,3.1,3.1
432.5,0.18995,0.16886,0.13756,0.18457,0.91036,0.92823,0.92823,0.92823,0.72439,0.62192,0.69309,0.81629,0.84523,0.82899,0.4412,0.9075,0.18457,0.0,0.0,5e-06,5.65e-20,3.1,3.1
432.7,0.19252,0.17151,0.13952,0.18719,0.91035,0.92823,0.92823,0.92823,0.73489,0.63195,0.70343,0.81466,0.84402,0.82755,0.44166,0.90746,0.18719,0.0,0.0,5e-06,5.65e-20,3.1,3.1
432.9,0.19509,0.17417,0.14147,0.18981,0.91035,0.92824,0.92824,0.92824,0.7454,0.64198,0.71377,0.81304,0.84281,0.82611,0.44212,0.90742,0.18981,0.0,0.0,5e-06,5.65e-20,3.1,3.1
433.1,0.19765,0.17683,0.14343,0.19243,0.91034,0.92824,0.92824,0.92824,0.7559,0.65201,0.72411,0.81142,0.8416,0.82466,0.44259,0.9073800000000001,0.19243,0.0,0.0,5e-06,5.65e-20,3.1,3.1
433.3,0.19833,0.17791,0.14404,0.19324,0.91034,0.92825,0.92825,0.92825,0.75919,0.65623,0.72767,0.8098,0.84039,0.82322,0.44306,0.90734,0.19324,0.0,0.0,5e-06,5.65e-20,3.1,3.1
433.5,0.19712,0.17742,0.1433,0.19226,0.91033,0.92825,0.92825,0.92825,0.75528,0.65466,0.72446,0.80817,0.83918,0.82177,0.44353,0.9073,0.19226,0.0,0.0,5e-06,5.65e-20,3.1,3.1
433.7,0.19592,0.17693,0.14257,0.19128,0.91033,0.92825,0.92825,0.92825,0.75136,0.65309,0.72124,0.80655,0.83797,0.82033,0.44401,0.9072600000000001,0.19128,0.0,0.0,5e-06,5.65e-20,3.1,3.1
433.9,0.19472,0.17644,0.14184,0.1903,0.91032,0.92826,0.92826,0.92826,0.74744,0.65152,0.71802,0.80493,0.83677,0.81889,0.4445,0.90722,0.1903,0.0,0.0,5e-06,5.65e-20,3.1,3.1
434.1,0.19352,0.17596,0.14112,0.18932,0.91032,0.92826,0.92826,0.92826,0.74353,0.64995,0.71481,0.80331,0.83556,0.81744,0.44498,0.90718,0.18932,0.0,0.0,5e-06,5.65e-20,3.1,3.1
434.3,0.19233,0.17547,0.14039,0.18835,0.91032,0.92827,0.92827,0.92827,0.73961,0.64838,0.71159,0.80168,0.83435,0.816,0.44547,0.9071400000000001,0.18835,0.0,0.0,5e-06,5.65e-20,3.1,3.1
434.5,0.19114,0.17499,0.13967,0.18737,0.91032,0.92827,0.92827,0.92827,0.7357,0.6468,0.70837,0.80006,0.83314,0.81456,0.44597,0.9071,0.18737,0.0,0.0,5e-06,5.65e-20,3.1,3.1
434.7,0.18995,0.17451,0.13895,0.1864,0.91032,0.92828,0.92828,0.92828,0.73178,0.64523,0.70516,0.79844,0.83193,0.81311,0.44647,0.90706,0.1864,0.0,0.0,5e-06,5.65e-20,3.1,3.1
434.9,0.18877,0.17403,0.13823,0.18544,0.91032,0.92828,0.92828,0.92828,0.72786,0.64366,0.70194,0.79682,0.83072,0.81167,0.44698,0.90702,0.18544,0.0,0.0,5e-06,5.65e-20,3.1,3.1
435.1,0.18758,0.17355,0.13751,0.18447,0.91032,0.92828,0.92828,0.92828,0.72395,0.64209,0.69873,0.7952,0.82952,0.81022,0.44748,0.907,0.18447,0.0,0.0,5e-06,5.65e-20,3.1,3.1
435.3,0.18641,0.17308,0.13679,0.18351,0.91032,0.92829,0.92829,0.92829,0.72003,0.64052,0.69551,0.79357,0.82831,0.80878,0.448,0.907,0.18351,0.0,0.0,5e-06,5.65e-20,3.1,3.1
435.5,0.18523,0.1726,0.13608,0.18255,0.91032,0.92829,0.92829,0.92829,0.71612,0.63895,0.69229,0.79195,0.8271,0.80734,0.44851,0.907,0.18255,0.0,0.0,5e-06,5.65e-20,3.1,3.1
435.7,0.18405,0.17213,0.13536,0.18159,0.91032,0.9283,0.9283,0.9283,0.7122,0.63737,0.68908,0.79033,0.82589,0.80589,0.44904,0.907,0.18159,0.0,0.0,5e-06,5.65e-20,3.1,3.1
435.9,0.18288,0.17166,0.13465,0.18063,0.91032,0.9283,0.9283,0.9283,0.70828,0.6358,0.68586,0.78871,0.82468,0.80445,0.44956,0.907,0.18063,0.0,0.0,5e-06,5.65e-20,3.1,3.1
436.1,0.18172,0.17119,0.13394,0.17967,0.91032,0.92831,0.92831,0.92831,0.70437,0.63423,0.68264,0.78708,0.82347,0.80301,0.45009,0.907,0.17967,0.0,0.0,5e-06,5.65e-20,3.1,3.1
436.3,0.18055,0.17072,0.13323,0.17872,0.91032,0.92831,0.92831,0.92831,0.70045,0.63266,0.67943,0.78546,0.82226,0.80156,0.45063,0.907,0.17872,0.0,0.0,5e-06,5.65e-20,3.1,3.1
436.5,0.17937,0.17023,0.13251,0.17775,0.91032,0.92831,0.92831,0.92831,0.69654,0.63109,0.67621,0.78378,0.82096,0.80004,0.45117,0.907,0.17775,0.0,0.0,5e-06,5.65e-20,3.1,3.1
436.7,0.17571,0.16739,0.12996,0.17432,0.91032,0.92832,0.92832,0.92832,0.68297,0.62088,0.66368,0.78205,0.81955,0.79845,0.45171,0.907,0.17432,0.0,0.0,5e-06,5.65e-20,3.1,3.1
436.9,0.17192,0.16443,0.12731,0.17077,0.91032,0.92832,0.92832,0.92832,0.6689,0.61022,0.65066,0.78032,0.81814,0.79686,0.45226,0.907,0.17077,0.0,0.0,5e-06,5.65e-20,3.1,3.1
437.1,0.16813,0.16148,0.12467,0.16723,0.91032,0.92833,0.92833,0.92833,0.65483,0.59956,0.63765,0.77859,0.81673,0.79527,0.45281,0.907,0.16723,0.0,0.0,5e-06,5.65e-20,3.1,3.1
437.3,0.16436,0.15853,0.12203,0.16369,0.91032,0.92833,0.92833,0.92833,0.64075,0.58889,0.62463,0.77686,0.81532,0.79368,0.45337,0.907,0.16369,0.0,0.0,5e-06,5.65e-20,3.1,3.1
437.5,0.16059,0.15559,0.1194,0.16016,0.91032,0.92834,0.92834,0.92834,0.62668,0.57823,0.61161,0.77513,0.81391,0.79209,0.45393,0.907,0.16016,0.0,0.0,5e-06,5.65e-20,3.1,3.1
437.7,0.15683,0.15265,0.11677,0.15663,0.91032,0.92834,0.92834,0.92834,0.61261,0.56757,0.59859,0.7734,0.8125,0.7905,0.4545,0.907,0.15663,0.0,0.0,5e-06,5.65e-20,3.1,3.1
437.9,0.15308,0.14971,0.11415,0.15311,0.91032,0.92834,0.92834,0.92834,0.59853,0.55691,0.58557,0.77167,0.81109,0.78891,0.45507,0.907,0.15311,0.0,0.0,5e-06,5.65e-20,3.1,3.1
438.1,0.14934,0.14677,0.11153,0.1496,0.91032,0.92835,0.92835,0.92835,0.58446,0.54624,0.57256,0.76994,0.80968,0.78732,0.45564,0.907,0.1496,0.0,0.0,5e-06,5.65e-20,3.1,3.1
438.3,0.1456,0.14384,0.10891,0.14609,0.91032,0.92835,0.92835,0.92835,0.57039,0.53558,0.55954,0.76821,0.80827,0.78573,0.45622,0.907,0.14609,0.0,0.0,5e-06,5.65e-20,3.1,3.1
438.5,0.14187,0.14092,0.1063,0.14258,0.91032,0.92836,0.92836,0.92836,0.55632,0.52492,0.54652,0.76648,0.80686,0.78414,0.45681,0.907,0.14258,0.0,0.0,5e-06,5.65e-20,3.1,3.1
438.7,0.13815,0.13799,0.1037,0.13909,0.91032,0.92836,0.92836,0.92836,0.54224,0.51426,0.5335,0.76475,0.80545,0.78255,0.4574,0.907,0.13909,0.0,0.0,5e-06,5.65e-20,3.1,3.1
438.9,0.13444,0.13507,0.10109,0.13559,0.91032,0.92836,0.92836,0.92836,0.52817,0.50359,0.52048,0.76302,0.80404,0.78096,0.45799,0.907,0.13559,0.0,0.0,5e-06,5.65e-20,3.1,3.1
439.1,0.13073,0.13215,0.098495,0.13211,0.91032,0.92837,0.92837,0.92837,0.5141,0.49293,0.50746,0.76129,0.80264,0.77937,0.45859,0.907,0.13211,0.0,0.0,5e-06,5.65e-20,3.1,3.1
439.3,0.12703,0.12924,0.0959,0.12863,0.91032,0.92837,0.92837,0.92837,0.50003,0.48227,0.49445,0.75956,0.80123,0.77778,0.45919,0.907,0.12863,0.0,0.0,5e-06,5.65e-20,3.1,3.1
439.5,0.12334,0.12633,0.09331,0.12515,0.91032,0.92838,0.92838,0.92838,0.48595,0.47161,0.48143,0.75783,0.79982,0.77619,0.4598,0.907,0.12515,0.0,0.0,5e-06,5.65e-20,3.1,3.1
439.7,0.11965,0.12342,0.090723,0.12168,0.91032,0.92838,0.92838,0.92838,0.47188,0.46094,0.46841,0.7561,0.79841,0.7746,0.46041,0.907,0.12168,0.0,0.0,5e-06,5.65e-20,3.1,3.1
439.9,0.11585,0.1202,0.088007,0.11804,0.91032,0.92838,0.92838,0.92838,0.45731,0.4491,0.4547,0.75437,0.797,0.77301,0.46103,0.907,0.11804,0.0,0.0,5e-06,5.65e-20,3.1,3.1
440.1,0.1119,0.1166,0.08513,0.11418,0.91032,0.92839,0.92839,0.92839,0.44214,0.43582,0.44014,0.75264,0.79559,0.77142,0.46165,0.90702,0.11418,0.0,0.0,5e-06,5.65e-20,3.1,3.1
440.3,0.10796,0.113,0.082258,0.11032,0.91032,0.92839,0.92839,0.92839,0.42696,0.42253,0.42559,0.75091,0.79418,0.76983,0.46228,0.90706,0.11032,0.0,0.0,5e-06,5.65e-20,3.1,3.1
440.5,0.10403,0.1094,0.079391,0.10648,0.91032,0.92839,0.92839,0.92839,0.41179,0.40924,0.41103,0.74918,0.79277,0.76824,0.46291,0.9071,0.10648,0.0,0.0,5e-06,5.65e-20,3.1,3.1
440.7,0.1001,0.10581,0.076527,0.10263,0.91032,0.9284,0.9284,0.9284,0.39661,0.39596,0.39647,0.74745,0.79136,0.76665,0.46354,0.9071400000000001,0.10263,0.0,0.0,5e-06,5.65e-20,3.1,3.1
440.9,0.096182,0.10222,0.073668,0.098799,0.91032,0.9284,0.9284,0.9284,0.38144,0.38267,0.38191,0.74572,0.78995,0.76505,0.46419,0.90718,0.098799,0.0,0.0,5e-06,5.65e-20,3.1,3.1
441.1,0.09227,0.09863,0.070812,0.094969,0.91032,0.92841,0.92841,0.92841,0.36626,0.36939,0.36736,0.74399,0.78854,0.76346,0.46483,0.90722,0.094969,0.0,0.0,5e-06,5.65e-20,3.1,3.1
441.3,0.088366,0.095047,0.067961,0.091144,0.91032,0.92841,0.92841,0.92841,0.35108,0.3561,0.3528,0.74226,0.78713,0.76187,0.46548,0.9072600000000001,0.091144,0.0,0.0,5e-06,5.65e-20,3.1,3.1
441.5,0.084469,0.091466,0.065114,0.087324,0.91032,0.92841,0.92841,0.92841,0.33591,0.34281,0.33824,0.74053,0.78572,0.76028,0.46614,0.9073,0.087324,0.0,0.0,5e-06,5.65e-20,3.1,3.1
441.7,0.080579,0.087889,0.06227,0.08351,0.91032,0.92842,0.92842,0.92842,0.32073,0.32953,0.32369,0.7388,0.78432,0.75869,0.4668,0.90734,0.08351,0.0,0.0,5e-06,5.65e-20,3.1,3.1
441.9,0.076697,0.084315,0.059431,0.079702,0.91032,0.92842,0.92842,0.92842,0.30556,0.31624,0.30913,0.73707,0.78291,0.7571,0.46746,0.9073800000000001,0.079702,0.0,0.0,5e-06,5.65e-20,3.1,3.1
442.1,0.072822,0.080744,0.056595,0.075898,0.91032,0.92842,0.92842,0.92842,0.29038,0.30296,0.29457,0.73534,0.7815,0.75551,0.46813,0.90742,0.075898,0.0,0.0,5e-06,5.65e-20,3.1,3.1
442.3,0.068954,0.077176,0.053764,0.0721,0.91032,0.92843,0.92843,0.92843,0.27521,0.28967,0.28001,0.73361,0.78009,0.75392,0.46881,0.90746,0.0721,0.0,0.0,5e-06,5.65e-20,3.1,3.1
442.5,0.065093,0.073611,0.050936,0.068308,0.91032,0.92843,0.92843,0.92843,0.26003,0.27639,0.26546,0.73188,0.77868,0.75233,0.46949,0.9075,0.068308,0.0,0.0,5e-06,5.65e-20,3.1,3.1
442.7,0.061239,0.070048,0.048112,0.06452,0.91032,0.92843,0.92843,0.92843,0.24486,0.2631,0.2509,0.73015,0.77727,0.75074,0.47017,0.90754,0.06452,0.0,0.0,5e-06,5.65e-20,3.1,3.1
442.9,0.057393,0.066488,0.045292,0.060737,0.91032,0.92843,0.92843,0.92843,0.22968,0.24981,0.23634,0.72842,0.77586,0.74915,0.47086,0.90758,0.060737,0.0,0.0,5e-06,5.65e-20,3.1,3.1
443.1,0.055486,0.06461,0.043828,0.058774,0.91032,0.92844,0.92844,0.92844,0.21451,0.23653,0.22179,0.75293,0.7951,0.77137,0.47156,0.90762,0.058774,0.0,0.0,5e-06,5.65e-20,3.1,3.1
443.3,0.15964,0.13313,0.11418,0.15312,0.91032,0.92844,0.92844,0.92844,0.59681,0.47515,0.56079,0.77744,0.81435,0.79358,0.47226,0.90766,0.15312,0.0,0.0,5e-06,5.65e-20,3.1,3.1
443.5,0.1676,0.13896,0.11952,0.16027,0.91032,0.92844,0.92844,0.92844,0.60649,0.48378,0.57015,0.80195,0.83359,0.8158,0.47297,0.9077000000000001,0.16027,0.0,0.0,5e-06,5.65e-20,3.1,3.1
443.7,0.17296,0.14318,0.12321,0.16522,0.91032,0.92845,0.92845,0.92845,0.61618,0.49241,0.5795,0.81338,0.84256,0.82616,0.47368,0.90774,0.16522,0.0,0.0,5e-06,5.65e-20,3.1,3.1
443.9,0.17559,0.14568,0.12516,0.16784,0.91032,0.92845,0.92845,0.92845,0.62586,0.50104,0.58886,0.81173,0.84126,0.82466,0.47439,0.90778,0.16784,0.0,0.0,5e-06,5.65e-20,3.1,3.1
444.1,0.17822,0.14819,0.12712,0.17046,0.91032,0.92845,0.92845,0.92845,0.63555,0.50967,0.59821,0.81009,0.83996,0.82317,0.47511,0.9078200000000001,0.17046,0.0,0.0,5e-06,5.65e-20,3.1,3.1
444.3,0.18084,0.15069,0.12907,0.17307,0.91032,0.92845,0.92845,0.92845,0.64523,0.51829,0.60757,0.80844,0.83866,0.82167,0.47584,0.90786,0.17307,0.0,0.0,5e-06,5.65e-20,3.1,3.1
444.5,0.18346,0.1532,0.13102,0.17569,0.91032,0.92846,0.92846,0.92846,0.65491,0.52692,0.61692,0.80679,0.83735,0.82017,0.47657,0.9079,0.17569,0.0,0.0,5e-06,5.65e-20,3.1,3.1
444.7,0.18609,0.15571,0.13297,0.1783,0.91032,0.92846,0.92846,0.92846,0.6646,0.53555,0.62628,0.80515,0.83605,0.81868,0.4773,0.9079400000000001,0.1783,0.0,0.0,5e-06,5.65e-20,3.1,3.1
444.9,0.1887,0.15822,0.13492,0.18092,0.91032,0.92846,0.92846,0.92846,0.67428,0.54418,0.63563,0.8035,0.83475,0.81718,0.47804,0.90798,0.18092,0.0,0.0,5e-06,5.65e-20,3.1,3.1
445.1,0.19132,0.16073,0.13687,0.18353,0.91032,0.92846,0.92846,0.92846,0.68397,0.55281,0.64499,0.80186,0.83345,0.81568,0.47879,0.908,0.18353,0.0,0.0,5e-06,5.65e-20,3.1,3.1
445.3,0.19394,0.16324,0.13882,0.18614,0.91032,0.92847,0.92847,0.92847,0.69365,0.56143,0.65434,0.80021,0.83215,0.81419,0.47954,0.908,0.18614,0.0,0.0,5e-06,5.65e-20,3.1,3.1
445.5,0.19655,0.16575,0.14077,0.18876,0.91032,0.92847,0.92847,0.92847,0.70333,0.57006,0.6637,0.79856,0.83085,0.81269,0.4803,0.908,0.18876,0.0,0.0,5e-06,5.65e-20,3.1,3.1
445.7,0.19916,0.16826,0.14272,0.19137,0.91032,0.92847,0.92847,0.92847,0.71302,0.57869,0.67305,0.79692,0.82955,0.81119,0.48106,0.908,0.19137,0.0,0.0,5e-06,5.65e-20,3.1,3.1
445.9,0.20177,0.17077,0.14467,0.19398,0.91032,0.92847,0.92847,0.92847,0.7227,0.58732,0.68241,0.79527,0.82825,0.8097,0.48183,0.908,0.19398,0.0,0.0,5e-06,5.65e-20,3.1,3.1
446.1,0.20438,0.17329,0.14662,0.19659,0.91032,0.92847,0.92847,0.92847,0.73238,0.59594,0.69176,0.79363,0.82694,0.8082,0.4826,0.908,0.19659,0.0,0.0,5e-06,5.65e-20,3.1,3.1
446.3,0.20699,0.17581,0.14857,0.1992,0.91032,0.92848,0.92848,0.92848,0.74207,0.60457,0.70112,0.79198,0.82564,0.8067,0.48338,0.908,0.1992,0.0,0.0,5e-06,5.65e-20,3.1,3.1
446.5,0.2096,0.17832,0.15052,0.20181,0.91032,0.92848,0.92848,0.92848,0.75175,0.6132,0.71047,0.79033,0.82434,0.80521,0.48416,0.908,0.20181,0.0,0.0,5e-06,5.65e-20,3.1,3.1
446.7,0.21108,0.17999,0.15168,0.20337,0.91032,0.92848,0.92848,0.92848,0.75741,0.61889,0.71612,0.78869,0.82304,0.80371,0.48495,0.908,0.20337,0.0,0.0,5e-06,5.65e-20,3.1,3.1
446.9,0.20994,0.17966,0.15101,0.20247,0.91032,0.92848,0.92848,0.92848,0.75366,0.61773,0.71311,0.78704,0.82174,0.80221,0.48574,0.908,0.20247,0.0,0.0,5e-06,5.65e-20,3.1,3.1
447.1,0.2088,0.17933,0.15034,0.20157,0.91032,0.92848,0.92848,0.92848,0.74991,0.61657,0.7101,0.7854,0.82044,0.80071,0.48654,0.908,0.20157,0.0,0.0,5e-06,5.65e-20,3.1,3.1
447.3,0.20766,0.17901,0.14968,0.20068,0.91032,0.92848,0.92848,0.92848,0.74616,0.61541,0.7071,0.78375,0.81914,0.79922,0.48734,0.908,0.20068,0.0,0.0,5e-06,5.65e-20,3.1,3.1
447.5,0.20653,0.17868,0.14901,0.19978,0.91032,0.92848,0.92848,0.92848,0.74241,0.61424,0.70409,0.7821,0.81784,0.79772,0.48815,0.908,0.19978,0.0,0.0,5e-06,5.65e-20,3.1,3.1
447.7,0.2054,0.17836,0.14834,0.19889,0.91032,0.92849,0.92849,0.92849,0.73866,0.61308,0.70108,0.78046,0.81653,0.79622,0.48897,0.908,0.19889,0.0,0.0,5e-06,5.65e-20,3.1,3.1
447.9,0.20427,0.17804,0.14768,0.19799,0.91032,0.92849,0.92849,0.92849,0.73491,0.61192,0.69808,0.77881,0.81523,0.79473,0.48979,0.908,0.19799,0.0,0.0,5e-06,5.65e-20,3.1,3.1
448.1,0.20314,0.17771,0.14701,0.1971,0.91032,0.92849,0.92849,0.92849,0.73116,0.61076,0.69507,0.77717,0.81393,0.79323,0.49062,0.908,0.1971,0.0,0.0,5e-06,5.65e-20,3.1,3.1
448.3,0.20201,0.17739,0.14635,0.19621,0.91032,0.92849,0.92849,0.92849,0.72741,0.6096,0.69206,0.77552,0.81263,0.79173,0.49145,0.908,0.19621,0.0,0.0,5e-06,5.65e-20,3.1,3.1
448.5,0.20088,0.17707,0.14569,0.19532,0.91032,0.92849,0.92849,0.92849,0.72366,0.60844,0.68906,0.77387,0.81133,0.79024,0.49228,0.908,0.19532,0.0,0.0,5e-06,5.65e-20,3.1,3.1
448.7,0.19976,0.17675,0.14503,0.19443,0.91032,0.92849,0.92849,0.92849,0.71991,0.60727,0.68605,0.77223,0.81003,0.78874,0.49313,0.908,0.19443,0.0,0.0,5e-06,5.65e-20,3.1,3.1
448.9,0.19864,0.17644,0.14437,0.19355,0.91032,0.92849,0.92849,0.92849,0.71616,0.60611,0.68304,0.77058,0.80873,0.78724,0.49397,0.908,0.19355,0.0,0.0,5e-06,5.65e-20,3.1,3.1
449.1,0.19752,0.17612,0.14371,0.19266,0.91032,0.92849,0.92849,0.92849,0.71241,0.60495,0.68004,0.76894,0.80743,0.78575,0.49483,0.908,0.19266,0.0,0.0,5e-06,5.65e-20,3.1,3.1
449.3,0.1964,0.1758,0.14305,0.19178,0.91032,0.92849,0.92849,0.92849,0.70866,0.60379,0.67703,0.76729,0.80612,0.78425,0.49569,0.908,0.19178,0.0,0.0,5e-06,5.65e-20,3.1,3.1
449.5,0.19528,0.17549,0.14239,0.19089,0.91032,0.92849,0.92849,0.92849,0.70491,0.60263,0.67402,0.76564,0.80482,0.78275,0.49655,0.908,0.19089,0.0,0.0,5e-06,5.65e-20,3.1,3.1
449.7,0.19416,0.17517,0.14174,0.19001,0.91032,0.92849,0.92849,0.92849,0.70116,0.60146,0.67102,0.764,0.80352,0.78126,0.49742,0.908,0.19001,0.0,0.0,5e-06,5.65e-20,3.1,3.1
449.9,0.19305,0.17486,0.14108,0.18913,0.91032,0.92849,0.92849,0.92849,0.69741,0.6003,0.66801,0.76235,0.80222,0.77976,0.4983,0.908,0.18913,0.0,0.0,5e-06,5.65e-20,3.1,3.1
450.1,0.19193,0.17453,0.14042,0.18824,0.91032,0.92849,0.92849,0.92849,0.69366,0.59914,0.665,0.7607,0.80087,0.77823,0.49918,0.908,0.18824,0.0,0.0,5e-06,5.65e-20,3.1,3.1
450.3,0.18887,0.17242,0.13833,0.18544,0.91032,0.92849,0.92849,0.92849,0.68286,0.59188,0.65526,0.75904,0.79946,0.77668,0.50007,0.908,0.18544,0.0,0.0,5e-06,5.65e-20,3.1,3.1
450.5,0.18515,0.16971,0.13577,0.18201,0.91032,0.92849,0.92849,0.92849,0.66972,0.58258,0.64327,0.75738,0.79805,0.77513,0.50096,0.908,0.18201,0.0,0.0,5e-06,5.65e-20,3.1,3.1
450.7,0.18145,0.16701,0.13322,0.17858,0.91032,0.92849,0.92849,0.92849,0.65658,0.57329,0.63128,0.75571,0.79664,0.77358,0.50186,0.908,0.17858,0.0,0.0,5e-06,5.65e-20,3.1,3.1
450.9,0.17774,0.16431,0.13066,0.17515,0.91032,0.92849,0.92849,0.92849,0.64343,0.56399,0.61929,0.75405,0.79524,0.77203,0.50276,0.908,0.17515,0.0,0.0,5e-06,5.65e-20,3.1,3.1
451.1,0.17404,0.1616,0.12811,0.17173,0.91032,0.92849,0.92849,0.92849,0.63029,0.5547,0.6073,0.75239,0.79383,0.77048,0.50367,0.908,0.17173,0.0,0.0,5e-06,5.65e-20,3.1,3.1
451.3,0.17035,0.1589,0.12555,0.1683,0.91032,0.92849,0.92849,0.92849,0.61715,0.5454,0.59532,0.75073,0.79242,0.76893,0.50458,0.908,0.1683,0.0,0.0,5e-06,5.65e-20,3.1,3.1
451.5,0.16665,0.1562,0.123,0.16488,0.91032,0.92849,0.92849,0.92849,0.604,0.53611,0.58333,0.74907,0.79101,0.76738,0.50551,0.908,0.16488,0.0,0.0,5e-06,5.65e-20,3.1,3.1
451.7,0.16296,0.1535,0.12045,0.16146,0.91032,0.92849,0.92849,0.92849,0.59086,0.52681,0.57134,0.74741,0.7896,0.76583,0.50643,0.908,0.16146,0.0,0.0,5e-06,5.65e-20,3.1,3.1
451.9,0.15927,0.1508,0.1179,0.15804,0.91032,0.92849,0.92849,0.92849,0.57772,0.51751,0.55935,0.74574,0.7882,0.76428,0.50737,0.908,0.15804,0.0,0.0,5e-06,5.65e-20,3.1,3.1
452.1,0.15559,0.1481,0.11535,0.15463,0.91032,0.92848,0.92848,0.92848,0.56457,0.50822,0.54736,0.74408,0.78679,0.76273,0.5083,0.908,0.15463,0.0,0.0,5e-06,5.65e-20,3.1,3.1
452.3,0.15191,0.1454,0.11281,0.15121,0.91032,0.92848,0.92848,0.92848,0.55143,0.49892,0.53537,0.74242,0.78538,0.76118,0.50925,0.908,0.15121,0.0,0.0,5e-06,5.65e-20,3.1,3.1
452.5,0.14823,0.1427,0.11026,0.1478,0.91032,0.92848,0.92848,0.92848,0.53829,0.48963,0.52338,0.74076,0.78397,0.75963,0.5102,0.908,0.1478,0.0,0.0,5e-06,5.65e-20,3.1,3.1
452.7,0.14456,0.14,0.10772,0.14439,0.91032,0.92848,0.92848,0.92848,0.52514,0.48033,0.51139,0.7391,0.78257,0.75808,0.51115,0.908,0.14439,0.0,0.0,5e-06,5.65e-20,3.1,3.1
452.9,0.14089,0.1373,0.10518,0.14098,0.91032,0.92848,0.92848,0.92848,0.512,0.47104,0.49941,0.73744,0.78116,0.75653,0.51212,0.908,0.14098,0.0,0.0,5e-06,5.65e-20,3.1,3.1
453.1,0.13722,0.1346,0.10264,0.13757,0.91032,0.92848,0.92848,0.92848,0.49886,0.46174,0.48742,0.73577,0.77975,0.75498,0.51308,0.908,0.13757,0.0,0.0,5e-06,5.65e-20,3.1,3.1
453.3,0.13355,0.1319,0.1001,0.13417,0.91032,0.92847,0.92847,0.92847,0.48571,0.45245,0.47543,0.73411,0.77834,0.75343,0.51406,0.908,0.13417,0.0,0.0,5e-06,5.65e-20,3.1,3.1
453.5,0.12989,0.1292,0.097556,0.13076,0.91032,0.92847,0.92847,0.92847,0.47257,0.44315,0.46344,0.73245,0.77693,0.75188,0.51504,0.908,0.13076,0.0,0.0,5e-06,5.65e-20,3.1,3.1
453.7,0.12618,0.12639,0.094965,0.12729,0.91032,0.92847,0.92847,0.92847,0.45923,0.43346,0.4512,0.73079,0.77553,0.75033,0.51602,0.908,0.12729,0.0,0.0,5e-06,5.65e-20,3.1,3.1
453.9,0.12216,0.12291,0.092076,0.12341,0.91032,0.92847,0.92847,0.92847,0.44477,0.4215,0.43754,0.72913,0.77412,0.74878,0.51701,0.908,0.12341,0.0,0.0,5e-06,5.65e-20,3.1,3.1
454.1,0.11815,0.11944,0.089188,0.11954,0.91032,0.92846,0.92846,0.92846,0.43031,0.40955,0.42387,0.72747,0.77271,0.74723,0.51801,0.908,0.11954,0.0,0.0,5e-06,5.65e-20,3.1,3.1
454.3,0.11414,0.11596,0.0863,0.11567,0.91032,0.92846,0.92846,0.92846,0.41586,0.39759,0.41021,0.7258,0.7713,0.74568,0.51901,0.908,0.11567,0.0,0.0,5e-06,5.65e-20,3.1,3.1
454.5,0.11013,0.11249,0.083414,0.1118,0.91032,0.92846,0.92846,0.92846,0.4014,0.38563,0.39655,0.72414,0.76989,0.74413,0.52002,0.908,0.1118,0.0,0.0,5e-06,5.65e-20,3.1,3.1
454.7,0.10612,0.10901,0.080529,0.10793,0.91032,0.92846,0.92846,0.92846,0.38694,0.37368,0.38289,0.72248,0.76849,0.74258,0.52104,0.908,0.10793,0.0,0.0,5e-06,5.65e-20,3.1,3.1
454.9,0.10212,0.10554,0.077645,0.10407,0.91032,0.92845,0.92845,0.92845,0.37248,0.36172,0.36922,0.72082,0.76708,0.74103,0.52206,0.908,0.10407,0.0,0.0,5e-06,5.65e-20,3.1,3.1
455.1,0.098124,0.10206,0.074762,0.1002,0.91032,0.92845,0.92845,0.92845,0.35802,0.34977,0.35556,0.71916,0.76567,0.73948,0.52309,0.908,0.1002,0.0,0.0,5e-06,5.65e-20,3.1,3.1
455.3,0.094129,0.098586,0.07188,0.096339,0.91032,0.92845,0.92845,0.92845,0.34356,0.33781,0.3419,0.7175,0.76426,0.73793,0.52412,0.908,0.096339,0.0,0.0,5e-06,5.65e-20,3.1,3.1
455.5,0.090136,0.095109,0.068999,0.092477,0.91032,0.92844,0.92844,0.92844,0.3291,0.32586,0.32823,0.71583,0.76286,0.73638,0.52516,0.908,0.092477,0.0,0.0,5e-06,5.65e-20,3.1,3.1
455.7,0.086146,0.091631,0.066119,0.088616,0.91032,0.92844,0.92844,0.92844,0.31465,0.3139,0.31457,0.71417,0.76145,0.73483,0.52621,0.908,0.088616,0.0,0.0,5e-06,5.65e-20,3.1,3.1
455.9,0.082159,0.088153,0.06324,0.084756,0.91032,0.92843,0.92843,0.92843,0.30019,0.30194,0.30091,0.71251,0.76004,0.73328,0.52726,0.908,0.084756,0.0,0.0,5e-06,5.65e-20,3.1,3.1
456.1,0.078175,0.084674,0.060361,0.080898,0.91032,0.92843,0.92843,0.92843,0.28573,0.28999,0.28724,0.71085,0.75863,0.73173,0.52832,0.908,0.080898,0.0,0.0,5e-06,5.65e-20,3.1,3.1
456.3,0.074194,0.081194,0.057483,0.07704,0.91032,0.92843,0.92843,0.92843,0.27127,0.27803,0.27358,0.70919,0.75723,0.73018,0.52938,0.908,0.07704,0.0,0.0,5e-06,5.65e-20,3.1,3.1
456.5,0.070216,0.077714,0.054606,0.073184,0.91032,0.92842,0.92842,0.92842,0.25681,0.26608,0.25992,0.70753,0.75582,0.72863,0.53045,0.908,0.073184,0.0,0.0,5e-06,5.65e-20,3.1,3.1
456.7,0.06624,0.074233,0.05173,0.069329,0.91032,0.92842,0.92842,0.92842,0.24235,0.25412,0.24625,0.70586,0.75441,0.72708,0.53153,0.908,0.069329,0.0,0.0,5e-06,5.65e-20,3.1,3.1
456.9,0.062267,0.070752,0.048855,0.065475,0.91032,0.92841,0.92841,0.92841,0.22789,0.24217,0.23259,0.7042,0.753,0.72553,0.53261,0.908,0.065475,0.0,0.0,5e-06,5.65e-20,3.1,3.1
457.1,0.058297,0.067269,0.04598,0.061622,0.91032,0.92841,0.92841,0.92841,0.21344,0.23021,0.21893,0.70254,0.75159,0.72398,0.5337,0.908,0.061622,0.0,0.0,5e-06,5.65e-20,3.1,3.1
457.3,0.17512,0.13991,0.12439,0.16671,0.91032,0.9284,0.9284,0.9284,0.60148,0.45584,0.55934,0.74735,0.78784,0.76505,0.53479,0.908,0.16671,0.0,0.0,5e-06,5.65e-20,3.1,3.1
457.5,0.18861,0.14886,0.13322,0.17853,0.91032,0.9284,0.9284,0.9284,0.60991,0.4627,0.56731,0.79219,0.82414,0.80616,0.53589,0.908,0.17853,0.0,0.0,5e-06,5.65e-20,3.1,3.1
457.7,0.19123,0.15114,0.13512,0.18108,0.91032,0.92839,0.92839,0.92839,0.61834,0.46957,0.57528,0.7906,0.82283,0.80469,0.537,0.908,0.18108,0.0,0.0,5e-06,5.65e-20,3.1,3.1
457.9,0.19384,0.15342,0.13702,0.18363,0.91032,0.92839,0.92839,0.92839,0.62677,0.47643,0.58324,0.78901,0.82151,0.80322,0.53812,0.908,0.18363,0.0,0.0,5e-06,5.65e-20,3.1,3.1
458.1,0.19646,0.1557,0.13893,0.18618,0.91032,0.92838,0.92838,0.92838,0.6352,0.48329,0.59121,0.78742,0.8202,0.80175,0.53924,0.908,0.18618,0.0,0.0,5e-06,5.65e-20,3.1,3.1
458.3,0.19907,0.15798,0.14083,0.18873,0.91032,0.92838,0.92838,0.92838,0.64363,0.49015,0.59918,0.78583,0.81889,0.80028,0.54036,0.908,0.18873,0.0,0.0,5e-06,5.65e-20,3.1,3.1
458.5,0.20169,0.16027,0.14274,0.19129,0.91032,0.92837,0.92837,0.92837,0.65206,0.49701,0.60714,0.78424,0.81757,0.79881,0.5415,0.908,0.19129,0.0,0.0,5e-06,5.65e-20,3.1,3.1
458.7,0.20431,0.16256,0.14465,0.19384,0.91032,0.92836,0.92836,0.92836,0.66049,0.50388,0.61511,0.78264,0.81626,0.79734,0.54264,0.908,0.19384,0.0,0.0,5e-06,5.65e-20,3.1,3.1
458.9,0.20693,0.16485,0.14656,0.1964,0.91032,0.92836,0.92836,0.92836,0.66892,0.51074,0.62308,0.78105,0.81494,0.79586,0.54378,0.908,0.1964,0.0,0.0,5e-06,5.65e-20,3.1,3.1
459.1,0.20955,0.16715,0.14847,0.19896,0.91032,0.92835,0.92835,0.92835,0.67735,0.5176,0.63105,0.77946,0.81363,0.79439,0.54493,0.908,0.19896,0.0,0.0,5e-06,5.65e-20,3.1,3.1
459.3,0.21217,0.16944,0.15039,0.20152,0.91032,0.92834,0.92834,0.92834,0.68578,0.52446,0.63901,0.77787,0.81231,0.79292,0.54609,0.908,0.20152,0.0,0.0,5e-06,5.65e-20,3.1,3.1
459.5,0.21479,0.17174,0.1523,0.20409,0.91032,0.92834,0.92834,0.92834,0.69421,0.53132,0.64698,0.77628,0.811,0.79145,0.54726,0.908,0.20409,0.0,0.0,5e-06,5.65e-20,3.1,3.1
459.7,0.21741,0.17405,0.15422,0.20665,0.91032,0.92833,0.92833,0.92833,0.70264,0.53819,0.65495,0.77469,0.80968,0.78998,0.54843,0.908,0.20665,0.0,0.0,5e-06,5.65e-20,3.1,3.1
459.9,0.22003,0.17635,0.15613,0.20922,0.91032,0.92832,0.92832,0.92832,0.71107,0.54505,0.66291,0.77309,0.80837,0.78851,0.54961,0.908,0.20922,0.0,0.0,5e-06,5.65e-20,3.1,3.1
460.1,0.22266,0.17866,0.15805,0.21179,0.91032,0.92831,0.92831,0.92831,0.7195,0.55191,0.67088,0.7715,0.80706,0.78704,0.55079,0.908,0.21179,0.0,0.0,5e-06,5.65e-20,3.1,3.1
460.3,0.22528,0.18098,0.15997,0.21436,0.91032,0.92831,0.92831,0.92831,0.72793,0.55877,0.67885,0.76991,0.80574,0.78556,0.55198,0.908,0.21436,0.0,0.0,5e-06,5.65e-20,3.1,3.1
460.5,0.22791,0.18329,0.16189,0.21694,0.91032,0.9283,0.9283,0.9283,0.73636,0.56563,0.68681,0.76832,0.80443,0.78409,0.55318,0.908,0.21694,0.0,0.0,5e-06,5.65e-20,3.1,3.1
460.7,0.23053,0.18561,0.16382,0.21951,0.91032,0.92829,0.92829,0.92829,0.74479,0.5725,0.69478,0.76673,0.80311,0.78262,0.55438,0.908,0.21951,0.0,0.0,5e-06,5.65e-20,3.1,3.1
460.9,0.23316,0.18793,0.16574,0.22209,0.91032,0.92828,0.92828,0.92828,0.75322,0.57936,0.70275,0.76514,0.8018,0.78115,0.55559,0.908,0.22209,0.0,0.0,5e-06,5.65e-20,3.1,3.1
461.1,0.23282,0.18816,0.16562,0.22192,0.91032,0.92827,0.92827,0.92827,0.75206,0.57977,0.70201,0.76354,0.80048,0.77968,0.55681,0.908,0.22192,0.0,0.0,5e-06,5.65e-20,3.1,3.1
461.3,0.23174,0.18787,0.16498,0.22106,0.91032,0.92827,0.92827,0.92827,0.7485,0.57856,0.69911,0.76195,0.79917,0.77821,0.55804,0.908,0.22106,0.0,0.0,5e-06,5.65e-20,3.1,3.1
461.5,0.23065,0.18758,0.16434,0.2202,0.91032,0.92826,0.92826,0.92826,0.74494,0.57736,0.6962,0.76036,0.79785,0.77674,0.55927,0.908,0.2202,0.0,0.0,5e-06,5.65e-20,3.1,3.1
461.7,0.22957,0.18729,0.1637,0.21935,0.91032,0.92825,0.92825,0.92825,0.74138,0.57615,0.69329,0.75877,0.79654,0.77527,0.5605,0.908,0.21935,0.0,0.0,5e-06,5.65e-20,3.1,3.1
461.9,0.22849,0.187,0.16306,0.21849,0.91032,0.92824,0.92824,0.92824,0.73782,0.57495,0.69038,0.75718,0.79523,0.77379,0.56175,0.908,0.21849,0.0,0.0,5e-06,5.65e-20,3.1,3.1
462.1,0.22741,0.18671,0.16242,0.21763,0.91032,0.92823,0.92823,0.92823,0.73427,0.57375,0.68747,0.75559,0.79391,0.77232,0.563,0.908,0.21763,0.0,0.0,5e-06,5.65e-20,3.1,3.1
462.3,0.22633,0.18642,0.16179,0.21677,0.91032,0.92822,0.92822,0.92822,0.73071,0.57254,0.68456,0.75399,0.7926,0.77085,0.56425,0.908,0.21677,0.0,0.0,5e-06,5.65e-20,3.1,3.1
462.5,0.22524,0.18612,0.16115,0.21592,0.91032,0.92821,0.92821,0.92821,0.72715,0.57134,0.68166,0.7524,0.79128,0.76938,0.56552,0.908,0.21592,0.0,0.0,5e-06,5.65e-20,3.1,3.1
462.7,0.22416,0.18583,0.16051,0.21506,0.91032,0.9282,0.9282,0.9282,0.72359,0.57013,0.67875,0.75081,0.78997,0.76791,0.56679,0.908,0.21506,0.0,0.0,5e-06,5.65e-20,3.1,3.1
462.9,0.22308,0.18554,0.15987,0.2142,0.91032,0.92819,0.92819,0.92819,0.72003,0.56893,0.67584,0.74922,0.78865,0.76644,0.56807,0.908,0.2142,0.0,0.0,5e-06,5.65e-20,3.1,3.1
463.1,0.222,0.18525,0.15923,0.21335,0.91032,0.92818,0.92818,0.92818,0.71647,0.56772,0.67293,0.74763,0.78734,0.76497,0.56935,0.908,0.21335,0.0,0.0,5e-06,5.65e-20,3.1,3.1
463.3,0.22092,0.18497,0.15859,0.21249,0.91032,0.92817,0.92817,0.92817,0.71291,0.56652,0.67002,0.74604,0.78602,0.76349,0.57064,0.908,0.21249,0.0,0.0,5e-06,5.65e-20,3.1,3.1
463.5,0.21984,0.18468,0.15795,0.21163,0.91032,0.92816,0.92816,0.92816,0.70935,0.56532,0.66711,0.74444,0.78471,0.76202,0.57194,0.908,0.21163,0.0,0.0,5e-06,5.65e-20,3.1,3.1
463.7,0.21876,0.18439,0.15732,0.21077,0.91032,0.92815,0.92815,0.92815,0.70579,0.56411,0.66421,0.74285,0.7834,0.76055,0.57324,0.908,0.21077,0.0,0.0,5e-06,5.65e-20,3.1,3.1
463.9,0.21768,0.1841,0.15668,0.20992,0.91032,0.92814,0.92814,0.92814,0.70223,0.56291,0.6613,0.74126,0.78208,0.75908,0.57455,0.908,0.20992,0.0,0.0,5e-06,5.65e-20,3.1,3.1
464.1,0.2166,0.18381,0.15604,0.20906,0.91032,0.92812,0.92812,0.92812,0.69867,0.5617,0.65839,0.73967,0.78077,0.75761,0.57587,0.908,0.20906,0.0,0.0,5e-06,5.65e-20,3.1,3.1
464.3,0.21552,0.18352,0.1554,0.2082,0.91032,0.92811,0.92811,0.92811,0.69511,0.5605,0.65548,0.73808,0.77945,0.75614,0.5772,0.908,0.2082,0.0,0.0,5e-06,5.65e-20,3.1,3.1
464.5,0.21443,0.18323,0.15476,0.20734,0.91032,0.9281,0.9281,0.9281,0.69155,0.55929,0.65257,0.73649,0.77814,0.75467,0.57853,0.908,0.20734,0.0,0.0,5e-06,5.65e-20,3.1,3.1
464.7,0.21357,0.18306,0.15425,0.20666,0.91032,0.92809,0.92809,0.92809,0.68755,0.55774,0.64925,0.73612,0.77782,0.75432,0.57987,0.908,0.20666,0.0,0.0,5e-06,5.65e-20,3.1,3.1
464.9,0.21047,0.18093,0.15211,0.20379,0.91032,0.92808,0.92808,0.92808,0.67522,0.54951,0.63811,0.73699,0.77849,0.75511,0.58121,0.908,0.20379,0.0,0.0,5e-06,5.65e-20,3.1,3.1
465.1,0.20734,0.17879,0.14995,0.2009,0.91032,0.92806,0.92806,0.92806,0.66288,0.54129,0.62696,0.73786,0.77917,0.75589,0.58256,0.908,0.2009,0.0,0.0,5e-06,5.65e-20,3.1,3.1
465.3,0.20419,0.17663,0.14778,0.19798,0.91032,0.92805,0.92805,0.92805,0.65055,0.53306,0.61582,0.73873,0.77984,0.75667,0.58392,0.908,0.19798,0.0,0.0,5e-06,5.65e-20,3.1,3.1
465.5,0.20101,0.17445,0.14559,0.19505,0.91032,0.92804,0.92804,0.92804,0.63821,0.52484,0.60467,0.7396,0.78051,0.75746,0.58529,0.908,0.19505,0.0,0.0,5e-06,5.65e-20,3.1,3.1
465.7,0.19782,0.17226,0.14339,0.19209,0.91032,0.92803,0.92803,0.92803,0.62588,0.51661,0.59353,0.74047,0.78119,0.75824,0.58666,0.908,0.19209,0.0,0.0,5e-06,5.65e-20,3.1,3.1
465.9,0.19459,0.17006,0.14116,0.18912,0.91032,0.92801,0.92801,0.92801,0.61354,0.50839,0.58238,0.74134,0.78186,0.75903,0.58804,0.908,0.18912,0.0,0.0,5e-06,5.65e-20,3.1,3.1
466.1,0.19135,0.16784,0.13893,0.18612,0.91032,0.928,0.928,0.928,0.60121,0.50016,0.57123,0.74221,0.78254,0.75981,0.58943,0.908,0.18612,0.0,0.0,5e-06,5.65e-20,3.1,3.1
466.3,0.18808,0.1656,0.13668,0.1831,0.91032,0.92799,0.92799,0.92799,0.58887,0.49194,0.56009,0.74308,0.78321,0.76059,0.59083,0.908,0.1831,0.0,0.0,5e-06,5.65e-20,3.1,3.1
466.5,0.18478,0.16335,0.13441,0.18006,0.91032,0.92797,0.92797,0.92797,0.57654,0.48371,0.54894,0.74394,0.78388,0.76138,0.59223,0.908,0.18006,0.0,0.0,5e-06,5.65e-20,3.1,3.1
466.7,0.18146,0.16109,0.13212,0.177,0.91032,0.92796,0.92796,0.92796,0.5642,0.47549,0.5378,0.74481,0.78456,0.76216,0.59364,0.908,0.177,0.0,0.0,5e-06,5.65e-20,3.1,3.1
466.9,0.17811,0.15881,0.12982,0.17391,0.91032,0.92794,0.92794,0.92794,0.55187,0.46726,0.52665,0.74568,0.78523,0.76295,0.59505,0.908,0.17391,0.0,0.0,5e-06,5.65e-20,3.1,3.1
467.1,0.17475,0.15651,0.1275,0.17081,0.91032,0.92793,0.92793,0.92793,0.53953,0.45904,0.51551,0.74655,0.78591,0.76373,0.59647,0.908,0.17081,0.0,0.0,5e-06,5.65e-20,3.1,3.1
467.3,0.17135,0.1542,0.12517,0.16768,0.91032,0.92791,0.92791,0.92791,0.52719,0.45081,0.50436,0.74742,0.78658,0.76451,0.5979,0.908,0.16768,0.0,0.0,5e-06,5.65e-20,3.1,3.1
467.5,0.16793,0.15187,0.12282,0.16453,0.91032,0.9279,0.9279,0.9279,0.51486,0.44259,0.49322,0.74829,0.78726,0.7653,0.59934,0.908,0.16453,0.0,0.0,5e-06,5.65e-20,3.1,3.1
467.7,0.16448,0.14953,0.12045,0.16135,0.91032,0.92788,0.92788,0.92788,0.50252,0.43436,0.48207,0.74916,0.78793,0.76608,0.60079,0.908,0.16135,0.0,0.0,5e-06,5.65e-20,3.1,3.1
467.9,0.16101,0.14717,0.11807,0.15816,0.91032,0.92787,0.92787,0.92787,0.49019,0.42614,0.47093,0.75003,0.7886,0.76687,0.60224,0.908,0.15816,0.0,0.0,5e-06,5.65e-20,3.1,3.1
468.1,0.15752,0.1448,0.11566,0.15494,0.91032,0.92785,0.92785,0.92785,0.47785,0.41791,0.45978,0.7509,0.78928,0.76765,0.6037,0.908,0.15494,0.0,0.0,5e-06,5.65e-20,3.1,3.1
468.3,0.15399,0.14241,0.11324,0.1517,0.91032,0.92784,0.92784,0.92784,0.46552,0.40969,0.44863,0.75177,0.78995,0.76843,0.60516,0.908,0.1517,0.0,0.0,5e-06,5.65e-20,3.1,3.1
468.5,0.15033,0.13978,0.11071,0.14829,0.91032,0.92782,0.92782,0.92782,0.45285,0.40082,0.43708,0.75263,0.79063,0.76922,0.60663,0.908,0.14829,0.0,0.0,5e-06,5.65e-20,3.1,3.1
468.7,0.14644,0.13671,0.10796,0.14461,0.91032,0.9278,0.9278,0.9278,0.43955,0.39076,0.42478,0.7535,0.7913,0.77,0.60811,0.908,0.14461,0.0,0.0,5e-06,5.65e-20,3.1,3.1
468.9,0.14251,0.13363,0.10519,0.1409,0.91032,0.92779,0.92779,0.92779,0.42626,0.38071,0.41247,0.75437,0.79198,0.77078,0.6096,0.908,0.1409,0.0,0.0,5e-06,5.65e-20,3.1,3.1
469.1,0.13856,0.13052,0.1024,0.13716,0.91032,0.92777,0.92777,0.92777,0.41296,0.37065,0.40016,0.75524,0.79265,0.77157,0.6111,0.908,0.13716,0.0,0.0,5e-06,5.65e-20,3.1,3.1
469.3,0.13457,0.12739,0.099589,0.1334,0.91032,0.92775,0.92775,0.92775,0.39967,0.36059,0.38785,0.75611,0.79332,0.77235,0.6126,0.908,0.1334,0.0,0.0,5e-06,5.65e-20,3.1,3.1
469.5,0.13056,0.12424,0.09676,0.12961,0.91032,0.92774,0.92774,0.92774,0.38637,0.35054,0.37555,0.75698,0.794,0.77314,0.61411,0.908,0.12961,0.0,0.0,5e-06,5.65e-20,3.1,3.1
469.7,0.12652,0.12107,0.093911,0.12579,0.91032,0.92772,0.92772,0.92772,0.37308,0.34048,0.36324,0.75785,0.79467,0.77392,0.61562,0.908,0.12579,0.0,0.0,5e-06,5.65e-20,3.1,3.1
469.9,0.12244,0.11788,0.091041,0.12195,0.91032,0.9277,0.9277,0.9277,0.35978,0.33042,0.35093,0.75872,0.79535,0.7747,0.61715,0.908,0.12195,0.0,0.0,5e-06,5.65e-20,3.1,3.1
470.1,0.11834,0.11467,0.088151,0.11808,0.91032,0.92769,0.92769,0.92769,0.34649,0.32037,0.33862,0.75959,0.79602,0.77549,0.61868,0.908,0.11808,0.0,0.0,5e-06,5.65e-20,3.1,3.1
470.3,0.11421,0.11143,0.08524,0.11418,0.91032,0.92767,0.92767,0.92767,0.33319,0.31031,0.32632,0.76045,0.79669,0.77627,0.62022,0.908,0.11418,0.0,0.0,5e-06,5.65e-20,3.1,3.1
470.5,0.11004,0.10817,0.082309,0.11025,0.91032,0.92765,0.92765,0.92765,0.3199,0.30025,0.31401,0.76132,0.79737,0.77706,0.62177,0.908,0.11025,0.0,0.0,5e-06,5.65e-20,3.1,3.1
470.7,0.10585,0.10489,0.079357,0.10629,0.91032,0.92763,0.92763,0.92763,0.3066,0.2902,0.3017,0.76219,0.79804,0.77784,0.62332,0.908,0.10629,0.0,0.0,5e-06,5.65e-20,3.1,3.1
470.9,0.10162,0.10159,0.076383,0.10231,0.91032,0.92761,0.92761,0.92761,0.29331,0.28014,0.2894,0.76306,0.79872,0.77862,0.62488,0.908,0.10231,0.0,0.0,5e-06,5.65e-20,3.1,3.1
471.1,0.097362,0.098269,0.073388,0.098297,0.91032,0.9276,0.9276,0.9276,0.28001,0.27009,0.27709,0.76393,0.79939,0.77941,0.62645,0.908,0.098297,0.0,0.0,5e-06,5.65e-20,3.1,3.1
471.3,0.093072,0.094922,0.070372,0.094256,0.91032,0.92758,0.92758,0.92758,0.26672,0.26003,0.26478,0.7648,0.80007,0.78019,0.62802,0.908,0.094256,0.0,0.0,5e-06,5.65e-20,3.1,3.1
471.5,0.088751,0.091553,0.067334,0.090187,0.91032,0.92756,0.92756,0.92756,0.25342,0.24997,0.25247,0.76567,0.80074,0.78098,0.62961,0.908,0.090187,0.0,0.0,5e-06,5.65e-20,3.1,3.1
471.7,0.084398,0.08816,0.064275,0.086089,0.91032,0.92754,0.92754,0.92754,0.24013,0.23992,0.24017,0.76654,0.80141,0.78176,0.6312,0.908,0.086089,0.0,0.0,5e-06,5.65e-20,3.1,3.1
471.9,0.080013,0.084745,0.061194,0.081961,0.91032,0.92752,0.92752,0.92752,0.22683,0.22986,0.22786,0.76741,0.80209,0.78254,0.6328,0.908,0.081961,0.0,0.0,5e-06,5.65e-20,3.1,3.1
