Wave,TAU_spectrpol_S,TAU_spectrpol_P,TAU_spectrpol,TAU_spectr,coat_Rs,coat_Rp,coat_R,echelle_Rs,echelle_Rp,echelle_R,CD_Rs,CD_Rp,CD_R,dDOPED_QE,R_percent,EFF,Read Noise,Sky,Dark,BEF,Disp_Width,XDisp_Width
472.0,0.040057,0.038611,0.039179,0.052475,0.97657,0.97657,0.97657,0.30412,0.32607,0.31014,0.51866,0.46628,0.49744,0.89478,0.908,0.052475,0.0,0.0,5e-06,5.65e-20,3.1,3.1
472.4,0.030298,0.02953,0.029707,0.039788,0.97669,0.97669,0.97669,0.25773,0.28344,0.26486,0.46266,0.41002,0.44141,0.89455,0.908,0.039788,0.0,0.0,5e-06,5.65e-20,3.1,3.1
472.8,0.024441,0.024593,0.024203,0.032415,0.9768,0.9768,0.9768,0.20961,0.2382,0.21763,0.45865,0.4061,0.43744,0.89432,0.908,0.032415,0.0,0.0,5e-06,5.65e-20,3.1,3.1
473.2,0.018967,0.019796,0.019006,0.025455,0.97691,0.97691,0.97691,0.16402,0.19351,0.17238,0.45463,0.40217,0.43347,0.89409,0.908,0.025455,0.0,0.0,5e-06,5.65e-20,3.1,3.1
473.6,0.014119,0.015185,0.014297,0.019148,0.97702,0.97702,0.97702,0.12312,0.14983,0.13081,0.45062,0.39825,0.42949,0.89386,0.908,0.019148,0.0,0.0,5e-06,5.65e-20,3.1,3.1
474.0,0.0093495,0.010657,0.0096676,0.012947,0.97712,0.97712,0.97712,0.082223,0.10615,0.089232,0.4466,0.39433,0.42552,0.89363,0.908,0.012947,0.0,0.0,5e-06,5.65e-20,3.1,3.1
474.4,0.055206,0.044777,0.051494,0.068963,0.97722,0.97722,0.97722,0.4897,0.45029,0.47957,0.44259,0.3904,0.42155,0.8934,0.908,0.068963,0.0,0.0,5e-06,5.65e-20,3.1,3.1
474.8,0.055303,0.045949,0.051876,0.069473,0.97731,0.97731,0.97731,0.49485,0.46658,0.48752,0.43858,0.38648,0.41758,0.89317,0.908,0.069473,0.0,0.0,5e-06,5.65e-20,3.1,3.1
475.2,0.054181,0.046049,0.051102,0.068435,0.9774,0.9774,0.9774,0.48911,0.47221,0.48469,0.43456,0.38255,0.41361,0.89294,0.908,0.068435,0.0,0.0,5e-06,5.65e-20,3.1,3.1
475.6,0.049484,0.04305,0.046952,0.062877,0.97749,0.97749,0.97749,0.4507,0.44587,0.44947,0.43055,0.37863,0.40963,0.89278,0.908,0.062877,0.0,0.0,5e-06,5.65e-20,3.1,3.1
476.0,0.044864,0.040104,0.042871,0.057411,0.97757,0.97757,0.97757,0.41229,0.41953,0.41425,0.42653,0.3747,0.40566,0.89267,0.908,0.057411,0.0,0.0,5e-06,5.65e-20,3.1,3.1
476.4,0.04882,0.045974,0.047447,0.063538,0.97764,0.97764,0.97764,0.35777,0.37318,0.36196,0.53464,0.48268,0.51359,0.89256,0.908,0.063538,0.0,0.0,5e-06,5.65e-20,3.1,3.1
476.8,0.039614,0.038312,0.038792,0.051947,0.97771,0.97771,0.97771,0.29549,0.3172,0.30145,0.52503,0.47303,0.50398,0.89245,0.908,0.051947,0.0,0.0,5e-06,5.65e-20,3.1,3.1
477.2,0.030817,0.030905,0.030502,0.040845,0.97778,0.97778,0.97778,0.23407,0.26111,0.24155,0.51543,0.46338,0.49436,0.89234,0.908,0.040845,0.0,0.0,5e-06,5.65e-20,3.1,3.1
477.6,0.023089,0.023683,0.023018,0.030822,0.97784,0.97784,0.97784,0.17865,0.20428,0.18583,0.50582,0.45373,0.48475,0.89223,0.908,0.030822,0.0,0.0,5e-06,5.65e-20,3.1,3.1
478.0,0.015628,0.016736,0.015802,0.02116,0.9779,0.9779,0.9779,0.12322,0.14745,0.13012,0.49621,0.44409,0.47514,0.89212,0.908,0.02116,0.0,0.0,5e-06,5.65e-20,3.1,3.1
478.4,0.064412,0.051779,0.060061,0.080424,0.97796,0.97796,0.97796,0.51775,0.46619,0.50464,0.48661,0.43444,0.46553,0.89201,0.908,0.080424,0.0,0.0,5e-06,5.65e-20,3.1,3.1
478.8,0.065291,0.053591,0.061154,0.081887,0.97801,0.97801,0.97801,0.53525,0.49334,0.52452,0.477,0.42479,0.45592,0.8919,0.908,0.081887,0.0,0.0,5e-06,5.65e-20,3.1,3.1
479.2,0.066082,0.055267,0.062147,0.083215,0.97806,0.97806,0.97806,0.55275,0.52048,0.54441,0.4674,0.41514,0.44631,0.89179,0.908,0.083215,0.0,0.0,5e-06,5.65e-20,3.1,3.1
479.6,0.060695,0.051716,0.057329,0.076762,0.9781,0.9781,0.9781,0.51826,0.49854,0.51316,0.45779,0.40549,0.4367,0.89168,0.908,0.076762,0.0,0.0,5e-06,5.65e-20,3.1,3.1
480.0,0.055162,0.048009,0.052367,0.070117,0.97814,0.97814,0.97814,0.48104,0.47402,0.47923,0.44818,0.39584,0.42709,0.89157,0.908,0.070117,0.0,0.0,5e-06,5.65e-20,3.1,3.1
480.4,0.061397,0.05621,0.059234,0.079311,0.97817,0.97817,0.97817,0.43288,0.43685,0.43395,0.55428,0.50284,0.53343,0.89146,0.908,0.079311,0.0,0.0,5e-06,5.65e-20,3.1,3.1
480.8,0.050828,0.047504,0.049308,0.066019,0.97821,0.97821,0.97821,0.36442,0.3762,0.36762,0.54501,0.49343,0.52411,0.89135,0.908,0.066019,0.0,0.0,5e-06,5.65e-20,3.1,3.1
481.2,0.04058,0.039087,0.039694,0.053147,0.97824,0.97824,0.97824,0.29597,0.31554,0.30128,0.53574,0.48402,0.5148,0.89124,0.908,0.053147,0.0,0.0,5e-06,5.65e-20,3.1,3.1
481.6,0.031121,0.030698,0.030653,0.041041,0.97826,0.97826,0.97826,0.23097,0.25272,0.23694,0.52647,0.47461,0.50548,0.89113,0.908,0.041041,0.0,0.0,5e-06,5.65e-20,3.1,3.1
482.0,0.022143,0.022513,0.022013,0.029472,0.97828,0.97828,0.97828,0.16728,0.18908,0.17334,0.5172,0.4652,0.49616,0.89102,0.908,0.029472,0.0,0.0,5e-06,5.65e-20,3.1,3.1
482.4,0.067955,0.054266,0.063324,0.08478,0.9783,0.9783,0.9783,0.5228,0.46524,0.50826,0.50792,0.45579,0.48684,0.89091,0.908,0.08478,0.0,0.0,5e-06,5.65e-20,3.1,3.1
482.8,0.069945,0.056894,0.065429,0.087597,0.97832,0.97832,0.97832,0.5482,0.49813,0.53549,0.49865,0.44637,0.47753,0.89081,0.908,0.087597,0.0,0.0,5e-06,5.65e-20,3.1,3.1
483.2,0.071816,0.059364,0.067405,0.090242,0.97834,0.97834,0.97834,0.5736,0.53102,0.56271,0.48938,0.43696,0.46821,0.8907,0.908,0.090242,0.0,0.0,5e-06,5.65e-20,3.1,3.1
483.6,0.069957,0.058726,0.065879,0.088198,0.97835,0.97835,0.97835,0.56959,0.53692,0.56119,0.48011,0.42755,0.45889,0.89059,0.908,0.088198,0.0,0.0,5e-06,5.65e-20,3.1,3.1
484.0,0.064201,0.054867,0.060706,0.081271,0.97836,0.97836,0.97836,0.53307,0.51299,0.5279,0.47084,0.41814,0.44958,0.89048,0.908,0.081271,0.0,0.0,5e-06,5.65e-20,3.1,3.1
484.4,0.05862,0.051125,0.055694,0.07456,0.97837,0.97837,0.97837,0.49656,0.48906,0.49461,0.46157,0.40873,0.44026,0.89037,0.908,0.07456,0.0,0.0,5e-06,5.65e-20,3.1,3.1
484.8,0.062659,0.057348,0.060474,0.080958,0.97838,0.97838,0.97838,0.43006,0.43222,0.43067,0.56971,0.51882,0.54907,0.89026,0.908,0.080958,0.0,0.0,5e-06,5.65e-20,3.1,3.1
485.2,0.051172,0.047958,0.049696,0.066528,0.97839,0.97839,0.97839,0.35721,0.3684,0.36023,0.56023,0.5091,0.5395,0.89015,0.908,0.066528,0.0,0.0,5e-06,5.65e-20,3.1,3.1
485.6,0.040169,0.038841,0.039344,0.052669,0.97839,0.97839,0.97839,0.28527,0.30422,0.29038,0.55076,0.49938,0.52994,0.89004,0.908,0.052669,0.0,0.0,5e-06,5.65e-20,3.1,3.1
486.0,0.030241,0.029792,0.029781,0.039867,0.9784,0.9784,0.9784,0.21856,0.23801,0.22388,0.54128,0.48966,0.52038,0.88993,0.908,0.039867,0.0,0.0,5e-06,5.65e-20,3.1,3.1
486.4,0.020641,0.021076,0.020547,0.027506,0.9784,0.9784,0.9784,0.15185,0.1718,0.15737,0.5318,0.47994,0.51081,0.88982,0.908,0.027506,0.0,0.0,5e-06,5.65e-20,3.1,3.1
486.8,0.07284,0.059377,0.06823,0.091335,0.97841,0.97841,0.97841,0.54564,0.49408,0.5326,0.52233,0.47021,0.50125,0.88971,0.908,0.091335,0.0,0.0,5e-06,5.65e-20,3.1,3.1
487.2,0.075123,0.062248,0.070609,0.094518,0.97841,0.97841,0.97841,0.57318,0.52895,0.56193,0.51285,0.46049,0.49168,0.8896,0.908,0.094518,0.0,0.0,5e-06,5.65e-20,3.1,3.1
487.6,0.077274,0.064947,0.072846,0.097511,0.97842,0.97842,0.97842,0.60073,0.56382,0.59127,0.50337,0.45077,0.48212,0.88949,0.908,0.097511,0.0,0.0,5e-06,5.65e-20,3.1,3.1
488.0,0.072908,0.062173,0.06895,0.092295,0.97842,0.97842,0.97842,0.5777,0.55167,0.57101,0.4939,0.44105,0.47256,0.88938,0.908,0.092295,0.0,0.0,5e-06,5.65e-20,3.1,3.1
488.4,0.06709,0.058165,0.063688,0.08525,0.97843,0.97843,0.97843,0.54203,0.52776,0.53836,0.48442,0.43133,0.46299,0.88927,0.908,0.08525,0.0,0.0,5e-06,5.65e-20,3.1,3.1
488.8,0.06912,0.061964,0.066267,0.088701,0.97844,0.97844,0.97844,0.50353,0.50083,0.50283,0.53726,0.48423,0.5158,0.88916,0.908,0.088701,0.0,0.0,5e-06,5.65e-20,3.1,3.1
489.2,0.064294,0.059569,0.062274,0.083355,0.97844,0.97844,0.97844,0.43014,0.43651,0.43186,0.58502,0.53411,0.56438,0.88905,0.908,0.083355,0.0,0.0,5e-06,5.65e-20,3.1,3.1
489.6,0.052494,0.049894,0.051191,0.068519,0.97845,0.97845,0.97845,0.35675,0.37219,0.3609,0.57592,0.52468,0.55515,0.88894,0.908,0.068519,0.0,0.0,5e-06,5.65e-20,3.1,3.1
490.0,0.041285,0.04033,0.040565,0.054295,0.97846,0.97846,0.97846,0.28508,0.30635,0.29082,0.56681,0.51525,0.54593,0.88883,0.908,0.054295,0.0,0.0,5e-06,5.65e-20,3.1,3.1
490.4,0.03082,0.030757,0.030473,0.040787,0.97847,0.97847,0.97847,0.21626,0.23797,0.2222,0.55771,0.50582,0.5367,0.88872,0.908,0.040787,0.0,0.0,5e-06,5.65e-20,3.1,3.1
490.8,0.020673,0.021512,0.020703,0.02771,0.97849,0.97849,0.97849,0.14745,0.16958,0.15359,0.54861,0.49639,0.52748,0.88862,0.908,0.02771,0.0,0.0,5e-06,5.65e-20,3.1,3.1
491.2,0.07667,0.062598,0.071881,0.096207,0.9785,0.9785,0.9785,0.55605,0.50298,0.5427,0.53951,0.48696,0.51825,0.88851,0.908,0.096207,0.0,0.0,5e-06,5.65e-20,3.1,3.1
491.6,0.07958,0.06606,0.074866,0.1002,0.97852,0.97852,0.97852,0.58702,0.54125,0.57544,0.53041,0.47753,0.50903,0.8884,0.908,0.1002,0.0,0.0,5e-06,5.65e-20,3.1,3.1
492.0,0.082347,0.069339,0.077697,0.10399,0.97853,0.97853,0.97853,0.61799,0.57952,0.60817,0.52131,0.4681,0.4998,0.88829,0.908,0.10399,0.0,0.0,5e-06,5.65e-20,3.1,3.1
492.4,0.077002,0.065935,0.072926,0.097602,0.97855,0.97855,0.97855,0.58809,0.56234,0.58151,0.5122,0.45867,0.49058,0.88818,0.908,0.097602,0.0,0.0,5e-06,5.65e-20,3.1,3.1
492.8,0.071161,0.062096,0.067688,0.09059,0.97857,0.97857,0.97857,0.55325,0.54066,0.55002,0.5031,0.44924,0.48135,0.88807,0.908,0.09059,0.0,0.0,5e-06,5.65e-20,3.1,3.1
493.2,0.072668,0.065698,0.069849,0.093481,0.97859,0.97859,0.97859,0.51167,0.51159,0.51165,0.55544,0.50224,0.53391,0.88796,0.908,0.093481,0.0,0.0,5e-06,5.65e-20,3.1,3.1
493.6,0.067522,0.063201,0.065607,0.087802,0.9786,0.9786,0.9786,0.43827,0.4477,0.4408,0.60246,0.55203,0.58201,0.88785,0.908,0.087802,0.0,0.0,5e-06,5.65e-20,3.1,3.1
494.0,0.055382,0.053255,0.054199,0.072534,0.97862,0.97862,0.97862,0.36488,0.38382,0.36996,0.59346,0.54251,0.57281,0.88774,0.908,0.072534,0.0,0.0,5e-06,5.65e-20,3.1,3.1
494.4,0.043813,0.04329,0.043201,0.057815,0.97864,0.97864,0.97864,0.29308,0.31754,0.29968,0.58445,0.53299,0.56361,0.88763,0.908,0.057815,0.0,0.0,5e-06,5.65e-20,3.1,3.1
494.8,0.03289,0.033213,0.032641,0.043682,0.97865,0.97865,0.97865,0.22344,0.24803,0.23016,0.57545,0.52347,0.55441,0.88752,0.908,0.043682,0.0,0.0,5e-06,5.65e-20,3.1,3.1
495.2,0.022285,0.023472,0.022405,0.029983,0.97866,0.97866,0.97866,0.15379,0.17853,0.16064,0.56645,0.51395,0.54521,0.88741,0.90796,0.029983,0.0,0.0,5e-06,5.65e-20,3.1,3.1
495.6,0.079656,0.065483,0.074835,0.10015,0.97868,0.97868,0.97868,0.5586,0.50746,0.54577,0.55744,0.50444,0.53601,0.8873,0.90788,0.10015,0.0,0.0,5e-06,5.65e-20,3.1,3.1
496.0,0.083001,0.069367,0.078242,0.1047,0.97869,0.97869,0.97869,0.59162,0.54791,0.5806,0.54844,0.49492,0.52681,0.88719,0.9078,0.1047,0.0,0.0,5e-06,5.65e-20,3.1,3.1
496.4,0.08619,0.073051,0.081481,0.10904,0.9787,0.9787,0.9787,0.62464,0.58836,0.61542,0.53944,0.4854,0.51761,0.88708,0.9077200000000001,0.10904,0.0,0.0,5e-06,5.65e-20,3.1,3.1
496.8,0.081364,0.070097,0.077197,0.1033,0.9787,0.9787,0.9787,0.59972,0.5759,0.59366,0.53043,0.47588,0.50841,0.88697,0.90764,0.1033,0.0,0.0,5e-06,5.65e-20,3.1,3.1
497.2,0.075551,0.066302,0.071986,0.096328,0.97871,0.97871,0.97871,0.56652,0.55588,0.56381,0.52143,0.46636,0.49921,0.88686,0.90756,0.096328,0.0,0.0,5e-06,5.65e-20,3.1,3.1
497.6,0.077773,0.070837,0.074929,0.10027,0.97871,0.97871,0.97871,0.53034,0.53256,0.53092,0.57341,0.5201,0.55184,0.88675,0.9074800000000001,0.10027,0.0,0.0,5e-06,5.65e-20,3.1,3.1
498.0,0.07279,0.068657,0.07091,0.094886,0.97871,0.97871,0.97871,0.45746,0.46854,0.46041,0.62221,0.57301,0.60226,0.88664,0.9074,0.094886,0.0,0.0,5e-06,5.65e-20,3.1,3.1
498.4,0.060303,0.058269,0.059122,0.079111,0.9787,0.9787,0.9787,0.38457,0.40452,0.38989,0.6133,0.5634,0.59308,0.88653,0.90732,0.079111,0.0,0.0,5e-06,5.65e-20,3.1,3.1
498.8,0.048276,0.047947,0.047687,0.063809,0.9787,0.9787,0.9787,0.31248,0.33871,0.31951,0.60439,0.55379,0.5839,0.88643,0.90724,0.063809,0.0,0.0,5e-06,5.65e-20,3.1,3.1
499.2,0.0369,0.0373,0.036637,0.049023,0.97869,0.97869,0.97869,0.24248,0.26822,0.24945,0.59549,0.54417,0.57472,0.88632,0.9071600000000001,0.049023,0.0,0.0,5e-06,5.65e-20,3.1,3.1
499.6,0.025847,0.027005,0.025921,0.034684,0.97867,0.97867,0.97867,0.17247,0.19773,0.1794,0.58658,0.53456,0.56554,0.88621,0.90708,0.034684,0.0,0.0,5e-06,5.65e-20,3.1,3.1
500.0,0.08169,0.06802,0.077027,0.10306,0.97865,0.97865,0.97865,0.55365,0.50729,0.54204,0.57767,0.52495,0.55635,0.8861,0.907,0.10306,0.0,0.0,5e-06,5.65e-20,3.1,3.1
500.4,0.085411,0.072401,0.080836,0.10816,0.97863,0.97863,0.97863,0.58814,0.55024,0.5786,0.56876,0.51534,0.54717,0.88599,0.907,0.10816,0.0,0.0,5e-06,5.65e-20,3.1,3.1
500.8,0.088969,0.076567,0.084469,0.11302,0.9786,0.9786,0.9786,0.62263,0.59318,0.61515,0.55985,0.50573,0.53799,0.88588,0.907,0.11302,0.0,0.0,5e-06,5.65e-20,3.1,3.1
501.2,0.086565,0.075676,0.082471,0.11034,0.97857,0.97857,0.97857,0.61584,0.59786,0.61127,0.55094,0.49612,0.52881,0.88577,0.907,0.11034,0.0,0.0,5e-06,5.65e-20,3.1,3.1
501.6,0.080769,0.071914,0.077277,0.10339,0.97854,0.97854,0.97854,0.58428,0.57959,0.58312,0.54203,0.48651,0.51963,0.88566,0.907,0.10339,0.0,0.0,5e-06,5.65e-20,3.1,3.1
502.0,0.079363,0.07276,0.076556,0.10243,0.9785,0.9785,0.9785,0.55272,0.56132,0.55497,0.56323,0.50847,0.54111,0.88555,0.907,0.10243,0.0,0.0,5e-06,5.65e-20,3.1,3.1
502.4,0.078472,0.074727,0.076635,0.10253,0.97846,0.97846,0.97846,0.48959,0.5065,0.49405,0.62901,0.57899,0.60874,0.88544,0.907,0.10253,0.0,0.0,5e-06,5.65e-20,3.1,3.1
502.8,0.067474,0.065764,0.066333,0.088747,0.97841,0.97841,0.97841,0.41729,0.44108,0.42361,0.63486,0.5854,0.61482,0.88533,0.907,0.088747,0.0,0.0,5e-06,5.65e-20,3.1,3.1
503.2,0.054962,0.055042,0.054435,0.072828,0.97837,0.97837,0.97837,0.34499,0.37565,0.35316,0.62581,0.57557,0.60546,0.88522,0.907,0.072828,0.0,0.0,5e-06,5.65e-20,3.1,3.1
503.6,0.04311,0.043873,0.042895,0.057388,0.97832,0.97832,0.97832,0.2747,0.30477,0.2828,0.61676,0.56574,0.59611,0.88511,0.907,0.057388,0.0,0.0,5e-06,5.65e-20,3.1,3.1
504.0,0.031627,0.032983,0.031702,0.042412,0.97826,0.97826,0.97826,0.20463,0.23329,0.21244,0.60772,0.5559,0.58676,0.885,0.907,0.042412,0.0,0.0,5e-06,5.65e-20,3.1,3.1
504.4,0.082404,0.068587,0.077743,0.10401,0.97821,0.97821,0.97821,0.5415,0.49412,0.52969,0.59867,0.54607,0.57741,0.88489,0.907,0.10401,0.0,0.0,5e-06,5.65e-20,3.1,3.1
504.8,0.086339,0.073094,0.081741,0.10935,0.97816,0.97816,0.97816,0.57638,0.53653,0.5664,0.58962,0.53624,0.56806,0.88478,0.907,0.10935,0.0,0.0,5e-06,5.65e-20,3.1,3.1
505.2,0.090109,0.077383,0.085559,0.11446,0.9781,0.9781,0.9781,0.61125,0.57894,0.60311,0.58058,0.52641,0.55871,0.88467,0.907,0.11446,0.0,0.0,5e-06,5.65e-20,3.1,3.1
505.6,0.092297,0.080293,0.087871,0.11755,0.97804,0.97804,0.97804,0.63637,0.61249,0.63031,0.57153,0.51658,0.54935,0.88456,0.907,0.11755,0.0,0.0,5e-06,5.65e-20,3.1,3.1
506.0,0.086479,0.076581,0.082666,0.11059,0.97798,0.97798,0.97798,0.6062,0.59586,0.6036,0.56249,0.50675,0.54,0.88445,0.907,0.11059,0.0,0.0,5e-06,5.65e-20,3.1,3.1
506.4,0.080808,0.072957,0.077596,0.1038,0.97792,0.97792,0.97792,0.57603,0.57922,0.57689,0.55344,0.49692,0.53065,0.88434,0.907,0.1038,0.0,0.0,5e-06,5.65e-20,3.1,3.1
506.8,0.084243,0.079389,0.081995,0.10969,0.97786,0.97786,0.97786,0.53536,0.55058,0.53933,0.62115,0.56918,0.60012,0.88424,0.907,0.10969,0.0,0.0,5e-06,5.65e-20,3.1,3.1
507.2,0.076945,0.074793,0.075624,0.10116,0.9778,0.9778,0.9778,0.46319,0.48596,0.46921,0.65608,0.60786,0.63656,0.88413,0.907,0.10116,0.0,0.0,5e-06,5.65e-20,3.1,3.1
507.6,0.06407,0.0638,0.063382,0.084787,0.97774,0.97774,0.97774,0.39103,0.42133,0.39908,0.64746,0.59835,0.62758,0.88402,0.907,0.084787,0.0,0.0,5e-06,5.65e-20,3.1,3.1
508.0,0.051648,0.05279,0.051469,0.068849,0.97767,0.97767,0.97767,0.31964,0.35443,0.32894,0.63883,0.58885,0.61861,0.88391,0.907,0.068849,0.0,0.0,5e-06,5.65e-20,3.1,3.1
508.4,0.039806,0.041421,0.039881,0.053347,0.97761,0.97761,0.97761,0.24985,0.28281,0.25876,0.6302,0.57934,0.60963,0.8838,0.907,0.053347,0.0,0.0,5e-06,5.65e-20,3.1,3.1
508.8,0.02828,0.030408,0.028623,0.038287,0.97755,0.97755,0.97755,0.18006,0.21118,0.18858,0.62158,0.56983,0.60066,0.88369,0.907,0.038287,0.0,0.0,5e-06,5.65e-20,3.1,3.1
509.2,0.086549,0.073165,0.081984,0.10966,0.97749,0.97749,0.97749,0.55908,0.51701,0.54861,0.61295,0.56032,0.59169,0.88358,0.907,0.10966,0.0,0.0,5e-06,5.65e-20,3.1,3.1
509.6,0.090702,0.078041,0.086235,0.11535,0.97743,0.97743,0.97743,0.59454,0.56125,0.58622,0.60432,0.55081,0.58271,0.88347,0.907,0.11535,0.0,0.0,5e-06,5.65e-20,3.1,3.1
510.0,0.094698,0.082702,0.090313,0.1208,0.97737,0.97737,0.97737,0.63001,0.60548,0.62383,0.59569,0.54131,0.57374,0.88336,0.907,0.1208,0.0,0.0,5e-06,5.65e-20,3.1,3.1
510.4,0.093997,0.083315,0.089935,0.1203,0.97732,0.97732,0.97732,0.63479,0.62112,0.63134,0.58707,0.5318,0.56476,0.88325,0.907,0.1203,0.0,0.0,5e-06,5.65e-20,3.1,3.1
510.8,0.088329,0.079691,0.084861,0.11351,0.97726,0.97726,0.97726,0.60564,0.60515,0.60557,0.57844,0.52229,0.55579,0.88314,0.907,0.11351,0.0,0.0,5e-06,5.65e-20,3.1,3.1
511.2,0.085738,0.079385,0.082957,0.11096,0.97721,0.97721,0.97721,0.57649,0.58918,0.5798,0.5901,0.5346,0.5677,0.88303,0.907,0.11096,0.0,0.0,5e-06,5.65e-20,3.1,3.1
511.6,0.085544,0.082249,0.083771,0.11205,0.97715,0.97715,0.97715,0.5258,0.5484,0.5317,0.64582,0.59535,0.62541,0.88292,0.907,0.11205,0.0,0.0,5e-06,5.65e-20,3.1,3.1
512.0,0.076844,0.07607,0.075936,0.10156,0.9771,0.9771,0.9771,0.45356,0.4828,0.46127,0.67283,0.62572,0.65376,0.88281,0.907,0.10156,0.0,0.0,5e-06,5.65e-20,3.1,3.1
512.4,0.06375,0.064692,0.063426,0.084832,0.97705,0.97705,0.97705,0.38132,0.4172,0.39084,0.66412,0.61598,0.64465,0.8827,0.907,0.084832,0.0,0.0,5e-06,5.65e-20,3.1,3.1
512.8,0.051218,0.053106,0.051271,0.068575,0.97699,0.97699,0.97699,0.31052,0.34808,0.32057,0.65541,0.60624,0.63553,0.88259,0.907,0.068575,0.0,0.0,5e-06,5.65e-20,3.1,3.1
513.2,0.039194,0.041431,0.039463,0.052781,0.97694,0.97694,0.97694,0.2409,0.27608,0.25041,0.6467,0.5965,0.62641,0.88248,0.907,0.052781,0.0,0.0,5e-06,5.65e-20,3.1,3.1
513.6,0.02748,0.030114,0.027983,0.037426,0.97689,0.97689,0.97689,0.17128,0.20408,0.18026,0.63799,0.58677,0.6173,0.88237,0.907,0.037426,0.0,0.0,5e-06,5.65e-20,3.1,3.1
514.0,0.089473,0.076849,0.085112,0.11383,0.97684,0.97684,0.97684,0.5656,0.52979,0.5567,0.62928,0.57703,0.60818,0.88226,0.907,0.11383,0.0,0.0,5e-06,5.65e-20,3.1,3.1
514.4,0.093843,0.081851,0.089553,0.11977,0.97679,0.97679,0.97679,0.60175,0.57415,0.59486,0.62057,0.56729,0.59907,0.88215,0.907,0.11977,0.0,0.0,5e-06,5.65e-20,3.1,3.1
514.8,0.098051,0.086632,0.093817,0.12547,0.97674,0.97674,0.97674,0.63789,0.6185,0.63301,0.61186,0.55755,0.58995,0.88205,0.907,0.12547,0.0,0.0,5e-06,5.65e-20,3.1,3.1
515.2,0.096518,0.08652,0.092644,0.1239,0.97669,0.97669,0.97669,0.6372,0.62889,0.63512,0.60315,0.54782,0.58083,0.88194,0.90696,0.1239,0.0,0.0,5e-06,5.65e-20,3.1,3.1
515.6,0.090924,0.082965,0.087636,0.1172,0.97664,0.97664,0.97664,0.60928,0.61419,0.61059,0.59444,0.53808,0.57172,0.88183,0.90688,0.1172,0.0,0.0,5e-06,5.65e-20,3.1,3.1
516.0,0.090015,0.084614,0.087504,0.11702,0.97659,0.97659,0.97659,0.58136,0.59948,0.58606,0.61695,0.5624,0.59493,0.88177,0.9068,0.11702,0.0,0.0,5e-06,5.65e-20,3.1,3.1
516.4,0.087922,0.085525,0.086405,0.11555,0.97653,0.97653,0.97653,0.5287,0.55584,0.53577,0.66277,0.61322,0.64274,0.88181,0.9067200000000001,0.11555,0.0,0.0,5e-06,5.65e-20,3.1,3.1
516.8,0.079128,0.079201,0.078462,0.10493,0.97648,0.97648,0.97648,0.45775,0.49081,0.46645,0.68907,0.64325,0.67054,0.88185,0.90664,0.10493,0.0,0.0,5e-06,5.65e-20,3.1,3.1
517.2,0.066024,0.067662,0.065894,0.08812,0.97643,0.97643,0.97643,0.38681,0.42578,0.39713,0.68056,0.63359,0.66157,0.88189,0.90656,0.08812,0.0,0.0,5e-06,5.65e-20,3.1,3.1
517.6,0.05337,0.055822,0.053576,0.071646,0.97637,0.97637,0.97637,0.3167,0.35679,0.32739,0.67204,0.62393,0.65259,0.88193,0.9064800000000001,0.071646,0.0,0.0,5e-06,5.65e-20,3.1,3.1
518.0,0.041134,0.043821,0.041522,0.055526,0.97632,0.97632,0.97632,0.24727,0.28454,0.25732,0.66352,0.61427,0.64362,0.88196,0.9064,0.055526,0.0,0.0,5e-06,5.65e-20,3.1,3.1
518.4,0.029198,0.032172,0.029786,0.039831,0.97626,0.97626,0.97626,0.17785,0.2123,0.18725,0.65501,0.60461,0.63465,0.882,0.90632,0.039831,0.0,0.0,5e-06,5.65e-20,3.1,3.1
518.8,0.091286,0.07945,0.087157,0.11655,0.9762,0.9762,0.9762,0.56353,0.53295,0.55593,0.64649,0.59495,0.62568,0.88204,0.90624,0.11655,0.0,0.0,5e-06,5.65e-20,3.1,3.1
519.2,0.095939,0.08455,0.091831,0.1228,0.97614,0.97614,0.97614,0.60033,0.57669,0.59444,0.63798,0.58529,0.61671,0.88208,0.90616,0.1228,0.0,0.0,5e-06,5.65e-20,3.1,3.1
519.6,0.10043,0.089435,0.096328,0.12881,0.97608,0.97608,0.97608,0.63713,0.62042,0.63294,0.62946,0.57563,0.60774,0.88212,0.90608,0.12881,0.0,0.0,5e-06,5.65e-20,3.1,3.1
520.0,0.10009,0.090203,0.096246,0.1287,0.97602,0.97602,0.97602,0.64387,0.63662,0.64206,0.62094,0.56597,0.59877,0.88216,0.906,0.1287,0.0,0.0,5e-06,5.65e-20,3.1,3.1
520.4,0.094632,0.086654,0.09133,0.12212,0.97596,0.97596,0.97596,0.6174,0.62238,0.61872,0.61243,0.55631,0.5898,0.8822,0.906,0.12212,0.0,0.0,5e-06,5.65e-20,3.1,3.1
520.8,0.093046,0.087459,0.090469,0.12097,0.97589,0.97589,0.97589,0.59092,0.60814,0.59538,0.62934,0.5748,0.60733,0.88224,0.906,0.12097,0.0,0.0,5e-06,5.65e-20,3.1,3.1
521.2,0.091697,0.089061,0.090078,0.12045,0.97582,0.97582,0.97582,0.54694,0.57389,0.55392,0.6703,0.62046,0.65016,0.88228,0.906,0.12045,0.0,0.0,5e-06,5.65e-20,3.1,3.1
521.6,0.084285,0.084505,0.083653,0.11185,0.97575,0.97575,0.97575,0.4767,0.50961,0.48531,0.70713,0.66319,0.68937,0.88232,0.906,0.11185,0.0,0.0,5e-06,5.65e-20,3.1,3.1
522.0,0.070998,0.072759,0.070885,0.094781,0.97568,0.97568,0.97568,0.40645,0.44533,0.41669,0.69883,0.65364,0.68057,0.88236,0.906,0.094781,0.0,0.0,5e-06,5.65e-20,3.1,3.1
522.4,0.058105,0.060941,0.058391,0.078074,0.97561,0.97561,0.97561,0.33678,0.37868,0.34788,0.69052,0.64409,0.67176,0.88239,0.906,0.078074,0.0,0.0,5e-06,5.65e-20,3.1,3.1
522.8,0.045711,0.048671,0.046141,0.061695,0.97554,0.97554,0.97554,0.26828,0.30711,0.27867,0.68222,0.63453,0.66296,0.88243,0.906,0.061695,0.0,0.0,5e-06,5.65e-20,3.1,3.1
523.2,0.03361,0.036751,0.034205,0.045734,0.97546,0.97546,0.97546,0.19978,0.23555,0.20945,0.67391,0.62498,0.65416,0.88247,0.906,0.045734,0.0,0.0,5e-06,5.65e-20,3.1,3.1
523.6,0.091872,0.080837,0.088008,0.11767,0.97539,0.97539,0.97539,0.55316,0.5264,0.54652,0.66561,0.61543,0.64535,0.88251,0.906,0.11767,0.0,0.0,5e-06,5.65e-20,3.1,3.1
524.0,0.09672,0.086204,0.092897,0.12421,0.97531,0.97531,0.97531,0.58999,0.57047,0.58514,0.6573,0.60588,0.63655,0.88255,0.906,0.12421,0.0,0.0,5e-06,5.65e-20,3.1,3.1
524.4,0.10141,0.09136,0.097616,0.13051,0.97524,0.97524,0.97524,0.62681,0.61455,0.62376,0.649,0.59633,0.62775,0.88259,0.906,0.13051,0.0,0.0,5e-06,5.65e-20,3.1,3.1
524.8,0.10471,0.095235,0.10098,0.13501,0.97516,0.97516,0.97516,0.65587,0.65133,0.65473,0.64069,0.58678,0.61895,0.88263,0.906,0.13501,0.0,0.0,5e-06,5.65e-20,3.1,3.1
525.2,0.099312,0.091591,0.096077,0.12845,0.97508,0.97508,0.97508,0.6305,0.63706,0.63221,0.63239,0.57722,0.61014,0.88267,0.906,0.12845,0.0,0.0,5e-06,5.65e-20,3.1,3.1
525.6,0.09589,0.090178,0.093251,0.12467,0.975,0.975,0.975,0.60514,0.62279,0.60969,0.63649,0.58161,0.61436,0.88271,0.906,0.12467,0.0,0.0,5e-06,5.65e-20,3.1,3.1
526.0,0.09779,0.095064,0.096085,0.12846,0.97492,0.97492,0.97492,0.57977,0.60853,0.58716,0.67782,0.62779,0.65762,0.88275,0.906,0.12846,0.0,0.0,5e-06,5.65e-20,3.1,3.1
526.4,0.090067,0.090018,0.089292,0.11938,0.97485,0.97485,0.97485,0.5116,0.54589,0.52051,0.70784,0.66302,0.68975,0.88279,0.906,0.11938,0.0,0.0,5e-06,5.65e-20,3.1,3.1
526.8,0.079039,0.080986,0.078946,0.10554,0.97477,0.97477,0.97477,0.44234,0.482,0.45272,0.71881,0.67591,0.7015,0.88282,0.906,0.10554,0.0,0.0,5e-06,5.65e-20,3.1,3.1
527.2,0.065883,0.069237,0.066269,0.088595,0.97469,0.97469,0.97469,0.37307,0.41812,0.38494,0.71074,0.66645,0.69287,0.88286,0.906,0.088595,0.0,0.0,5e-06,5.65e-20,3.1,3.1
527.6,0.053221,0.056747,0.053757,0.071867,0.97461,0.97461,0.97461,0.30496,0.34778,0.31633,0.70267,0.65698,0.68424,0.8829,0.906,0.071867,0.0,0.0,5e-06,5.65e-20,3.1,3.1
528.0,0.040878,0.044415,0.041525,0.055514,0.97453,0.97453,0.97453,0.23705,0.27629,0.24757,0.6946,0.64752,0.67561,0.88294,0.906,0.055514,0.0,0.0,5e-06,5.65e-20,3.1,3.1
528.4,0.028815,0.032426,0.029596,0.039566,0.97445,0.97445,0.97445,0.16914,0.2048,0.17882,0.68652,0.63806,0.66698,0.88298,0.906,0.039566,0.0,0.0,5e-06,5.65e-20,3.1,3.1
528.8,0.096015,0.086256,0.092468,0.12362,0.97437,0.97437,0.97437,0.57057,0.55323,0.56627,0.67845,0.6286,0.65835,0.88302,0.906,0.12362,0.0,0.0,5e-06,5.65e-20,3.1,3.1
529.2,0.10094,0.091673,0.097429,0.13025,0.9743,0.9743,0.9743,0.60735,0.59721,0.60483,0.67038,0.61913,0.64972,0.88306,0.906,0.13025,0.0,0.0,5e-06,5.65e-20,3.1,3.1
529.6,0.10573,0.096882,0.10222,0.13666,0.97422,0.97422,0.97422,0.64412,0.64119,0.64339,0.6623,0.60967,0.64109,0.8831,0.906,0.13666,0.0,0.0,5e-06,5.65e-20,3.1,3.1
530.0,0.10513,0.09726,0.10185,0.13615,0.97414,0.97414,0.97414,0.64863,0.65409,0.65002,0.65423,0.60021,0.63246,0.88314,0.906,0.13615,0.0,0.0,5e-06,5.65e-20,3.1,3.1
530.4,0.099843,0.093466,0.096984,0.12965,0.97407,0.97407,0.97407,0.62393,0.63887,0.62775,0.64616,0.59075,0.62383,0.88318,0.906,0.12965,0.0,0.0,5e-06,5.65e-20,3.1,3.1
530.8,0.099313,0.095258,0.097178,0.1299,0.97399,0.97399,0.97399,0.59924,0.62364,0.60549,0.66944,0.61698,0.64829,0.88322,0.906,0.1299,0.0,0.0,5e-06,5.65e-20,3.1,3.1
531.2,0.097348,0.095937,0.096074,0.12843,0.97392,0.97392,0.97392,0.56034,0.59249,0.5686,0.70198,0.65427,0.68273,0.88325,0.906,0.12843,0.0,0.0,5e-06,5.65e-20,3.1,3.1
531.6,0.08896,0.090049,0.088565,0.11839,0.97384,0.97384,0.97384,0.49195,0.52825,0.50135,0.73091,0.68902,0.71402,0.88329,0.906,0.11839,0.0,0.0,5e-06,5.65e-20,3.1,3.1
532.0,0.07671,0.079269,0.076822,0.10269,0.97377,0.97377,0.97377,0.42356,0.46401,0.4341,0.73226,0.69073,0.71552,0.88333,0.906,0.10269,0.0,0.0,5e-06,5.65e-20,3.1,3.1
532.4,0.063659,0.067196,0.064125,0.085717,0.97369,0.97369,0.97369,0.35542,0.39884,0.36679,0.72442,0.68143,0.7071,0.88337,0.906,0.085717,0.0,0.0,5e-06,5.65e-20,3.1,3.1
532.8,0.051126,0.054559,0.05166,0.069054,0.97362,0.97362,0.97362,0.28866,0.32842,0.29916,0.71659,0.67213,0.69867,0.88341,0.906,0.069054,0.0,0.0,5e-06,5.65e-20,3.1,3.1
533.2,0.038859,0.042253,0.039484,0.052778,0.97355,0.97355,0.97355,0.2219,0.258,0.23152,0.70875,0.66283,0.69024,0.88345,0.906,0.052778,0.0,0.0,5e-06,5.65e-20,3.1,3.1
533.6,0.026858,0.030278,0.027598,0.036889,0.97347,0.97347,0.97347,0.15515,0.18758,0.16388,0.70091,0.65353,0.68182,0.88349,0.906,0.036889,0.0,0.0,5e-06,5.65e-20,3.1,3.1
534.0,0.099228,0.091068,0.096108,0.12846,0.9734,0.9734,0.9734,0.57989,0.57255,0.57807,0.69307,0.64423,0.67339,0.88353,0.906,0.12846,0.0,0.0,5e-06,5.65e-20,3.1,3.1
534.4,0.10441,0.096685,0.10131,0.13541,0.97332,0.97332,0.97332,0.61738,0.617,0.6173,0.68523,0.63492,0.66497,0.88357,0.906,0.13541,0.0,0.0,5e-06,5.65e-20,3.1,3.1
534.8,0.10944,0.10209,0.10634,0.14214,0.97324,0.97324,0.97324,0.65488,0.66145,0.65653,0.6774,0.62562,0.65654,0.88361,0.906,0.14214,0.0,0.0,5e-06,5.65e-20,3.1,3.1
535.2,0.10714,0.10077,0.10428,0.13938,0.97316,0.97316,0.97316,0.64886,0.66305,0.65245,0.66956,0.61632,0.64812,0.88365,0.906,0.13938,0.0,0.0,5e-06,5.65e-20,3.1,3.1
535.6,0.10181,0.096697,0.099305,0.13273,0.97308,0.97308,0.97308,0.62419,0.64629,0.62982,0.66172,0.60702,0.63969,0.88369,0.906,0.13273,0.0,0.0,5e-06,5.65e-20,3.1,3.1
536.0,0.10257,0.10001,0.10089,0.13485,0.973,0.973,0.973,0.59953,0.62953,0.60718,0.69447,0.64488,0.67448,0.88372,0.906,0.13485,0.0,0.0,5e-06,5.65e-20,3.1,3.1
536.4,0.098758,0.098645,0.097894,0.13084,0.97292,0.97292,0.97292,0.55593,0.59188,0.56514,0.72143,0.67683,0.70346,0.88376,0.906,0.13084,0.0,0.0,5e-06,5.65e-20,3.1,3.1
536.8,0.08941,0.091462,0.08931,0.11937,0.97283,0.97283,0.97283,0.4892,0.52871,0.4994,0.7426,0.70287,0.72661,0.8838,0.906,0.11937,0.0,0.0,5e-06,5.65e-20,3.1,3.1
537.2,0.077866,0.08144,0.078294,0.10464,0.97275,0.97275,0.97275,0.42247,0.46554,0.43366,0.74929,0.71117,0.73396,0.88384,0.906,0.10464,0.0,0.0,5e-06,5.65e-20,3.1,3.1
537.6,0.064868,0.069175,0.065572,0.087638,0.97266,0.97266,0.97266,0.35587,0.40099,0.36765,0.74148,0.70174,0.72549,0.88388,0.906,0.087638,0.0,0.0,5e-06,5.65e-20,3.1,3.1
538.0,0.052236,0.056284,0.052956,0.070777,0.97257,0.97257,0.97257,0.2898,0.33091,0.30061,0.73367,0.6923,0.71703,0.88392,0.906,0.070777,0.0,0.0,5e-06,5.65e-20,3.1,3.1
538.4,0.039868,0.043729,0.04063,0.054302,0.97247,0.97247,0.97247,0.22372,0.26084,0.23357,0.72586,0.68286,0.70856,0.88396,0.906,0.054302,0.0,0.0,5e-06,5.65e-20,3.1,3.1
538.8,0.027771,0.031516,0.0286,0.038224,0.97238,0.97238,0.97238,0.15765,0.19076,0.16652,0.71805,0.67343,0.7001,0.884,0.906,0.038224,0.0,0.0,5e-06,5.65e-20,3.1,3.1
539.2,0.10078,0.094127,0.098119,0.13113,0.97228,0.97228,0.97228,0.57889,0.57833,0.57877,0.71024,0.66399,0.69163,0.88404,0.906,0.13113,0.0,0.0,5e-06,5.65e-20,3.1,3.1
539.6,0.10611,0.099929,0.10348,0.13829,0.97218,0.97218,0.97218,0.61685,0.6234,0.6185,0.70244,0.65456,0.68317,0.88408,0.906,0.13829,0.0,0.0,5e-06,5.65e-20,3.1,3.1
540.0,0.11128,0.10551,0.10866,0.14522,0.97207,0.97207,0.97207,0.65481,0.66848,0.65824,0.69463,0.64512,0.6747,0.88412,0.906,0.14522,0.0,0.0,5e-06,5.65e-20,3.1,3.1
540.4,0.10977,0.10484,0.10734,0.14345,0.97197,0.97197,0.97197,0.65388,0.67478,0.65916,0.68682,0.63569,0.66624,0.88415,0.9059200000000001,0.14345,0.0,0.0,5e-06,5.65e-20,3.1,3.1
540.8,0.10439,0.10059,0.10227,0.13667,0.97186,0.97186,0.97186,0.62963,0.65782,0.63678,0.67901,0.62625,0.65777,0.88419,0.9058400000000001,0.13667,0.0,0.0,5e-06,5.65e-20,3.1,3.1
541.2,0.10429,0.10292,0.10296,0.1376,0.97174,0.97174,0.97174,0.60538,0.64087,0.61441,0.70635,0.65849,0.68708,0.88423,0.90576,0.1376,0.0,0.0,5e-06,5.65e-20,3.1,3.1
541.6,0.10124,0.1022,0.10068,0.13454,0.97163,0.97163,0.97163,0.56778,0.60882,0.57826,0.73193,0.68906,0.71468,0.88427,0.90568,0.13454,0.0,0.0,5e-06,5.65e-20,3.1,3.1
542.0,0.091967,0.094845,0.092102,0.12308,0.97151,0.97151,0.97151,0.50244,0.54544,0.51349,0.75224,0.71463,0.73714,0.88431,0.9056000000000001,0.12308,0.0,0.0,5e-06,5.65e-20,3.1,3.1
542.4,0.081332,0.085699,0.082001,0.10958,0.97139,0.97139,0.97139,0.43711,0.48206,0.44873,0.7656,0.73149,0.75192,0.88435,0.90552,0.10958,0.0,0.0,5e-06,5.65e-20,3.1,3.1
542.8,0.068413,0.073399,0.069314,0.092626,0.97127,0.97127,0.97127,0.37178,0.41868,0.38396,0.75807,0.72222,0.74369,0.88439,0.90544,0.092626,0.0,0.0,5e-06,5.65e-20,3.1,3.1
543.2,0.055821,0.060347,0.056671,0.07573,0.97114,0.97114,0.97114,0.30677,0.34914,0.31783,0.75055,0.71295,0.73545,0.88443,0.90536,0.07573,0.0,0.0,5e-06,5.65e-20,3.1,3.1
543.6,0.043496,0.047639,0.044321,0.059227,0.97102,0.97102,0.97102,0.24176,0.2796,0.25171,0.74302,0.70367,0.72722,0.88447,0.90528,0.059227,0.0,0.0,5e-06,5.65e-20,3.1,3.1
544.0,0.031438,0.035273,0.032266,0.043117,0.97089,0.97089,0.97089,0.17676,0.21006,0.18558,0.7355,0.6944,0.71899,0.88451,0.9052,0.043117,0.0,0.0,5e-06,5.65e-20,3.1,3.1
544.4,0.099937,0.094682,0.097736,0.1306,0.97076,0.97076,0.97076,0.56836,0.57214,0.56931,0.72797,0.68513,0.71075,0.88455,0.90512,0.1306,0.0,0.0,5e-06,5.65e-20,3.1,3.1
544.8,0.1054,0.10063,0.10323,0.13795,0.97063,0.97063,0.97063,0.60637,0.61714,0.60907,0.72045,0.67586,0.70252,0.88458,0.9050400000000001,0.13795,0.0,0.0,5e-06,5.65e-20,3.1,3.1
545.2,0.11071,0.10636,0.10856,0.14506,0.97051,0.97051,0.97051,0.64438,0.66215,0.64884,0.71292,0.66658,0.69429,0.88462,0.905,0.14506,0.0,0.0,5e-06,5.65e-20,3.1,3.1
545.6,0.11273,0.10894,0.11066,0.14787,0.97038,0.97038,0.97038,0.66394,0.68857,0.67012,0.7054,0.65731,0.68605,0.88466,0.905,0.14787,0.0,0.0,5e-06,5.65e-20,3.1,3.1
546.0,0.10745,0.10464,0.10565,0.14117,0.97025,0.97025,0.97025,0.64042,0.67162,0.6483,0.69787,0.64804,0.67782,0.8847,0.905,0.14117,0.0,0.0,5e-06,5.65e-20,3.1,3.1
546.4,0.10571,0.10483,0.10452,0.13966,0.97012,0.97012,0.97012,0.61691,0.65467,0.62648,0.7134,0.66667,0.6946,0.88474,0.905,0.13966,0.0,0.0,5e-06,5.65e-20,3.1,3.1
546.8,0.10488,0.10629,0.10442,0.13952,0.96999,0.96999,0.96999,0.5934,0.63772,0.60466,0.73662,0.69461,0.71973,0.88478,0.905,0.13952,0.0,0.0,5e-06,5.65e-20,3.1,3.1
547.2,0.096718,0.099955,0.096922,0.12951,0.96986,0.96986,0.96986,0.53301,0.57887,0.54472,0.757,0.72035,0.74229,0.88482,0.905,0.12951,0.0,0.0,5e-06,5.65e-20,3.1,3.1
547.6,0.087119,0.091994,0.087924,0.11748,0.96973,0.96973,0.96973,0.46853,0.51536,0.48055,0.77642,0.74536,0.76399,0.88486,0.905,0.11748,0.0,0.0,5e-06,5.65e-20,3.1,3.1
548.0,0.075006,0.080523,0.076057,0.10162,0.9696,0.9696,0.9696,0.40404,0.45186,0.41637,0.77586,0.74479,0.76343,0.8849,0.905,0.10162,0.0,0.0,5e-06,5.65e-20,3.1,3.1
548.4,0.062465,0.067833,0.063534,0.08489,0.96948,0.96948,0.96948,0.33988,0.38561,0.35173,0.76864,0.73571,0.75545,0.88494,0.905,0.08489,0.0,0.0,5e-06,5.65e-20,3.1,3.1
548.8,0.050217,0.055017,0.051198,0.068407,0.96935,0.96935,0.96935,0.27601,0.31687,0.28665,0.76142,0.72662,0.74747,0.88498,0.905,0.068407,0.0,0.0,5e-06,5.65e-20,3.1,3.1
549.2,0.03821,0.042522,0.039132,0.052285,0.96923,0.96923,0.96923,0.21214,0.24814,0.22158,0.75419,0.71753,0.73949,0.88501,0.905,0.052285,0.0,0.0,5e-06,5.65e-20,3.1,3.1
549.6,0.097692,0.093598,0.095911,0.12815,0.96911,0.96911,0.96911,0.54783,0.55341,0.54921,0.74697,0.70844,0.7315,0.88505,0.905,0.12815,0.0,0.0,5e-06,5.65e-20,3.1,3.1
550.0,0.10335,0.099844,0.10163,0.13579,0.96899,0.96899,0.96899,0.5854,0.59824,0.5886,0.73975,0.69935,0.72352,0.88509,0.905,0.13579,0.0,0.0,5e-06,5.65e-20,3.1,3.1
550.4,0.10888,0.10591,0.10722,0.14325,0.96887,0.96887,0.96887,0.62298,0.64307,0.62799,0.73252,0.69026,0.71554,0.88513,0.905,0.14325,0.0,0.0,5e-06,5.65e-20,3.1,3.1
550.8,0.11429,0.11178,0.11265,0.15051,0.96876,0.96876,0.96876,0.66056,0.68789,0.66739,0.7253,0.68117,0.70756,0.88517,0.905,0.15051,0.0,0.0,5e-06,5.65e-20,3.1,3.1
551.2,0.11257,0.11099,0.11114,0.14849,0.96865,0.96865,0.96865,0.65724,0.69231,0.66606,0.71808,0.67209,0.69958,0.88521,0.905,0.14849,0.0,0.0,5e-06,5.65e-20,3.1,3.1
551.6,0.10866,0.10858,0.10767,0.14385,0.96853,0.96853,0.96853,0.63424,0.67728,0.64512,0.71824,0.67212,0.69969,0.88525,0.905,0.14385,0.0,0.0,5e-06,5.65e-20,3.1,3.1
552.0,0.10797,0.1105,0.1078,0.14402,0.96842,0.96842,0.96842,0.61124,0.66224,0.62419,0.74056,0.69954,0.72407,0.88529,0.905,0.14402,0.0,0.0,5e-06,5.65e-20,3.1,3.1
552.4,0.10519,0.11013,0.1058,0.14134,0.96832,0.96832,0.96832,0.57921,0.63639,0.59377,0.76144,0.72556,0.74704,0.88533,0.905,0.14134,0.0,0.0,5e-06,5.65e-20,3.1,3.1
552.8,0.095755,0.10219,0.096924,0.12949,0.96821,0.96821,0.96821,0.51606,0.57329,0.53071,0.77801,0.74738,0.76577,0.88537,0.905,0.12949,0.0,0.0,5e-06,5.65e-20,3.1,3.1
553.2,0.085817,0.093587,0.087486,0.11688,0.9681,0.9681,0.9681,0.4529,0.5102,0.46764,0.79457,0.76921,0.78449,0.88541,0.905,0.11688,0.0,0.0,5e-06,5.65e-20,3.1,3.1
553.6,0.073217,0.081073,0.074951,0.10013,0.968,0.968,0.968,0.38975,0.4471,0.40458,0.78788,0.76052,0.77699,0.88544,0.905,0.10013,0.0,0.0,5e-06,5.65e-20,3.1,3.1
554.0,0.060826,0.06788,0.062395,0.083357,0.96789,0.96789,0.96789,0.32659,0.37871,0.34012,0.7812,0.75183,0.76948,0.88554,0.905,0.083357,0.0,0.0,5e-06,5.65e-20,3.1,3.1
554.4,0.048637,0.054701,0.049998,0.066794,0.96779,0.96779,0.96779,0.26344,0.30879,0.27526,0.77451,0.74314,0.76198,0.88563,0.905,0.066794,0.0,0.0,5e-06,5.65e-20,3.1,3.1
554.8,0.036653,0.041814,0.037836,0.050545,0.96768,0.96768,0.96768,0.20028,0.23887,0.2104,0.76783,0.73445,0.75448,0.88573,0.905,0.050545,0.0,0.0,5e-06,5.65e-20,3.1,3.1
555.2,0.10051,0.098147,0.09923,0.13256,0.96758,0.96758,0.96758,0.55417,0.56751,0.55747,0.76114,0.72576,0.74697,0.88583,0.90496,0.13256,0.0,0.0,5e-06,5.65e-20,3.1,3.1
555.6,0.10621,0.10454,0.10502,0.1403,0.96747,0.96747,0.96747,0.59095,0.61197,0.59618,0.75446,0.71707,0.73947,0.88593,0.90488,0.1403,0.0,0.0,5e-06,5.65e-20,3.1,3.1
556.0,0.11179,0.11074,0.11067,0.14784,0.96737,0.96737,0.96737,0.62774,0.65643,0.63489,0.74777,0.70838,0.73196,0.88603,0.9048,0.14784,0.0,0.0,5e-06,5.65e-20,3.1,3.1
556.4,0.11724,0.11675,0.11618,0.1552,0.96727,0.96727,0.96727,0.66452,0.7009,0.6736,0.74109,0.69969,0.72446,0.88613,0.9047200000000001,0.1552,0.0,0.0,5e-06,5.65e-20,3.1,3.1
556.8,0.11433,0.11466,0.11345,0.15156,0.96716,0.96716,0.96716,0.65412,0.69721,0.66492,0.7344,0.691,0.71696,0.88623,0.90464,0.15156,0.0,0.0,5e-06,5.65e-20,3.1,3.1
557.2,0.11045,0.11207,0.10995,0.14688,0.96705,0.96705,0.96705,0.63193,0.68149,0.6444,0.73473,0.69127,0.71726,0.88632,0.90456,0.14688,0.0,0.0,5e-06,5.65e-20,3.1,3.1
557.6,0.10962,0.11373,0.10992,0.14683,0.96695,0.96695,0.96695,0.60974,0.66577,0.62388,0.75607,0.71841,0.74096,0.88642,0.9044800000000001,0.14683,0.0,0.0,5e-06,5.65e-20,3.1,3.1
558.0,0.10614,0.11245,0.10716,0.14315,0.96684,0.96684,0.96684,0.57577,0.63631,0.59111,0.77563,0.74355,0.76279,0.88652,0.9044,0.14315,0.0,0.0,5e-06,5.65e-20,3.1,3.1
558.4,0.096504,0.10414,0.098033,0.13095,0.96673,0.96673,0.96673,0.51435,0.57481,0.52975,0.78984,0.76271,0.77903,0.88662,0.90432,0.13095,0.0,0.0,5e-06,5.65e-20,3.1,3.1
558.8,0.086461,0.095285,0.088436,0.11813,0.96662,0.96662,0.96662,0.45293,0.51331,0.46839,0.80404,0.78187,0.79527,0.88672,0.90424,0.11813,0.0,0.0,5e-06,5.65e-20,3.1,3.1
559.2,0.074564,0.083624,0.076655,0.10239,0.96651,0.96651,0.96651,0.39151,0.45181,0.40703,0.80265,0.78004,0.7937,0.88682,0.90416,0.10239,0.0,0.0,5e-06,5.65e-20,3.1,3.1
559.6,0.062225,0.070361,0.064109,0.085635,0.96639,0.96639,0.96639,0.32963,0.38474,0.34387,0.79606,0.77121,0.7862,0.88691,0.90408,0.085635,0.0,0.0,5e-06,5.65e-20,3.1,3.1
560.0,0.050069,0.057102,0.051707,0.069067,0.96628,0.96628,0.96628,0.26761,0.31605,0.28019,0.78948,0.76238,0.7787,0.88701,0.904,0.069067,0.0,0.0,5e-06,5.65e-20,3.1,3.1
560.4,0.038123,0.044149,0.039548,0.052825,0.96616,0.96616,0.96616,0.2056,0.24736,0.21652,0.78289,0.75355,0.77119,0.88711,0.90408,0.052825,0.0,0.0,5e-06,5.65e-20,3.1,3.1
560.8,0.10109,0.099141,0.099995,0.13357,0.96604,0.96604,0.96604,0.55015,0.56241,0.55317,0.77631,0.74473,0.76369,0.88721,0.90416,0.13357,0.0,0.0,5e-06,5.65e-20,3.1,3.1
561.2,0.10678,0.10555,0.10578,0.1413,0.96592,0.96592,0.96592,0.58648,0.60634,0.59138,0.76972,0.7359,0.75619,0.88731,0.90424,0.1413,0.0,0.0,5e-06,5.65e-20,3.1,3.1
561.6,0.11235,0.11176,0.11142,0.14883,0.96579,0.96579,0.96579,0.6228,0.65026,0.62959,0.76313,0.72707,0.74868,0.88741,0.90432,0.14883,0.0,0.0,5e-06,5.65e-20,3.1,3.1
562.0,0.11779,0.11778,0.11692,0.15617,0.96567,0.96567,0.96567,0.65913,0.69419,0.66781,0.75655,0.71824,0.74118,0.88751,0.9044,0.15617,0.0,0.0,5e-06,5.65e-20,3.1,3.1
562.4,0.11648,0.11722,0.11576,0.15462,0.96554,0.96554,0.96554,0.65793,0.69995,0.66838,0.74996,0.70941,0.73368,0.8876,0.9044800000000001,0.15462,0.0,0.0,5e-06,5.65e-20,3.1,3.1
562.8,0.11256,0.11455,0.1122,0.14986,0.96541,0.96541,0.96541,0.63654,0.68516,0.64868,0.7496,0.70867,0.73316,0.8877,0.90456,0.14986,0.0,0.0,5e-06,5.65e-20,3.1,3.1
563.2,0.11136,0.11571,0.11175,0.14925,0.96528,0.96528,0.96528,0.61514,0.67038,0.62899,0.76791,0.73217,0.75359,0.8878,0.90464,0.14925,0.0,0.0,5e-06,5.65e-20,3.1,3.1
563.6,0.10944,0.11611,0.11056,0.14766,0.96515,0.96515,0.96515,0.59085,0.65221,0.60628,0.78622,0.75568,0.77402,0.8879,0.9047200000000001,0.14766,0.0,0.0,5e-06,5.65e-20,3.1,3.1
564.0,0.099929,0.10797,0.10156,0.13565,0.96502,0.96502,0.96502,0.53079,0.59232,0.54634,0.79967,0.77426,0.78958,0.888,0.9048,0.13565,0.0,0.0,5e-06,5.65e-20,3.1,3.1
564.4,0.090055,0.099318,0.092142,0.12307,0.96488,0.96488,0.96488,0.47073,0.53244,0.48641,0.81312,0.79284,0.80515,0.8881,0.90488,0.12307,0.0,0.0,5e-06,5.65e-20,3.1,3.1
564.8,0.078861,0.088647,0.081155,0.10839,0.96475,0.96475,0.96475,0.41068,0.47255,0.42648,0.81671,0.79785,0.80932,0.8882,0.90496,0.10839,0.0,0.0,5e-06,5.65e-20,3.1,3.1
565.2,0.06668,0.075863,0.068844,0.091948,0.96461,0.96461,0.96461,0.35016,0.40905,0.36528,0.81042,0.78929,0.8021,0.88829,0.90496,0.091948,0.0,0.0,5e-06,5.65e-20,3.1,3.1
565.6,0.054598,0.06262,0.056495,0.075453,0.96448,0.96448,0.96448,0.28914,0.34157,0.30267,0.80413,0.78074,0.79489,0.88839,0.90488,0.075453,0.0,0.0,5e-06,5.65e-20,3.1,3.1
566.0,0.042711,0.049665,0.044373,0.059262,0.96434,0.96434,0.96434,0.22812,0.27408,0.24006,0.79785,0.77218,0.78767,0.88849,0.9048,0.059262,0.0,0.0,5e-06,5.65e-20,3.1,3.1
566.4,0.031019,0.036998,0.032478,0.043376,0.96421,0.96421,0.96421,0.1671,0.2066,0.17745,0.79156,0.76362,0.78045,0.88859,0.9047200000000001,0.043376,0.0,0.0,5e-06,5.65e-20,3.1,3.1
566.8,0.10534,0.10437,0.1045,0.13956,0.96407,0.96407,0.96407,0.57237,0.58978,0.57663,0.78528,0.75507,0.77324,0.88869,0.90464,0.13956,0.0,0.0,5e-06,5.65e-20,3.1,3.1
567.2,0.1109,0.11045,0.1101,0.14705,0.96393,0.96393,0.96393,0.60786,0.63172,0.61371,0.77899,0.74651,0.76602,0.88879,0.90456,0.14705,0.0,0.0,5e-06,5.65e-20,3.1,3.1
567.6,0.11635,0.11635,0.11557,0.15435,0.96379,0.96379,0.96379,0.64336,0.67367,0.65079,0.7727,0.73795,0.7588,0.88889,0.9044800000000001,0.15435,0.0,0.0,5e-06,5.65e-20,3.1,3.1
568.0,0.11967,0.12015,0.11894,0.15884,0.96366,0.96366,0.96366,0.66763,0.70436,0.67666,0.76642,0.7294,0.75159,0.88898,0.9044,0.15884,0.0,0.0,5e-06,5.65e-20,3.1,3.1
568.4,0.11495,0.11625,0.11441,0.1528,0.96352,0.96352,0.96352,0.64701,0.69004,0.65765,0.76013,0.72084,0.74437,0.88908,0.90432,0.1528,0.0,0.0,5e-06,5.65e-20,3.1,3.1
568.8,0.11352,0.11703,0.11369,0.15182,0.96338,0.96338,0.96338,0.62639,0.67572,0.63863,0.77592,0.74149,0.76214,0.88918,0.90424,0.15182,0.0,0.0,5e-06,5.65e-20,3.1,3.1
569.2,0.11194,0.11766,0.11279,0.15063,0.96325,0.96325,0.96325,0.60576,0.6614,0.61962,0.79171,0.76214,0.77991,0.88928,0.90416,0.15063,0.0,0.0,5e-06,5.65e-20,3.1,3.1
569.6,0.10612,0.11357,0.10755,0.14363,0.96311,0.96311,0.96311,0.56492,0.62376,0.57963,0.8054,0.78063,0.79557,0.88938,0.90408,0.14363,0.0,0.0,5e-06,5.65e-20,3.1,3.1
570.0,0.096303,0.10495,0.098186,0.13112,0.96298,0.96298,0.96298,0.50577,0.56503,0.52066,0.81698,0.79698,0.80912,0.88948,0.904,0.13112,0.0,0.0,5e-06,5.65e-20,3.1,3.1
570.4,0.086185,0.095905,0.088462,0.11813,0.96284,0.96284,0.96284,0.44661,0.50629,0.46169,0.82856,0.81332,0.82267,0.88958,0.904,0.11813,0.0,0.0,5e-06,5.65e-20,3.1,3.1
570.8,0.074578,0.084499,0.076942,0.10275,0.96271,0.96271,0.96271,0.38746,0.44755,0.40272,0.82699,0.8112,0.82088,0.88967,0.904,0.10275,0.0,0.0,5e-06,5.65e-20,3.1,3.1
571.2,0.062514,0.071393,0.064629,0.086305,0.96258,0.96258,0.96258,0.32736,0.38229,0.34137,0.82105,0.80293,0.81398,0.88977,0.904,0.086305,0.0,0.0,5e-06,5.65e-20,3.1,3.1
571.6,0.050606,0.058384,0.052465,0.070062,0.96244,0.96244,0.96244,0.26712,0.3161,0.27969,0.8151,0.79465,0.80708,0.88987,0.904,0.070062,0.0,0.0,5e-06,5.65e-20,3.1,3.1
572.0,0.038882,0.045647,0.040517,0.054105,0.96231,0.96231,0.96231,0.20688,0.24991,0.218,0.80916,0.78638,0.80017,0.88997,0.904,0.054105,0.0,0.0,5e-06,5.65e-20,3.1,3.1
572.4,0.10257,0.10322,0.10226,0.13656,0.96218,0.96218,0.96218,0.55017,0.57151,0.55536,0.80321,0.77811,0.79327,0.89007,0.904,0.13656,0.0,0.0,5e-06,5.65e-20,3.1,3.1
572.8,0.10807,0.10896,0.10774,0.14387,0.96205,0.96205,0.96205,0.58432,0.61016,0.59062,0.79726,0.76983,0.78637,0.89017,0.904,0.14387,0.0,0.0,5e-06,5.65e-20,3.1,3.1
573.2,0.11345,0.11454,0.11309,0.15101,0.96193,0.96193,0.96193,0.61848,0.6488,0.62588,0.79132,0.76156,0.77946,0.89027,0.904,0.15101,0.0,0.0,5e-06,5.65e-20,3.1,3.1
573.6,0.11873,0.11996,0.11832,0.15799,0.9618,0.9618,0.9618,0.65263,0.68745,0.66114,0.78537,0.75328,0.77256,0.89036,0.904,0.15799,0.0,0.0,5e-06,5.65e-20,3.1,3.1
574.0,0.11951,0.12106,0.11911,0.15905,0.96167,0.96167,0.96167,0.66236,0.70199,0.67207,0.77943,0.74501,0.76566,0.89046,0.904,0.15905,0.0,0.0,5e-06,5.65e-20,3.1,3.1
574.4,0.11569,0.11822,0.11557,0.15432,0.96155,0.96155,0.96155,0.64223,0.68709,0.65326,0.77871,0.74378,0.76473,0.89056,0.904,0.15432,0.0,0.0,5e-06,5.65e-20,3.1,3.1
574.8,0.11415,0.11868,0.11466,0.15311,0.96143,0.96143,0.96143,0.62209,0.67219,0.63445,0.79369,0.76372,0.78174,0.89066,0.904,0.15311,0.0,0.0,5e-06,5.65e-20,3.1,3.1
575.2,0.11247,0.11901,0.11361,0.15171,0.96131,0.96131,0.96131,0.60196,0.65729,0.61564,0.80867,0.78366,0.79876,0.89076,0.904,0.15171,0.0,0.0,5e-06,5.65e-20,3.1,3.1
575.6,0.10519,0.1131,0.10681,0.14262,0.96119,0.96119,0.96119,0.5556,0.61284,0.56981,0.81995,0.79932,0.81184,0.89086,0.904,0.14262,0.0,0.0,5e-06,5.65e-20,3.1,3.1
576.0,0.095374,0.10432,0.09738,0.13003,0.96107,0.96107,0.96107,0.498,0.55572,0.51241,0.82999,0.81357,0.82362,0.89096,0.904,0.13003,0.0,0.0,5e-06,5.65e-20,3.1,3.1
576.4,0.085302,0.095171,0.087645,0.11703,0.96095,0.96095,0.96095,0.4404,0.4986,0.455,0.84003,0.82781,0.8354,0.89105,0.904,0.11703,0.0,0.0,5e-06,5.65e-20,3.1,3.1
576.8,0.073945,0.083963,0.076351,0.10195,0.96084,0.96084,0.96084,0.3828,0.44149,0.39759,0.83834,0.82539,0.83342,0.89115,0.904,0.10195,0.0,0.0,5e-06,5.65e-20,3.1,3.1
577.2,0.062092,0.071091,0.064252,0.08579,0.96072,0.96072,0.96072,0.32381,0.3777,0.33747,0.83275,0.81741,0.82684,0.89125,0.904,0.08579,0.0,0.0,5e-06,5.65e-20,3.1,3.1
577.6,0.050394,0.058408,0.052327,0.069867,0.96061,0.96061,0.96061,0.26475,0.31357,0.27721,0.82715,0.80943,0.82027,0.89135,0.904,0.069867,0.0,0.0,5e-06,5.65e-20,3.1,3.1
578.0,0.038864,0.045976,0.040599,0.054207,0.9605,0.9605,0.9605,0.20569,0.24944,0.21695,0.82156,0.80145,0.81369,0.89145,0.904,0.054207,0.0,0.0,5e-06,5.65e-20,3.1,3.1
578.4,0.10359,0.10568,0.10369,0.13844,0.96039,0.96039,0.96039,0.55237,0.57948,0.55895,0.81597,0.79347,0.80712,0.89155,0.904,0.13844,0.0,0.0,5e-06,5.65e-20,3.1,3.1
578.8,0.10891,0.1113,0.10901,0.14554,0.96029,0.96029,0.96029,0.58509,0.61686,0.59282,0.81037,0.78549,0.80054,0.89165,0.904,0.14554,0.0,0.0,5e-06,5.65e-20,3.1,3.1
579.2,0.11414,0.11677,0.11422,0.1525,0.96018,0.96018,0.96018,0.61782,0.65424,0.62668,0.80478,0.77751,0.79396,0.89174,0.904,0.1525,0.0,0.0,5e-06,5.65e-20,3.1,3.1
579.6,0.11928,0.12211,0.11933,0.15932,0.96008,0.96008,0.96008,0.65055,0.69163,0.66055,0.79918,0.76953,0.78739,0.89184,0.904,0.15932,0.0,0.0,5e-06,5.65e-20,3.1,3.1
580.0,0.12076,0.12387,0.12081,0.1613,0.95998,0.95998,0.95998,0.66362,0.70934,0.67478,0.79359,0.76155,0.78081,0.89194,0.904,0.1613,0.0,0.0,5e-06,5.65e-20,3.1,3.1
580.4,0.11697,0.12092,0.11725,0.15654,0.95988,0.95988,0.95988,0.64394,0.69427,0.65627,0.79262,0.75997,0.77959,0.89204,0.9039200000000001,0.15654,0.0,0.0,5e-06,5.65e-20,3.1,3.1
580.8,0.11518,0.12097,0.11605,0.15494,0.95978,0.95978,0.95978,0.62426,0.6792,0.63776,0.80552,0.77756,0.79441,0.89214,0.9038400000000001,0.15494,0.0,0.0,5e-06,5.65e-20,3.1,3.1
581.2,0.11328,0.1209,0.11473,0.15317,0.95969,0.95969,0.95969,0.60458,0.66413,0.61925,0.81843,0.79515,0.80924,0.89224,0.90376,0.15317,0.0,0.0,5e-06,5.65e-20,3.1,3.1
581.6,0.10715,0.11612,0.10906,0.1456,0.9596,0.9596,0.9596,0.56472,0.62618,0.57991,0.82918,0.8104,0.82185,0.89234,0.90368,0.1456,0.0,0.0,5e-06,5.65e-20,3.1,3.1
582.0,0.097407,0.10724,0.099654,0.13304,0.95951,0.95951,0.95951,0.50835,0.5695,0.52354,0.83778,0.82333,0.83225,0.89243,0.9036000000000001,0.13304,0.0,0.0,5e-06,5.65e-20,3.1,3.1
582.4,0.087453,0.098036,0.08999,0.12014,0.95942,0.95942,0.95942,0.45199,0.51282,0.46717,0.84639,0.83626,0.84264,0.89253,0.90352,0.12014,0.0,0.0,5e-06,5.65e-20,3.1,3.1
582.8,0.076972,0.087964,0.079674,0.10637,0.95934,0.95934,0.95934,0.39562,0.45615,0.41079,0.85149,0.84397,0.84883,0.89263,0.90344,0.10637,0.0,0.0,5e-06,5.65e-20,3.1,3.1
583.2,0.065382,0.075428,0.067844,0.090574,0.95925,0.95925,0.95925,0.33834,0.39502,0.35262,0.84609,0.83604,0.84239,0.89273,0.90336,0.090574,0.0,0.0,5e-06,5.65e-20,3.1,3.1
583.6,0.053879,0.062809,0.056067,0.074851,0.95917,0.95917,0.95917,0.28071,0.33221,0.29377,0.84069,0.82811,0.83595,0.89283,0.90328,0.074851,0.0,0.0,5e-06,5.65e-20,3.1,3.1
584.0,0.042527,0.050427,0.044473,0.059372,0.95909,0.95909,0.95909,0.22308,0.26939,0.23492,0.8353,0.82018,0.8295,0.89293,0.9032,0.059372,0.0,0.0,5e-06,5.65e-20,3.1,3.1
584.4,0.031326,0.038281,0.033061,0.044136,0.95901,0.95901,0.95901,0.16545,0.20658,0.17607,0.8299,0.81225,0.82306,0.89302,0.90312,0.044136,0.0,0.0,5e-06,5.65e-20,3.1,3.1
584.8,0.10798,0.11198,0.10858,0.14496,0.95894,0.95894,0.95894,0.57425,0.61047,0.58303,0.8245,0.80432,0.81662,0.89312,0.9030400000000001,0.14496,0.0,0.0,5e-06,5.65e-20,3.1,3.1
585.2,0.11323,0.11749,0.11382,0.15195,0.95886,0.95886,0.95886,0.60634,0.64708,0.61623,0.8191,0.7964,0.81018,0.89322,0.903,0.15195,0.0,0.0,5e-06,5.65e-20,3.1,3.1
585.6,0.1184,0.12286,0.11896,0.15881,0.95879,0.95879,0.95879,0.63844,0.68369,0.64942,0.81371,0.78847,0.80373,0.89332,0.903,0.15881,0.0,0.0,5e-06,5.65e-20,3.1,3.1
586.0,0.12349,0.1281,0.124,0.16554,0.95872,0.95872,0.95872,0.67053,0.7203,0.68262,0.80831,0.78054,0.79729,0.89342,0.903,0.16554,0.0,0.0,5e-06,5.65e-20,3.1,3.1
586.4,0.11914,0.12408,0.11971,0.1598,0.95865,0.95865,0.95865,0.65149,0.70509,0.66455,0.80291,0.77261,0.79085,0.89352,0.903,0.1598,0.0,0.0,5e-06,5.65e-20,3.1,3.1
586.8,0.11723,0.12383,0.11833,0.15796,0.95858,0.95858,0.95858,0.63245,0.68988,0.64649,0.81407,0.78833,0.80389,0.89362,0.903,0.15796,0.0,0.0,5e-06,5.65e-20,3.1,3.1
587.2,0.11523,0.12349,0.11686,0.156,0.95852,0.95852,0.95852,0.6134,0.67468,0.62842,0.82524,0.80405,0.81692,0.89371,0.903,0.156,0.0,0.0,5e-06,5.65e-20,3.1,3.1
587.6,0.11263,0.12247,0.11476,0.1532,0.95846,0.95846,0.95846,0.59165,0.6564,0.60756,0.8364,0.81977,0.82996,0.89381,0.903,0.1532,0.0,0.0,5e-06,5.65e-20,3.1,3.1
588.0,0.10307,0.11368,0.10552,0.14085,0.9584,0.9584,0.9584,0.53643,0.60029,0.55218,0.84434,0.8322,0.83976,0.89391,0.903,0.14085,0.0,0.0,5e-06,5.65e-20,3.1,3.1
588.4,0.093298,0.10456,0.096017,0.12817,0.95834,0.95834,0.95834,0.48121,0.54418,0.49681,0.85227,0.84463,0.84956,0.89401,0.903,0.12817,0.0,0.0,5e-06,5.65e-20,3.1,3.1
588.8,0.083338,0.095135,0.086275,0.11517,0.95828,0.95828,0.95828,0.42599,0.48807,0.44143,0.86021,0.85706,0.85936,0.89411,0.903,0.11517,0.0,0.0,5e-06,5.65e-20,3.1,3.1
589.2,0.07233,0.08374,0.075175,0.10035,0.95822,0.95822,0.95822,0.37058,0.43103,0.38569,0.85842,0.85446,0.85724,0.89421,0.903,0.10035,0.0,0.0,5e-06,5.65e-20,3.1,3.1
589.6,0.060972,0.071148,0.0635,0.084763,0.95817,0.95817,0.95817,0.31431,0.3696,0.32821,0.8534,0.84685,0.85115,0.89431,0.903,0.084763,0.0,0.0,5e-06,5.65e-20,3.1,3.1
590.0,0.049749,0.058776,0.051991,0.069399,0.95812,0.95812,0.95812,0.25804,0.30818,0.27073,0.84837,0.83924,0.84505,0.8944,0.903,0.069399,0.0,0.0,5e-06,5.65e-20,3.1,3.1
590.4,0.038664,0.046627,0.04065,0.054261,0.95807,0.95807,0.95807,0.20177,0.24675,0.21324,0.84335,0.83163,0.83896,0.8945,0.9029200000000001,0.054261,0.0,0.0,5e-06,5.65e-20,3.1,3.1
590.8,0.10534,0.11135,0.10656,0.14224,0.95802,0.95802,0.95802,0.55311,0.59478,0.56318,0.83832,0.82401,0.83286,0.8946,0.9028400000000001,0.14224,0.0,0.0,5e-06,5.65e-20,3.1,3.1
591.2,0.11061,0.1169,0.11183,0.14927,0.95797,0.95797,0.95797,0.58434,0.63038,0.59548,0.8333,0.8164,0.82677,0.8947,0.90276,0.14927,0.0,0.0,5e-06,5.65e-20,3.1,3.1
591.6,0.11579,0.12233,0.11701,0.15618,0.95792,0.95792,0.95792,0.61557,0.66597,0.62778,0.82827,0.80879,0.82068,0.8948,0.90268,0.15618,0.0,0.0,5e-06,5.65e-20,3.1,3.1
592.0,0.12091,0.12763,0.12209,0.16296,0.95788,0.95788,0.95788,0.64681,0.70157,0.66008,0.82325,0.80118,0.81458,0.8949,0.9026000000000001,0.16296,0.0,0.0,5e-06,5.65e-20,3.1,3.1
592.4,0.1234,0.13028,0.12455,0.16625,0.95784,0.95784,0.95784,0.66433,0.72316,0.67861,0.81822,0.79357,0.80849,0.895,0.90252,0.16625,0.0,0.0,5e-06,5.65e-20,3.1,3.1
592.8,0.12026,0.12801,0.12167,0.1624,0.9578,0.9578,0.9578,0.64572,0.7078,0.66083,0.82055,0.79682,0.81119,0.89509,0.90244,0.1624,0.0,0.0,5e-06,5.65e-20,3.1,3.1
593.2,0.11815,0.12743,0.12006,0.16025,0.95776,0.95776,0.95776,0.62711,0.69245,0.64304,0.83022,0.81093,0.82269,0.89519,0.90236,0.16025,0.0,0.0,5e-06,5.65e-20,3.1,3.1
593.6,0.11597,0.12677,0.11836,0.15798,0.95772,0.95772,0.95772,0.6085,0.6771,0.62526,0.83989,0.82504,0.83419,0.89529,0.90228,0.15798,0.0,0.0,5e-06,5.65e-20,3.1,3.1
594.0,0.11157,0.1236,0.11437,0.15265,0.95768,0.95768,0.95768,0.57926,0.64973,0.59652,0.84884,0.83841,0.84497,0.89539,0.9022,0.15265,0.0,0.0,5e-06,5.65e-20,3.1,3.1
594.4,0.10196,0.11455,0.105,0.14015,0.95765,0.95765,0.95765,0.52524,0.59435,0.54223,0.85562,0.84953,0.85356,0.89549,0.90212,0.14015,0.0,0.0,5e-06,5.65e-20,3.1,3.1
594.8,0.092184,0.10522,0.095427,0.12737,0.95762,0.95762,0.95762,0.47121,0.53896,0.48793,0.8624,0.86066,0.86214,0.89559,0.9020400000000001,0.12737,0.0,0.0,5e-06,5.65e-20,3.1,3.1
595.2,0.082247,0.09562,0.085642,0.11431,0.95759,0.95759,0.95759,0.41719,0.48358,0.43364,0.86918,0.87178,0.87073,0.89569,0.902,0.11431,0.0,0.0,5e-06,5.65e-20,3.1,3.1
595.6,0.071408,0.084101,0.074628,0.099604,0.95756,0.95756,0.95756,0.363,0.42669,0.37885,0.8674,0.8691,0.86858,0.89578,0.902,0.099604,0.0,0.0,5e-06,5.65e-20,3.1,3.1
596.0,0.060351,0.071661,0.063207,0.08436,0.95753,0.95753,0.95753,0.30848,0.36669,0.32305,0.86276,0.86181,0.86284,0.89588,0.902,0.08436,0.0,0.0,5e-06,5.65e-20,3.1,3.1
596.4,0.04941,0.059422,0.051934,0.069314,0.9575,0.9575,0.9575,0.25396,0.3067,0.26724,0.85812,0.85453,0.8571,0.89598,0.902,0.069314,0.0,0.0,5e-06,5.65e-20,3.1,3.1
596.8,0.038588,0.047385,0.04081,0.054466,0.95748,0.95748,0.95748,0.19943,0.2467,0.21144,0.85348,0.84724,0.85137,0.89608,0.902,0.054466,0.0,0.0,5e-06,5.65e-20,3.1,3.1
597.2,0.10632,0.11418,0.10809,0.14426,0.95746,0.95746,0.95746,0.55252,0.59965,0.56386,0.84883,0.83995,0.84563,0.89618,0.902,0.14426,0.0,0.0,5e-06,5.65e-20,3.1,3.1
597.6,0.11162,0.1199,0.11344,0.15139,0.95743,0.95743,0.95743,0.58332,0.63528,0.59583,0.84419,0.83267,0.83989,0.89628,0.902,0.15139,0.0,0.0,5e-06,5.65e-20,3.1,3.1
598.0,0.11686,0.12552,0.1187,0.15842,0.95741,0.95741,0.95741,0.61412,0.67091,0.62781,0.83955,0.82538,0.83415,0.89638,0.902,0.15842,0.0,0.0,5e-06,5.65e-20,3.1,3.1
598.4,0.12202,0.13099,0.12386,0.16531,0.9574,0.9574,0.9574,0.64492,0.70654,0.65978,0.83491,0.8181,0.82842,0.89647,0.902,0.16531,0.0,0.0,5e-06,5.65e-20,3.1,3.1
598.8,0.12483,0.13403,0.12666,0.16904,0.95738,0.95738,0.95738,0.66355,0.72956,0.67949,0.83027,0.81081,0.82268,0.89658,0.902,0.16904,0.0,0.0,5e-06,5.65e-20,3.1,3.1
599.2,0.12172,0.13173,0.12379,0.1652,0.95736,0.95736,0.95736,0.64567,0.71475,0.66239,0.83214,0.81349,0.82488,0.89669,0.902,0.1652,0.0,0.0,5e-06,5.65e-20,3.1,3.1
599.6,0.11953,0.13099,0.12206,0.16289,0.95735,0.95735,0.95735,0.62779,0.69995,0.6453,0.84051,0.82614,0.83502,0.89681,0.902,0.16289,0.0,0.0,5e-06,5.65e-20,3.1,3.1
600.0,0.11726,0.13016,0.12025,0.16048,0.95734,0.95734,0.95734,0.60992,0.68514,0.62821,0.84888,0.83879,0.84516,0.89692,0.902,0.16048,0.0,0.0,5e-06,5.65e-20,3.1,3.1
600.4,0.11391,0.12809,0.11731,0.15656,0.95733,0.95733,0.95733,0.58681,0.66434,0.60571,0.85725,0.85144,0.8553,0.89703,0.90192,0.15656,0.0,0.0,5e-06,5.65e-20,3.1,3.1
600.8,0.10435,0.11887,0.10793,0.14404,0.95732,0.95732,0.95732,0.53408,0.60957,0.55254,0.86302,0.86133,0.86279,0.89715,0.9018400000000001,0.14404,0.0,0.0,5e-06,5.65e-20,3.1,3.1
601.2,0.094661,0.10941,0.098375,0.13128,0.95731,0.95731,0.95731,0.48135,0.55479,0.49938,0.86879,0.87123,0.87028,0.89726,0.90176,0.13128,0.0,0.0,5e-06,5.65e-20,3.1,3.1
601.6,0.084831,0.099704,0.088639,0.11829,0.95731,0.95731,0.95731,0.42862,0.50001,0.44622,0.87455,0.88112,0.87776,0.89737,0.90168,0.11829,0.0,0.0,5e-06,5.65e-20,3.1,3.1
602.0,0.074647,0.089262,0.078416,0.10465,0.9573,0.9573,0.9573,0.37585,0.44489,0.39294,0.87778,0.88675,0.882,0.89749,0.9016000000000001,0.10465,0.0,0.0,5e-06,5.65e-20,3.1,3.1
602.4,0.063755,0.07672,0.067079,0.089516,0.9573,0.9573,0.9573,0.32267,0.38556,0.33831,0.8734,0.8796,0.87646,0.8976,0.90152,0.089516,0.0,0.0,5e-06,5.65e-20,3.1,3.1
602.8,0.052973,0.064376,0.055884,0.074575,0.9573,0.9573,0.9573,0.2695,0.32623,0.28368,0.86902,0.87244,0.87093,0.89772,0.90144,0.074575,0.0,0.0,5e-06,5.65e-20,3.1,3.1
603.2,0.0423,0.052229,0.044829,0.059823,0.95731,0.95731,0.95731,0.21632,0.26689,0.22905,0.86463,0.86529,0.86539,0.89783,0.90136,0.059823,0.0,0.0,5e-06,5.65e-20,3.1,3.1
603.6,0.031736,0.040278,0.033915,0.045257,0.95731,0.95731,0.95731,0.16314,0.20756,0.17442,0.86025,0.85813,0.85985,0.89794,0.90128,0.045257,0.0,0.0,5e-06,5.65e-20,3.1,3.1
604.0,0.11064,0.12093,0.11307,0.15089,0.95732,0.95732,0.95732,0.57173,0.62849,0.58534,0.85587,0.85098,0.85432,0.89806,0.9012,0.15089,0.0,0.0,5e-06,5.65e-20,3.1,3.1
604.4,0.11583,0.12656,0.11831,0.15787,0.95733,0.95733,0.95733,0.60162,0.66328,0.61642,0.85148,0.84382,0.84878,0.89817,0.90112,0.15787,0.0,0.0,5e-06,5.65e-20,3.1,3.1
604.8,0.12097,0.13207,0.12347,0.16476,0.95734,0.95734,0.95734,0.63151,0.69807,0.64749,0.8471,0.83667,0.84325,0.89828,0.9010400000000001,0.16476,0.0,0.0,5e-06,5.65e-20,3.1,3.1
605.2,0.12605,0.13748,0.12855,0.17154,0.95736,0.95736,0.95736,0.66141,0.73286,0.67857,0.84272,0.82952,0.83771,0.8984,0.901,0.17154,0.0,0.0,5e-06,5.65e-20,3.1,3.1
605.6,0.12408,0.13587,0.12666,0.16901,0.95738,0.95738,0.95738,0.65217,0.72648,0.67005,0.84124,0.82698,0.83579,0.89851,0.901,0.16901,0.0,0.0,5e-06,5.65e-20,3.1,3.1
606.0,0.12179,0.13488,0.12479,0.16652,0.9574,0.9574,0.9574,0.63462,0.71136,0.65313,0.84847,0.83829,0.84471,0.89863,0.901,0.16652,0.0,0.0,5e-06,5.65e-20,3.1,3.1
606.4,0.11946,0.13383,0.12287,0.16395,0.95742,0.95742,0.95742,0.61708,0.69624,0.6362,0.8557,0.84961,0.85364,0.89874,0.901,0.16395,0.0,0.0,5e-06,5.65e-20,3.1,3.1
606.8,0.11707,0.1327,0.12088,0.1613,0.95745,0.95745,0.95745,0.59953,0.68112,0.61928,0.86293,0.86092,0.86256,0.89885,0.901,0.1613,0.0,0.0,5e-06,5.65e-20,3.1,3.1
607.2,0.11012,0.12631,0.11415,0.15232,0.95748,0.95748,0.95748,0.55972,0.64048,0.57933,0.86913,0.87122,0.87047,0.89897,0.901,0.15232,0.0,0.0,5e-06,5.65e-20,3.1,3.1
607.6,0.10056,0.11686,0.1047,0.1397,0.95751,0.95751,0.95751,0.50793,0.5861,0.52697,0.8743,0.88051,0.87736,0.89908,0.901,0.1397,0.0,0.0,5e-06,5.65e-20,3.1,3.1
608.0,0.090879,0.10718,0.095074,0.12686,0.95755,0.95755,0.95755,0.45613,0.53172,0.47461,0.87948,0.8898,0.88425,0.89919,0.901,0.12686,0.0,0.0,5e-06,5.65e-20,3.1,3.1
608.4,0.081066,0.097264,0.085279,0.11379,0.95759,0.95759,0.95759,0.40434,0.47734,0.42226,0.88466,0.89909,0.89114,0.89931,0.901,0.11379,0.0,0.0,5e-06,5.65e-20,3.1,3.1
608.8,0.070618,0.085604,0.074503,0.09941,0.95763,0.95763,0.95763,0.35275,0.42123,0.36963,0.88297,0.89633,0.889,0.89942,0.901,0.09941,0.0,0.0,5e-06,5.65e-20,3.1,3.1
609.2,0.06009,0.073329,0.063501,0.08473,0.95768,0.95768,0.95768,0.30137,0.3634,0.31673,0.87898,0.88956,0.88386,0.89953,0.901,0.08473,0.0,0.0,5e-06,5.65e-20,3.1,3.1
609.6,0.049647,0.061224,0.052617,0.070206,0.95773,0.95773,0.95773,0.24999,0.30556,0.26382,0.875,0.8828,0.87872,0.89965,0.901,0.070206,0.0,0.0,5e-06,5.65e-20,3.1,3.1
610.0,0.039287,0.049285,0.041844,0.055832,0.95779,0.95779,0.95779,0.19861,0.24773,0.21092,0.87103,0.87603,0.87358,0.89976,0.901,0.055832,0.0,0.0,5e-06,5.65e-20,3.1,3.1
610.4,0.10844,0.12051,0.11143,0.14868,0.95784,0.95784,0.95784,0.55038,0.61005,0.56462,0.86705,0.86926,0.86843,0.89988,0.901,0.14868,0.0,0.0,5e-06,5.65e-20,3.1,3.1
610.8,0.11376,0.12635,0.11682,0.15587,0.95791,0.95791,0.95791,0.57963,0.64424,0.59506,0.86307,0.86249,0.86329,0.89999,0.901,0.15587,0.0,0.0,5e-06,5.65e-20,3.1,3.1
611.2,0.11904,0.13211,0.12215,0.16298,0.95797,0.95797,0.95797,0.60888,0.67843,0.6255,0.85908,0.85572,0.85815,0.9001,0.901,0.16298,0.0,0.0,5e-06,5.65e-20,3.1,3.1
611.6,0.12427,0.13778,0.12743,0.17002,0.95804,0.95804,0.95804,0.63813,0.71261,0.65594,0.85511,0.84895,0.85301,0.90022,0.901,0.17002,0.0,0.0,5e-06,5.65e-20,3.1,3.1
612.0,0.12879,0.14264,0.13196,0.17607,0.95811,0.95811,0.95811,0.66391,0.74311,0.68286,0.85113,0.84218,0.84787,0.90033,0.901,0.17607,0.0,0.0,5e-06,5.65e-20,3.1,3.1
612.4,0.12612,0.14085,0.12957,0.17287,0.95819,0.95819,0.95819,0.64681,0.72809,0.66629,0.8548,0.84805,0.85245,0.90044,0.901,0.17287,0.0,0.0,5e-06,5.65e-20,3.1,3.1
612.8,0.12379,0.1397,0.12761,0.17026,0.95827,0.95827,0.95827,0.6297,0.71307,0.64973,0.86102,0.85813,0.86027,0.90056,0.901,0.17026,0.0,0.0,5e-06,5.65e-20,3.1,3.1
613.2,0.1214,0.13848,0.12559,0.16757,0.95835,0.95835,0.95835,0.6126,0.69805,0.63317,0.86724,0.86822,0.8681,0.90067,0.901,0.16757,0.0,0.0,5e-06,5.65e-20,3.1,3.1
613.6,0.11895,0.13719,0.12351,0.16479,0.95843,0.95843,0.95843,0.5955,0.68303,0.6166,0.87346,0.8783,0.87592,0.90079,0.901,0.16479,0.0,0.0,5e-06,5.65e-20,3.1,3.1
614.0,0.11087,0.12931,0.11555,0.15416,0.95851,0.95851,0.95851,0.55166,0.63728,0.57236,0.87808,0.88659,0.88208,0.9009,0.901,0.15416,0.0,0.0,5e-06,5.65e-20,3.1,3.1
614.4,0.10127,0.11961,0.10598,0.1414,0.9586,0.9586,0.9586,0.50113,0.58385,0.5212,0.88217,0.89428,0.88767,0.90101,0.901,0.1414,0.0,0.0,5e-06,5.65e-20,3.1,3.1
614.8,0.091563,0.10969,0.09627,0.12844,0.95869,0.95869,0.95869,0.4506,0.53042,0.47004,0.88625,0.90197,0.89327,0.90113,0.901,0.12844,0.0,0.0,5e-06,5.65e-20,3.1,3.1
615.2,0.081741,0.09957,0.086404,0.11528,0.95878,0.95878,0.95878,0.40007,0.47698,0.41888,0.89034,0.90966,0.89886,0.90124,0.90096,0.11528,0.0,0.0,5e-06,5.65e-20,3.1,3.1
615.6,0.071582,0.088198,0.075927,0.1013,0.95888,0.95888,0.95888,0.34996,0.42184,0.36761,0.8906,0.91033,0.8993,0.90135,0.90088,0.1013,0.0,0.0,5e-06,5.65e-20,3.1,3.1
616.0,0.061214,0.075878,0.065026,0.086753,0.95897,0.95897,0.95897,0.30022,0.36516,0.31623,0.88704,0.90398,0.89457,0.90147,0.9008,0.086753,0.0,0.0,5e-06,5.65e-20,3.1,3.1
616.4,0.050908,0.0637,0.054216,0.072331,0.95906,0.95906,0.95906,0.25048,0.30848,0.26485,0.88347,0.89763,0.88984,0.90158,0.9007200000000001,0.072331,0.0,0.0,5e-06,5.65e-20,3.1,3.1
616.8,0.040667,0.051669,0.043501,0.058035,0.95916,0.95916,0.95916,0.20074,0.25179,0.21347,0.87991,0.89129,0.88512,0.9017,0.90064,0.058035,0.0,0.0,5e-06,5.65e-20,3.1,3.1
617.2,0.11057,0.12463,0.11415,0.15228,0.95926,0.95926,0.95926,0.54758,0.6112,0.5627,0.87635,0.88494,0.88039,0.90181,0.90056,0.15228,0.0,0.0,5e-06,5.65e-20,3.1,3.1
617.6,0.11594,0.13057,0.1196,0.15956,0.95936,0.95936,0.95936,0.57603,0.64445,0.5923,0.87279,0.87859,0.87566,0.90192,0.9004800000000001,0.15956,0.0,0.0,5e-06,5.65e-20,3.1,3.1
618.0,0.12127,0.13643,0.125,0.16677,0.95945,0.95945,0.95945,0.60448,0.67769,0.62189,0.86923,0.87225,0.87094,0.90204,0.9004,0.16677,0.0,0.0,5e-06,5.65e-20,3.1,3.1
618.4,0.12655,0.14219,0.13034,0.17389,0.95955,0.95955,0.95955,0.63293,0.71094,0.65149,0.86566,0.8659,0.86621,0.90215,0.90032,0.17389,0.0,0.0,5e-06,5.65e-20,3.1,3.1
618.8,0.13179,0.14786,0.13563,0.18093,0.95965,0.95965,0.95965,0.66138,0.74419,0.68109,0.8621,0.85955,0.86148,0.90226,0.90024,0.18093,0.0,0.0,5e-06,5.65e-20,3.1,3.1
619.2,0.12939,0.14593,0.13335,0.1779,0.95975,0.95975,0.95975,0.64803,0.73263,0.6682,0.86313,0.8611,0.86273,0.90238,0.90016,0.1779,0.0,0.0,5e-06,5.65e-20,3.1,3.1
619.6,0.12696,0.14458,0.13127,0.17512,0.95985,0.95985,0.95985,0.63129,0.71745,0.65187,0.86875,0.87055,0.86994,0.90249,0.90008,0.17512,0.0,0.0,5e-06,5.65e-20,3.1,3.1
620.0,0.12448,0.14316,0.12914,0.17228,0.95995,0.95995,0.95995,0.61455,0.70226,0.63553,0.87436,0.87999,0.87714,0.90261,0.9,0.17228,0.0,0.0,5e-06,5.65e-20,3.1,3.1
620.4,0.12197,0.14169,0.12696,0.16937,0.96005,0.96005,0.96005,0.59781,0.68707,0.6192,0.87998,0.88944,0.88435,0.90272,0.9,0.16937,0.0,0.0,5e-06,5.65e-20,3.1,3.1
620.8,0.11548,0.13556,0.12062,0.16091,0.96014,0.96014,0.96014,0.56266,0.65088,0.58385,0.88447,0.89753,0.89035,0.90283,0.9,0.16091,0.0,0.0,5e-06,5.65e-20,3.1,3.1
621.2,0.10595,0.12582,0.11109,0.1482,0.96024,0.96024,0.96024,0.5139,0.59917,0.53444,0.88784,0.90426,0.89513,0.90295,0.9,0.1482,0.0,0.0,5e-06,5.65e-20,3.1,3.1
621.6,0.096333,0.1159,0.10144,0.13531,0.96034,0.96034,0.96034,0.46513,0.54745,0.48503,0.89121,0.911,0.89992,0.90306,0.9,0.13531,0.0,0.0,5e-06,5.65e-20,3.1,3.1
622.0,0.086621,0.1058,0.091652,0.12226,0.96043,0.96043,0.96043,0.41637,0.49573,0.43563,0.89458,0.91773,0.9047,0.90317,0.9,0.12226,0.0,0.0,5e-06,5.65e-20,3.1,3.1
622.4,0.07683,0.095353,0.08171,0.109,0.96053,0.96053,0.96053,0.36762,0.44316,0.38602,0.89795,0.92447,0.90948,0.90329,0.9,0.109,0.0,0.0,5e-06,5.65e-20,3.1,3.1
622.8,0.066469,0.082826,0.070751,0.094378,0.96063,0.96063,0.96063,0.31894,0.38718,0.33561,0.8947,0.9184,0.90505,0.9034,0.9,0.094378,0.0,0.0,5e-06,5.65e-20,3.1,3.1
623.2,0.056161,0.070435,0.059874,0.079869,0.96072,0.96072,0.96072,0.27026,0.33119,0.28519,0.89145,0.91233,0.90062,0.90351,0.9,0.079869,0.0,0.0,5e-06,5.65e-20,3.1,3.1
623.6,0.04591,0.05818,0.049084,0.065474,0.96082,0.96082,0.96082,0.22158,0.2752,0.23478,0.88821,0.90625,0.89618,0.90363,0.9,0.065474,0.0,0.0,5e-06,5.65e-20,3.1,3.1
624.0,0.035718,0.046067,0.038382,0.051198,0.96091,0.96091,0.96091,0.17289,0.21922,0.18437,0.88496,0.90018,0.89175,0.90374,0.9,0.051198,0.0,0.0,5e-06,5.65e-20,3.1,3.1
624.4,0.11574,0.13235,0.11999,0.16006,0.96101,0.96101,0.96101,0.56188,0.6336,0.57883,0.88171,0.89411,0.88732,0.90386,0.9,0.16006,0.0,0.0,5e-06,5.65e-20,3.1,3.1
624.8,0.1211,0.1383,0.12544,0.16732,0.96111,0.96111,0.96111,0.5896,0.66608,0.60768,0.87846,0.88804,0.88289,0.90397,0.9,0.16732,0.0,0.0,5e-06,5.65e-20,3.1,3.1
625.2,0.12642,0.14416,0.13084,0.17452,0.9612,0.9612,0.9612,0.61732,0.69856,0.63653,0.87521,0.88197,0.87846,0.90408,0.89996,0.17452,0.0,0.0,5e-06,5.65e-20,3.1,3.1
625.6,0.13171,0.14994,0.13619,0.18166,0.9613,0.9613,0.9613,0.64505,0.73104,0.66538,0.87197,0.87589,0.87402,0.9042,0.89988,0.18166,0.0,0.0,5e-06,5.65e-20,3.1,3.1
626.0,0.13368,0.15237,0.13823,0.18439,0.9614,0.9614,0.9614,0.65515,0.74446,0.67628,0.87066,0.87331,0.87218,0.90431,0.8998,0.18439,0.0,0.0,5e-06,5.65e-20,3.1,3.1
626.4,0.13112,0.15072,0.13597,0.18137,0.96149,0.96149,0.96149,0.63884,0.7293,0.66027,0.87516,0.88121,0.8781,0.90442,0.8997200000000001,0.18137,0.0,0.0,5e-06,5.65e-20,3.1,3.1
626.8,0.12852,0.14902,0.13367,0.17829,0.96159,0.96159,0.96159,0.62252,0.71413,0.64426,0.87966,0.8891,0.88402,0.90454,0.89964,0.17829,0.0,0.0,5e-06,5.65e-20,3.1,3.1
627.2,0.12589,0.14725,0.13131,0.17515,0.96169,0.96169,0.96169,0.60621,0.69896,0.62824,0.88417,0.89699,0.88994,0.90465,0.89956,0.17515,0.0,0.0,5e-06,5.65e-20,3.1,3.1
627.6,0.12321,0.14543,0.12891,0.17194,0.96179,0.96179,0.96179,0.5899,0.6838,0.61223,0.88867,0.90489,0.89586,0.90477,0.8994800000000001,0.17194,0.0,0.0,5e-06,5.65e-20,3.1,3.1
628.0,0.1142,0.13613,0.11988,0.1599,0.96189,0.96189,0.96189,0.54436,0.63503,0.56598,0.89195,0.91144,0.90051,0.90488,0.8994,0.1599,0.0,0.0,5e-06,5.65e-20,3.1,3.1
628.4,0.10474,0.12623,0.11034,0.14718,0.96199,0.96199,0.96199,0.49729,0.58449,0.51815,0.89482,0.91754,0.90474,0.90499,0.89932,0.14718,0.0,0.0,5e-06,5.65e-20,3.1,3.1
628.8,0.095202,0.11617,0.1007,0.13431,0.9621,0.9621,0.9621,0.45022,0.53396,0.47031,0.89769,0.92365,0.90897,0.90511,0.89924,0.13431,0.0,0.0,5e-06,5.65e-20,3.1,3.1
629.2,0.085582,0.10595,0.090943,0.1213,0.9622,0.9622,0.9622,0.40315,0.48342,0.42247,0.90056,0.92975,0.9132,0.90522,0.89916,0.1213,0.0,0.0,5e-06,5.65e-20,3.1,3.1
629.6,0.075702,0.094779,0.080729,0.10767,0.96231,0.96231,0.96231,0.3558,0.4307,0.37388,0.90201,0.93293,0.91537,0.90533,0.89908,0.10767,0.0,0.0,5e-06,5.65e-20,3.1,3.1
630.0,0.065401,0.082202,0.069799,0.093095,0.96241,0.96241,0.96241,0.30813,0.37555,0.32446,0.8992,0.92731,0.91138,0.90545,0.899,0.093095,0.0,0.0,5e-06,5.65e-20,3.1,3.1
630.4,0.055147,0.069753,0.058946,0.07862,0.96252,0.96252,0.96252,0.26046,0.3204,0.27503,0.89639,0.92169,0.9074,0.90556,0.89892,0.07862,0.0,0.0,5e-06,5.65e-20,3.1,3.1
630.8,0.044944,0.057434,0.048173,0.06425,0.96263,0.96263,0.96263,0.2128,0.26526,0.2256,0.89358,0.91607,0.90341,0.90568,0.8988400000000001,0.06425,0.0,0.0,5e-06,5.65e-20,3.1,3.1
631.2,0.11323,0.13128,0.11793,0.15729,0.96273,0.96273,0.96273,0.53744,0.60967,0.55439,0.89078,0.91045,0.89942,0.90579,0.89876,0.15729,0.0,0.0,5e-06,5.65e-20,3.1,3.1
631.6,0.11861,0.13731,0.12343,0.16462,0.96284,0.96284,0.96284,0.56442,0.64119,0.58244,0.88797,0.90483,0.89543,0.9059,0.89868,0.16462,0.0,0.0,5e-06,5.65e-20,3.1,3.1
632.0,0.12397,0.14325,0.12888,0.17189,0.96295,0.96295,0.96295,0.59141,0.67271,0.61049,0.88516,0.89922,0.89144,0.90602,0.8986000000000001,0.17189,0.0,0.0,5e-06,5.65e-20,3.1,3.1
632.4,0.1293,0.14912,0.13428,0.17909,0.96307,0.96307,0.96307,0.61839,0.70422,0.63854,0.88235,0.8936,0.88745,0.90613,0.89852,0.17909,0.0,0.0,5e-06,5.65e-20,3.1,3.1
632.8,0.1346,0.15492,0.13964,0.18624,0.96318,0.96318,0.96318,0.64537,0.73574,0.66658,0.87954,0.88798,0.88346,0.90624,0.89844,0.18624,0.0,0.0,5e-06,5.65e-20,3.1,3.1
633.2,0.13615,0.1571,0.14135,0.18851,0.96329,0.96329,0.96329,0.652,0.74512,0.67387,0.88004,0.88858,0.884,0.90636,0.89836,0.18851,0.0,0.0,5e-06,5.65e-20,3.1,3.1
633.6,0.13349,0.1552,0.13894,0.1853,0.9634,0.9634,0.9634,0.63612,0.73002,0.6582,0.88383,0.89539,0.88906,0.90647,0.89828,0.1853,0.0,0.0,5e-06,5.65e-20,3.1,3.1
634.0,0.13081,0.15325,0.1365,0.18204,0.96351,0.96351,0.96351,0.62024,0.71491,0.64253,0.88763,0.9022,0.89411,0.90658,0.8982,0.18204,0.0,0.0,5e-06,5.65e-20,3.1,3.1
634.4,0.1281,0.15125,0.13402,0.17874,0.96362,0.96362,0.96362,0.60436,0.69981,0.62686,0.89143,0.90901,0.89917,0.9067,0.89812,0.17874,0.0,0.0,5e-06,5.65e-20,3.1,3.1
634.8,0.12535,0.14921,0.1315,0.17537,0.96374,0.96374,0.96374,0.58848,0.68471,0.61119,0.89522,0.91582,0.90423,0.90681,0.8980400000000001,0.17537,0.0,0.0,5e-06,5.65e-20,3.1,3.1
635.2,0.1167,0.14014,0.12278,0.16375,0.96385,0.96385,0.96385,0.5459,0.63878,0.56787,0.89779,0.92133,0.90803,0.90693,0.898,0.16375,0.0,0.0,5e-06,5.65e-20,3.1,3.1
635.6,0.1073,0.13012,0.11325,0.15104,0.96396,0.96396,0.96396,0.50036,0.58943,0.52148,0.89994,0.92641,0.91142,0.90704,0.898,0.15104,0.0,0.0,5e-06,5.65e-20,3.1,3.1
636.0,0.097836,0.11996,0.10364,0.13821,0.96407,0.96407,0.96407,0.45482,0.54008,0.47509,0.90209,0.93148,0.91481,0.90715,0.898,0.13821,0.0,0.0,5e-06,5.65e-20,3.1,3.1
636.4,0.088328,0.10969,0.093946,0.12529,0.96418,0.96418,0.96418,0.40928,0.49072,0.4287,0.90425,0.93656,0.91819,0.90727,0.898,0.12529,0.0,0.0,5e-06,5.65e-20,3.1,3.1
636.8,0.078679,0.098929,0.084021,0.11205,0.96429,0.96429,0.96429,0.36339,0.43981,0.38167,0.9064,0.94164,0.92158,0.90738,0.898,0.11205,0.0,0.0,5e-06,5.65e-20,3.1,3.1
637.2,0.068548,0.086567,0.073282,0.097728,0.9644,0.9644,0.9644,0.31677,0.38567,0.33329,0.90512,0.93883,0.91966,0.90749,0.898,0.097728,0.0,0.0,5e-06,5.65e-20,3.1,3.1
637.6,0.058353,0.074048,0.062447,0.083278,0.96451,0.96451,0.96451,0.27014,0.33153,0.28491,0.90268,0.93338,0.91596,0.90761,0.898,0.083278,0.0,0.0,5e-06,5.65e-20,3.1,3.1
638.0,0.048194,0.061647,0.051678,0.068917,0.96461,0.96461,0.96461,0.22352,0.27738,0.23653,0.90025,0.92794,0.91226,0.90772,0.898,0.068917,0.0,0.0,5e-06,5.65e-20,3.1,3.1
638.4,0.038073,0.049367,0.040978,0.054646,0.96472,0.96472,0.96472,0.1769,0.22324,0.18815,0.89782,0.92249,0.90856,0.90784,0.898,0.054646,0.0,0.0,5e-06,5.65e-20,3.1,3.1
638.8,0.11949,0.14008,0.12483,0.16646,0.96482,0.96482,0.96482,0.5562,0.63665,0.57497,0.89538,0.91705,0.90486,0.90795,0.898,0.16646,0.0,0.0,5e-06,5.65e-20,3.1,3.1
639.2,0.12485,0.14604,0.13029,0.17374,0.96493,0.96493,0.96493,0.58224,0.66708,0.60203,0.89295,0.9116,0.90116,0.90806,0.898,0.17374,0.0,0.0,5e-06,5.65e-20,3.1,3.1
639.6,0.1302,0.15192,0.13571,0.18097,0.96503,0.96503,0.96503,0.60828,0.69752,0.6291,0.89052,0.90616,0.89746,0.90818,0.898,0.18097,0.0,0.0,5e-06,5.65e-20,3.1,3.1
640.0,0.13553,0.15774,0.14109,0.18814,0.96513,0.96513,0.96513,0.63432,0.72796,0.65616,0.88808,0.90071,0.89376,0.90829,0.898,0.18814,0.0,0.0,5e-06,5.65e-20,3.1,3.1
640.4,0.14016,0.16305,0.14586,0.1945,0.96523,0.96523,0.96523,0.6562,0.75383,0.67897,0.88707,0.89826,0.89215,0.9084,0.89792,0.1945,0.0,0.0,5e-06,5.65e-20,3.1,3.1
640.8,0.13745,0.16107,0.14339,0.19121,0.96532,0.96532,0.96532,0.64056,0.73864,0.66346,0.89033,0.90479,0.89677,0.90852,0.8978400000000001,0.19121,0.0,0.0,5e-06,5.65e-20,3.1,3.1
641.2,0.1347,0.15903,0.14089,0.18787,0.96542,0.96542,0.96542,0.62493,0.72344,0.64796,0.89358,0.91132,0.90139,0.90863,0.89776,0.18787,0.0,0.0,5e-06,5.65e-20,3.1,3.1
641.6,0.13193,0.15695,0.13835,0.18448,0.96551,0.96551,0.96551,0.6093,0.70825,0.63245,0.89683,0.91785,0.90602,0.90875,0.89768,0.18448,0.0,0.0,5e-06,5.65e-20,3.1,3.1
642.0,0.12913,0.15481,0.13576,0.18104,0.9656,0.9656,0.9656,0.59367,0.69306,0.61695,0.90008,0.92438,0.91064,0.90886,0.8976000000000001,0.18104,0.0,0.0,5e-06,5.65e-20,3.1,3.1
642.4,0.12352,0.14927,0.13022,0.17364,0.96569,0.96569,0.96569,0.56583,0.66365,0.58877,0.90252,0.92989,0.91437,0.90897,0.89752,0.17364,0.0,0.0,5e-06,5.65e-20,3.1,3.1
642.8,0.11415,0.13913,0.12068,0.16092,0.96578,0.96578,0.96578,0.52147,0.61502,0.54346,0.90413,0.93438,0.9172,0.90909,0.89744,0.16092,0.0,0.0,5e-06,5.65e-20,3.1,3.1
643.2,0.10472,0.12886,0.11106,0.14809,0.96587,0.96587,0.96587,0.47711,0.56639,0.49814,0.90574,0.93887,0.92003,0.9092,0.89736,0.14809,0.0,0.0,5e-06,5.65e-20,3.1,3.1
643.6,0.095234,0.11846,0.10136,0.13515,0.96596,0.96596,0.96596,0.43275,0.51776,0.45283,0.90736,0.94337,0.92286,0.90931,0.89728,0.13515,0.0,0.0,5e-06,5.65e-20,3.1,3.1
644.0,0.0857,0.10794,0.091574,0.12211,0.96605,0.96605,0.96605,0.38839,0.46913,0.40752,0.90897,0.94786,0.9257,0.90943,0.8972,0.12211,0.0,0.0,5e-06,5.65e-20,3.1,3.1
644.4,0.075868,0.096311,0.081271,0.10837,0.96614,0.96614,0.96614,0.34328,0.41728,0.36085,0.90967,0.94999,0.92701,0.90954,0.89712,0.10837,0.0,0.0,5e-06,5.65e-20,3.1,3.1
644.8,0.065758,0.083761,0.070484,0.093984,0.96623,0.96623,0.96623,0.29794,0.36449,0.31379,0.90764,0.94505,0.92375,0.90966,0.8970400000000001,0.093984,0.0,0.0,5e-06,5.65e-20,3.1,3.1
645.2,0.055674,0.071313,0.05975,0.079671,0.96632,0.96632,0.96632,0.25261,0.3117,0.26673,0.90561,0.94011,0.92049,0.90977,0.89696,0.079671,0.0,0.0,5e-06,5.65e-20,3.1,3.1
645.6,0.045616,0.058969,0.049071,0.065431,0.96641,0.96641,0.96641,0.20728,0.25891,0.21966,0.90358,0.93516,0.91723,0.90988,0.89688,0.065431,0.0,0.0,5e-06,5.65e-20,3.1,3.1
646.0,0.11822,0.1402,0.124,0.16534,0.9665,0.9665,0.9665,0.538,0.61835,0.55663,0.90156,0.93022,0.91397,0.91,0.8968,0.16534,0.0,0.0,5e-06,5.65e-20,3.1,3.1
646.4,0.12359,0.14622,0.12948,0.17264,0.96659,0.96659,0.96659,0.56324,0.64786,0.58285,0.89953,0.92528,0.91072,0.91011,0.8967200000000001,0.17264,0.0,0.0,5e-06,5.65e-20,3.1,3.1
646.8,0.12893,0.15218,0.13492,0.1799,0.96668,0.96668,0.96668,0.58847,0.67736,0.60906,0.8975,0.92033,0.90746,0.91022,0.89664,0.1799,0.0,0.0,5e-06,5.65e-20,3.1,3.1
647.2,0.13425,0.15807,0.14033,0.18711,0.96677,0.96677,0.96677,0.6137,0.70686,0.63528,0.89547,0.91539,0.9042,0.91034,0.89656,0.18711,0.0,0.0,5e-06,5.65e-20,3.1,3.1
647.6,0.13954,0.16388,0.14568,0.19425,0.96687,0.96687,0.96687,0.63894,0.73637,0.6615,0.89344,0.91045,0.90094,0.91045,0.89648,0.19425,0.0,0.0,5e-06,5.65e-20,3.1,3.1
648.0,0.14248,0.16786,0.14891,0.19855,0.96696,0.96696,0.96696,0.65097,0.75136,0.67423,0.89481,0.91334,0.90295,0.91056,0.8964,0.19855,0.0,0.0,5e-06,5.65e-20,3.1,3.1
648.4,0.1396,0.16558,0.14624,0.19499,0.96706,0.96706,0.96706,0.63558,0.73622,0.65892,0.89732,0.91884,0.90672,0.91068,0.89632,0.19499,0.0,0.0,5e-06,5.65e-20,3.1,3.1
648.8,0.13669,0.16326,0.14354,0.19138,0.96716,0.96716,0.96716,0.6202,0.72109,0.64362,0.89982,0.92434,0.91048,0.91079,0.89624,0.19138,0.0,0.0,5e-06,5.65e-20,3.1,3.1
649.2,0.13377,0.1609,0.1408,0.18773,0.96726,0.96726,0.96726,0.60481,0.70595,0.62832,0.90233,0.92984,0.91424,0.91091,0.89616,0.18773,0.0,0.0,5e-06,5.65e-20,3.1,3.1
649.6,0.13082,0.15849,0.13804,0.18404,0.96736,0.96736,0.96736,0.58942,0.69081,0.61302,0.90484,0.93534,0.91801,0.91102,0.89608,0.18404,0.0,0.0,5e-06,5.65e-20,3.1,3.1
650.0,0.1244,0.15184,0.13159,0.17545,0.96746,0.96746,0.96746,0.55898,0.65804,0.58207,0.90666,0.94003,0.92104,0.91113,0.896,0.17545,0.0,0.0,5e-06,5.65e-20,3.1,3.1
650.4,0.11511,0.14162,0.12209,0.16278,0.96757,0.96757,0.96757,0.51622,0.61085,0.53831,0.90779,0.9439,0.92333,0.91125,0.89592,0.16278,0.0,0.0,5e-06,5.65e-20,3.1,3.1
650.8,0.10578,0.13131,0.11252,0.15002,0.96768,0.96768,0.96768,0.47347,0.56366,0.49456,0.90893,0.94778,0.92563,0.91136,0.8958400000000001,0.15002,0.0,0.0,5e-06,5.65e-20,3.1,3.1
651.2,0.096407,0.12088,0.10289,0.13717,0.96779,0.96779,0.96779,0.43071,0.51646,0.45081,0.91007,0.95166,0.92792,0.91147,0.89576,0.13717,0.0,0.0,5e-06,5.65e-20,3.1,3.1
651.6,0.086996,0.11035,0.093184,0.12424,0.9679,0.9679,0.9679,0.38795,0.46927,0.40705,0.9112,0.95553,0.93022,0.91159,0.89568,0.12424,0.0,0.0,5e-06,5.65e-20,3.1,3.1
652.0,0.077283,0.098901,0.083026,0.11069,0.96801,0.96801,0.96801,0.344,0.41863,0.36157,0.91234,0.95941,0.93251,0.9117,0.8956000000000001,0.11069,0.0,0.0,5e-06,5.65e-20,3.1,3.1
652.4,0.067263,0.086368,0.072304,0.096398,0.96813,0.96813,0.96813,0.29971,0.36699,0.31559,0.91074,0.95503,0.92973,0.91182,0.89552,0.096398,0.0,0.0,5e-06,5.65e-20,3.1,3.1
652.8,0.057263,0.073928,0.061629,0.082165,0.96824,0.96824,0.96824,0.25542,0.31536,0.26961,0.90914,0.95064,0.92696,0.91193,0.89544,0.082165,0.0,0.0,5e-06,5.65e-20,3.1,3.1
653.2,0.047282,0.061581,0.051,0.067994,0.96836,0.96836,0.96836,0.21112,0.26372,0.22362,0.90754,0.94626,0.92418,0.91204,0.89536,0.067994,0.0,0.0,5e-06,5.65e-20,3.1,3.1
653.6,0.037321,0.049326,0.040418,0.053885,0.96847,0.96847,0.96847,0.16683,0.21208,0.17764,0.90594,0.94188,0.92141,0.91216,0.89528,0.053885,0.0,0.0,5e-06,5.65e-20,3.1,3.1
654.0,0.12485,0.14963,0.13137,0.17514,0.96859,0.96859,0.96859,0.55869,0.64594,0.57875,0.90435,0.93749,0.91863,0.91227,0.8952,0.17514,0.0,0.0,5e-06,5.65e-20,3.1,3.1
654.4,0.13016,0.15568,0.13682,0.18241,0.96871,0.96871,0.96871,0.58311,0.67473,0.60416,0.90275,0.93311,0.91586,0.91238,0.89512,0.18241,0.0,0.0,5e-06,5.65e-20,3.1,3.1
654.8,0.13546,0.16167,0.14224,0.18963,0.96883,0.96883,0.96883,0.60752,0.70351,0.62957,0.90115,0.92873,0.91308,0.9125,0.8950400000000001,0.18963,0.0,0.0,5e-06,5.65e-20,3.1,3.1
655.2,0.14075,0.1676,0.14763,0.19682,0.96894,0.96894,0.96894,0.63194,0.7323,0.65498,0.89955,0.92434,0.91031,0.91261,0.895,0.19682,0.0,0.0,5e-06,5.65e-20,3.1,3.1
655.6,0.14544,0.17337,0.15259,0.20343,0.96906,0.96906,0.96906,0.65239,0.75673,0.67634,0.89977,0.92465,0.91056,0.91273,0.895,0.20343,0.0,0.0,5e-06,5.65e-20,3.1,3.1
656.0,0.14247,0.17101,0.14983,0.19974,0.96917,0.96917,0.96917,0.63722,0.74192,0.66128,0.90181,0.92965,0.91385,0.91284,0.895,0.19974,0.0,0.0,5e-06,5.65e-20,3.1,3.1
656.4,0.13951,0.16863,0.14706,0.19605,0.96929,0.96929,0.96929,0.62204,0.72712,0.64621,0.90385,0.93465,0.91714,0.91295,0.895,0.19605,0.0,0.0,5e-06,5.65e-20,3.1,3.1
656.8,0.13653,0.16622,0.14427,0.19233,0.9694,0.9694,0.9694,0.60687,0.71231,0.63114,0.9059,0.93965,0.92043,0.91307,0.895,0.19233,0.0,0.0,5e-06,5.65e-20,3.1,3.1
657.2,0.13352,0.16376,0.14143,0.18855,0.96951,0.96951,0.96951,0.59169,0.6975,0.61608,0.90794,0.94465,0.92371,0.91318,0.895,0.18855,0.0,0.0,5e-06,5.65e-20,3.1,3.1
657.6,0.1291,0.15951,0.13709,0.18276,0.96963,0.96963,0.96963,0.57063,0.67567,0.59487,0.90964,0.94918,0.92661,0.91328,0.895,0.18276,0.0,0.0,5e-06,5.65e-20,3.1,3.1
658.0,0.11993,0.14923,0.12765,0.17018,0.96973,0.96973,0.96973,0.52931,0.62963,0.5525,0.91032,0.95229,0.92832,0.91338,0.895,0.17018,0.0,0.0,5e-06,5.65e-20,3.1,3.1
658.4,0.11074,0.13888,0.11818,0.15754,0.96984,0.96984,0.96984,0.48799,0.58359,0.51012,0.911,0.9554,0.93003,0.91349,0.895,0.15754,0.0,0.0,5e-06,5.65e-20,3.1,3.1
658.8,0.10151,0.12844,0.10864,0.14483,0.96995,0.96995,0.96995,0.44667,0.53755,0.46775,0.91169,0.95851,0.93174,0.91359,0.895,0.14483,0.0,0.0,5e-06,5.65e-20,3.1,3.1
659.2,0.092264,0.11791,0.099061,0.13206,0.97005,0.97005,0.97005,0.40535,0.49151,0.42538,0.91237,0.96162,0.93345,0.91369,0.895,0.13206,0.0,0.0,5e-06,5.65e-20,3.1,3.1
659.6,0.082853,0.10695,0.089243,0.11897,0.97015,0.97015,0.97015,0.36346,0.44402,0.38223,0.91305,0.96474,0.93517,0.91379,0.895,0.11897,0.0,0.0,5e-06,5.65e-20,3.1,3.1
660.0,0.073102,0.094987,0.078905,0.10519,0.97024,0.97024,0.97024,0.32036,0.39351,0.33745,0.91326,0.96608,0.93586,0.9139,0.895,0.10519,0.0,0.0,5e-06,5.65e-20,3.1,3.1
660.4,0.063235,0.082522,0.068315,0.091067,0.97034,0.97034,0.97034,0.27727,0.34301,0.29267,0.91205,0.96211,0.93348,0.914,0.89492,0.091067,0.0,0.0,5e-06,5.65e-20,3.1,3.1
660.8,0.053378,0.070136,0.057759,0.076996,0.97043,0.97043,0.97043,0.23418,0.29251,0.24789,0.91084,0.95814,0.9311,0.9141,0.8948400000000001,0.076996,0.0,0.0,5e-06,5.65e-20,3.1,3.1
661.2,0.043531,0.057831,0.047241,0.062974,0.97051,0.97051,0.97051,0.19109,0.24201,0.20311,0.90963,0.95417,0.92872,0.91421,0.89476,0.062974,0.0,0.0,5e-06,5.65e-20,3.1,3.1
661.6,0.12389,0.15035,0.13094,0.17454,0.9706,0.9706,0.9706,0.54413,0.63133,0.56397,0.90842,0.9502,0.92634,0.91431,0.89468,0.17454,0.0,0.0,5e-06,5.65e-20,3.1,3.1
662.0,0.12919,0.15652,0.13641,0.18184,0.97068,0.97068,0.97068,0.56777,0.65948,0.58863,0.90721,0.94623,0.92396,0.91441,0.8946000000000001,0.18184,0.0,0.0,5e-06,5.65e-20,3.1,3.1
662.4,0.13449,0.16263,0.14187,0.18911,0.97076,0.97076,0.97076,0.59142,0.68763,0.6133,0.906,0.94226,0.92158,0.91451,0.89452,0.18911,0.0,0.0,5e-06,5.65e-20,3.1,3.1
662.8,0.13978,0.16869,0.1473,0.19635,0.97084,0.97084,0.97084,0.61506,0.71578,0.63797,0.90479,0.93829,0.9192,0.91462,0.89444,0.19635,0.0,0.0,5e-06,5.65e-20,3.1,3.1
663.2,0.14507,0.17472,0.15271,0.20356,0.97092,0.97092,0.97092,0.6387,0.74393,0.66264,0.90358,0.93432,0.91682,0.91472,0.89436,0.20356,0.0,0.0,5e-06,5.65e-20,3.1,3.1
663.6,0.14707,0.17799,0.15508,0.20672,0.97099,0.97099,0.97099,0.64595,0.75399,0.67053,0.90504,0.9384,0.91939,0.91482,0.89428,0.20672,0.0,0.0,5e-06,5.65e-20,3.1,3.1
664.0,0.144,0.17548,0.1522,0.20288,0.97107,0.97107,0.97107,0.631,0.73956,0.65573,0.9065,0.94249,0.92195,0.91492,0.8942,0.20288,0.0,0.0,5e-06,5.65e-20,3.1,3.1
664.4,0.14092,0.17292,0.14928,0.19899,0.97114,0.97114,0.97114,0.61605,0.72514,0.64093,0.90796,0.94657,0.92452,0.91503,0.89412,0.19899,0.0,0.0,5e-06,5.65e-20,3.1,3.1
664.8,0.13781,0.17033,0.14634,0.19506,0.97121,0.97121,0.97121,0.6011,0.71071,0.62613,0.90942,0.95065,0.92709,0.91513,0.8940400000000001,0.19506,0.0,0.0,5e-06,5.65e-20,3.1,3.1
665.2,0.1347,0.16771,0.14338,0.19111,0.97128,0.97128,0.97128,0.58615,0.69629,0.61133,0.91088,0.95474,0.92965,0.91523,0.89396,0.19111,0.0,0.0,5e-06,5.65e-20,3.1,3.1
665.6,0.12919,0.162,0.13784,0.18374,0.97135,0.97135,0.97135,0.56107,0.66951,0.58589,0.91206,0.95846,0.9319,0.91533,0.89388,0.18374,0.0,0.0,5e-06,5.65e-20,3.1,3.1
666.0,0.12004,0.15156,0.12837,0.17111,0.97142,0.97142,0.97142,0.52078,0.6242,0.54449,0.91237,0.96108,0.9332,0.91544,0.8938,0.17111,0.0,0.0,5e-06,5.65e-20,3.1,3.1
666.4,0.11087,0.14104,0.11886,0.15843,0.97149,0.97149,0.97149,0.4805,0.57889,0.50309,0.91269,0.9637,0.9345,0.91554,0.8937200000000001,0.15843,0.0,0.0,5e-06,5.65e-20,3.1,3.1
666.8,0.10168,0.13044,0.1093,0.14569,0.97155,0.97155,0.97155,0.44021,0.53358,0.4617,0.913,0.96632,0.93579,0.91564,0.89364,0.14569,0.0,0.0,5e-06,5.65e-20,3.1,3.1
667.2,0.092465,0.11976,0.099703,0.13289,0.97162,0.97162,0.97162,0.39993,0.48827,0.4203,0.91332,0.96894,0.93709,0.91575,0.89356,0.13289,0.0,0.0,5e-06,5.65e-20,3.1,3.1
667.6,0.083083,0.10861,0.089856,0.11977,0.97169,0.97169,0.97169,0.35899,0.44133,0.37802,0.91363,0.97156,0.93839,0.91585,0.89348,0.11977,0.0,0.0,5e-06,5.65e-20,3.1,3.1
668.0,0.073434,0.096633,0.079586,0.10608,0.97176,0.97176,0.97176,0.31708,0.39194,0.33442,0.91368,0.97268,0.93889,0.91595,0.8934,0.10608,0.0,0.0,5e-06,5.65e-20,3.1,3.1
668.4,0.063716,0.084219,0.069118,0.092126,0.97183,0.97183,0.97183,0.27517,0.34256,0.29082,0.9129,0.96928,0.937,0.91605,0.89332,0.092126,0.0,0.0,5e-06,5.65e-20,3.1,3.1
668.8,0.054002,0.071874,0.058678,0.078209,0.9719,0.9719,0.9719,0.23325,0.29317,0.24722,0.91213,0.96588,0.93511,0.91616,0.89324,0.078209,0.0,0.0,5e-06,5.65e-20,3.1,3.1
669.2,0.044289,0.059595,0.048263,0.064328,0.97197,0.97197,0.97197,0.19134,0.24379,0.20362,0.91136,0.96248,0.93322,0.91626,0.89316,0.064328,0.0,0.0,5e-06,5.65e-20,3.1,3.1
669.6,0.12581,0.15462,0.13352,0.17796,0.97204,0.97204,0.97204,0.54364,0.63435,0.56411,0.91058,0.95909,0.93133,0.91636,0.89308,0.17796,0.0,0.0,5e-06,5.65e-20,3.1,3.1
670.0,0.13104,0.16079,0.13894,0.18519,0.97211,0.97211,0.97211,0.56637,0.66158,0.58785,0.90981,0.95569,0.92944,0.91646,0.893,0.18519,0.0,0.0,5e-06,5.65e-20,3.1,3.1
670.4,0.13627,0.16692,0.14436,0.19241,0.97218,0.97218,0.97218,0.58909,0.68881,0.61158,0.90904,0.95229,0.92755,0.91657,0.89292,0.19241,0.0,0.0,5e-06,5.65e-20,3.1,3.1
670.8,0.14151,0.17302,0.14976,0.1996,0.97226,0.97226,0.97226,0.61181,0.71604,0.63532,0.90826,0.94889,0.92566,0.91667,0.8928400000000001,0.1996,0.0,0.0,5e-06,5.65e-20,3.1,3.1
671.2,0.14674,0.17908,0.15514,0.20677,0.97233,0.97233,0.97233,0.63454,0.74327,0.65906,0.90749,0.94549,0.92377,0.91677,0.89276,0.20677,0.0,0.0,5e-06,5.65e-20,3.1,3.1
671.6,0.15012,0.18394,0.15895,0.21185,0.97241,0.97241,0.97241,0.64805,0.76024,0.67336,0.9085,0.94891,0.9258,0.91687,0.89268,0.21185,0.0,0.0,5e-06,5.65e-20,3.1,3.1
672.0,0.1471,0.18136,0.15608,0.20802,0.97248,0.97248,0.97248,0.63393,0.74644,0.65934,0.90951,0.95232,0.92782,0.91698,0.8926000000000001,0.20802,0.0,0.0,5e-06,5.65e-20,3.1,3.1
672.4,0.14407,0.17875,0.15318,0.20416,0.97256,0.97256,0.97256,0.61981,0.73264,0.64532,0.91051,0.95574,0.92985,0.91708,0.89252,0.20416,0.0,0.0,5e-06,5.65e-20,3.1,3.1
672.8,0.14102,0.17611,0.15027,0.20027,0.97264,0.97264,0.97264,0.60569,0.71883,0.6313,0.91152,0.95916,0.93188,0.91718,0.89244,0.20027,0.0,0.0,5e-06,5.65e-20,3.1,3.1
673.2,0.13796,0.17344,0.14733,0.19636,0.97272,0.97272,0.97272,0.59157,0.70503,0.61728,0.91253,0.96257,0.9339,0.91728,0.89236,0.19636,0.0,0.0,5e-06,5.65e-20,3.1,3.1
673.6,0.13429,0.16997,0.14373,0.19156,0.9728,0.9728,0.9728,0.57485,0.68808,0.60054,0.91354,0.96599,0.93593,0.91739,0.89228,0.19156,0.0,0.0,5e-06,5.65e-20,3.1,3.1
674.0,0.125,0.1592,0.13406,0.17867,0.97288,0.97288,0.97288,0.5348,0.64278,0.55933,0.9135,0.96799,0.93676,0.91749,0.8922,0.17867,0.0,0.0,5e-06,5.65e-20,3.1,3.1
674.4,0.11569,0.14835,0.12436,0.16573,0.97296,0.97296,0.97296,0.49475,0.59748,0.51812,0.91346,0.96998,0.93759,0.91759,0.89212,0.16573,0.0,0.0,5e-06,5.65e-20,3.1,3.1
674.8,0.10637,0.13745,0.11462,0.15276,0.97304,0.97304,0.97304,0.4547,0.55218,0.47692,0.91342,0.97198,0.93842,0.9177,0.89204,0.15276,0.0,0.0,5e-06,5.65e-20,3.1,3.1
675.2,0.097043,0.1265,0.10486,0.13975,0.97312,0.97312,0.97312,0.41464,0.50687,0.43571,0.91339,0.97397,0.93925,0.9178,0.89196,0.13975,0.0,0.0,5e-06,5.65e-20,3.1,3.1
675.6,0.087706,0.11548,0.095071,0.1267,0.9732,0.9732,0.9732,0.37459,0.46157,0.3945,0.91335,0.97597,0.94008,0.9179,0.89188,0.1267,0.0,0.0,5e-06,5.65e-20,3.1,3.1
676.0,0.078156,0.10362,0.084917,0.11317,0.97328,0.97328,0.97328,0.33366,0.41313,0.35189,0.91331,0.97796,0.94091,0.918,0.8918,0.11317,0.0,0.0,5e-06,5.65e-20,3.1,3.1
676.4,0.068573,0.091434,0.074625,0.099453,0.97336,0.97336,0.97336,0.29271,0.36461,0.30924,0.91311,0.97744,0.94058,0.91811,0.8917200000000001,0.099453,0.0,0.0,5e-06,5.65e-20,3.1,3.1
676.8,0.058976,0.079048,0.064253,0.085629,0.97343,0.97343,0.97343,0.25176,0.31608,0.26659,0.91274,0.9744,0.93907,0.91821,0.89164,0.085629,0.0,0.0,5e-06,5.65e-20,3.1,3.1
677.2,0.04938,0.066728,0.053907,0.07184,0.97351,0.97351,0.97351,0.21081,0.26756,0.22394,0.91237,0.97136,0.93756,0.91831,0.89156,0.07184,0.0,0.0,5e-06,5.65e-20,3.1,3.1
677.6,0.039785,0.054475,0.043586,0.058086,0.97359,0.97359,0.97359,0.16985,0.21904,0.1813,0.912,0.96832,0.93605,0.91841,0.89148,0.058086,0.0,0.0,5e-06,5.65e-20,3.1,3.1
678.0,0.13068,0.16301,0.13932,0.18566,0.97366,0.97366,0.97366,0.55795,0.6573,0.58023,0.91163,0.96529,0.93454,0.91852,0.8914,0.18566,0.0,0.0,5e-06,5.65e-20,3.1,3.1
678.4,0.13581,0.16914,0.14465,0.19278,0.97374,0.97374,0.97374,0.57997,0.68402,0.6033,0.91126,0.96225,0.93303,0.91862,0.89132,0.19278,0.0,0.0,5e-06,5.65e-20,3.1,3.1
678.8,0.14094,0.17523,0.14998,0.19986,0.97381,0.97381,0.97381,0.60199,0.71074,0.62637,0.91089,0.95921,0.93153,0.91872,0.89124,0.19986,0.0,0.0,5e-06,5.65e-20,3.1,3.1
679.2,0.14607,0.18128,0.15528,0.20693,0.97388,0.97388,0.97388,0.62401,0.73747,0.64945,0.91052,0.95617,0.93002,0.91882,0.89116,0.20693,0.0,0.0,5e-06,5.65e-20,3.1,3.1
679.6,0.15131,0.18814,0.16095,0.21449,0.97395,0.97395,0.97395,0.64603,0.76419,0.67252,0.91086,0.95746,0.93076,0.91893,0.89108,0.21449,0.0,0.0,5e-06,5.65e-20,3.1,3.1
680.0,0.15176,0.18959,0.1617,0.21548,0.97402,0.97402,0.97402,0.64745,0.76775,0.67444,0.91144,0.9602,0.93226,0.91903,0.891,0.21548,0.0,0.0,5e-06,5.65e-20,3.1,3.1
680.4,0.14863,0.18678,0.15867,0.21145,0.97409,0.97409,0.97409,0.63364,0.75419,0.66071,0.91202,0.96294,0.93375,0.91913,0.89092,0.21145,0.0,0.0,5e-06,5.65e-20,3.1,3.1
680.8,0.14549,0.18395,0.15563,0.20739,0.97415,0.97415,0.97415,0.61983,0.74063,0.64698,0.91259,0.96568,0.93525,0.91924,0.8908400000000001,0.20739,0.0,0.0,5e-06,5.65e-20,3.1,3.1
681.2,0.14235,0.18112,0.15258,0.20333,0.97422,0.97422,0.97422,0.60601,0.72707,0.63325,0.91317,0.96843,0.93674,0.91934,0.89076,0.20333,0.0,0.0,5e-06,5.65e-20,3.1,3.1
681.6,0.13921,0.17827,0.14954,0.19927,0.97428,0.97428,0.97428,0.5922,0.71351,0.61952,0.91375,0.97117,0.93824,0.91944,0.89068,0.19927,0.0,0.0,5e-06,5.65e-20,3.1,3.1
682.0,0.13407,0.17279,0.14431,0.19231,0.97434,0.97434,0.97434,0.57001,0.68972,0.59699,0.91409,0.97361,0.93948,0.91954,0.8906000000000001,0.19231,0.0,0.0,5e-06,5.65e-20,3.1,3.1
682.4,0.12472,0.16177,0.13454,0.17928,0.9744,0.9744,0.9744,0.53042,0.64466,0.5562,0.91374,0.97516,0.93994,0.91965,0.89052,0.17928,0.0,0.0,5e-06,5.65e-20,3.1,3.1
682.8,0.11538,0.15072,0.12475,0.16623,0.97446,0.97446,0.97446,0.49082,0.5996,0.51541,0.9134,0.97672,0.94041,0.91975,0.89044,0.16623,0.0,0.0,5e-06,5.65e-20,3.1,3.1
683.2,0.10605,0.13964,0.11494,0.15317,0.97452,0.97452,0.97452,0.45123,0.55454,0.47462,0.91305,0.97827,0.94088,0.91985,0.89036,0.15317,0.0,0.0,5e-06,5.65e-20,3.1,3.1
683.6,0.096719,0.12851,0.10513,0.1401,0.97458,0.97458,0.97458,0.41163,0.50949,0.43383,0.9127,0.97982,0.94134,0.91995,0.89028,0.1401,0.0,0.0,5e-06,5.65e-20,3.1,3.1
684.0,0.087387,0.1173,0.095291,0.12698,0.97464,0.97464,0.97464,0.37201,0.46422,0.39297,0.91235,0.98138,0.94181,0.92006,0.8902,0.12698,0.0,0.0,5e-06,5.65e-20,3.1,3.1
684.4,0.077972,0.10539,0.085223,0.11356,0.97469,0.97469,0.97469,0.332,0.41637,0.35121,0.912,0.98293,0.94228,0.92016,0.89012,0.11356,0.0,0.0,5e-06,5.65e-20,3.1,3.1
684.8,0.068576,0.093252,0.075082,0.10005,0.97475,0.97475,0.97475,0.29199,0.36851,0.30946,0.91187,0.9825,0.94202,0.92026,0.89004,0.10005,0.0,0.0,5e-06,5.65e-20,3.1,3.1
685.2,0.059197,0.080959,0.064897,0.086476,0.9748,0.9748,0.9748,0.25198,0.32066,0.26771,0.91195,0.98009,0.94103,0.92036,0.88996,0.086476,0.0,0.0,5e-06,5.65e-20,3.1,3.1
685.6,0.049813,0.068723,0.05473,0.072928,0.97486,0.97486,0.97486,0.21197,0.2728,0.22595,0.91204,0.97768,0.94005,0.92047,0.88988,0.072928,0.0,0.0,5e-06,5.65e-20,3.1,3.1
686.0,0.040424,0.056541,0.04458,0.059402,0.97491,0.97491,0.97491,0.17196,0.22495,0.1842,0.91212,0.97527,0.93906,0.92057,0.8898,0.059402,0.0,0.0,5e-06,5.65e-20,3.1,3.1
686.4,0.13059,0.16399,0.13956,0.18597,0.97497,0.97497,0.97497,0.55529,0.65386,0.57709,0.9122,0.97286,0.93807,0.92067,0.8897200000000001,0.18597,0.0,0.0,5e-06,5.65e-20,3.1,3.1
686.8,0.13571,0.17033,0.14495,0.19314,0.97502,0.97502,0.97502,0.57685,0.68058,0.59979,0.91228,0.97045,0.93709,0.92078,0.88964,0.19314,0.0,0.0,5e-06,5.65e-20,3.1,3.1
687.2,0.14085,0.17664,0.15033,0.20031,0.97508,0.97508,0.97508,0.5984,0.70731,0.62249,0.91237,0.96804,0.9361,0.92088,0.88956,0.20031,0.0,0.0,5e-06,5.65e-20,3.1,3.1
687.6,0.14599,0.18293,0.15571,0.20747,0.97513,0.97513,0.97513,0.61995,0.73403,0.64518,0.91245,0.96563,0.93512,0.92098,0.88948,0.20747,0.0,0.0,5e-06,5.65e-20,3.1,3.1
688.0,0.15115,0.18987,0.16134,0.21498,0.97519,0.97519,0.97519,0.64151,0.76076,0.66788,0.91263,0.96668,0.93567,0.92108,0.8894,0.21498,0.0,0.0,5e-06,5.65e-20,3.1,3.1
688.4,0.15308,0.19315,0.16364,0.21805,0.97524,0.97524,0.97524,0.64919,0.77173,0.67631,0.91284,0.96889,0.93673,0.92119,0.88932,0.21805,0.0,0.0,5e-06,5.65e-20,3.1,3.1
688.8,0.15009,0.19051,0.16077,0.21421,0.9753,0.9753,0.9753,0.63607,0.75909,0.66332,0.91306,0.97109,0.93779,0.92129,0.88924,0.21421,0.0,0.0,5e-06,5.65e-20,3.1,3.1
689.2,0.14712,0.18788,0.15789,0.21038,0.97536,0.97536,0.97536,0.62294,0.74645,0.65033,0.91327,0.9733,0.93885,0.92139,0.88916,0.21038,0.0,0.0,5e-06,5.65e-20,3.1,3.1
689.6,0.14416,0.18524,0.15502,0.20656,0.97541,0.97541,0.97541,0.60982,0.73381,0.63734,0.91348,0.9755,0.93991,0.92149,0.88908,0.20656,0.0,0.0,5e-06,5.65e-20,3.1,3.1
690.0,0.14119,0.18259,0.15214,0.20272,0.97547,0.97547,0.97547,0.59669,0.72116,0.62436,0.9137,0.97771,0.94097,0.9216,0.889,0.20272,0.0,0.0,5e-06,5.65e-20,3.1,3.1
690.4,0.13821,0.17992,0.14925,0.19887,0.97553,0.97553,0.97553,0.58357,0.70852,0.61137,0.91391,0.97991,0.94203,0.9217,0.88892,0.19887,0.0,0.0,5e-06,5.65e-20,3.1,3.1
690.8,0.12905,0.16903,0.13963,0.18605,0.97559,0.97559,0.97559,0.54484,0.66442,0.57149,0.9133,0.98098,0.94214,0.9218,0.8888400000000001,0.18605,0.0,0.0,5e-06,5.65e-20,3.1,3.1
691.2,0.11989,0.15811,0.13,0.17322,0.97565,0.97565,0.97565,0.50612,0.62032,0.53161,0.91268,0.98206,0.94226,0.9219,0.88876,0.17322,0.0,0.0,5e-06,5.65e-20,3.1,3.1
691.6,0.11073,0.14715,0.12037,0.16038,0.97571,0.97571,0.97571,0.46739,0.57622,0.49173,0.91207,0.98313,0.94237,0.92201,0.88868,0.16038,0.0,0.0,5e-06,5.65e-20,3.1,3.1
692.0,0.10157,0.13615,0.11071,0.14751,0.97577,0.97577,0.97577,0.42866,0.53212,0.45185,0.91145,0.98421,0.94248,0.92211,0.8886000000000001,0.14751,0.0,0.0,5e-06,5.65e-20,3.1,3.1
692.4,0.092415,0.12511,0.10104,0.13462,0.97583,0.97583,0.97583,0.38993,0.48802,0.41197,0.91084,0.98528,0.9426,0.92221,0.88852,0.13462,0.0,0.0,5e-06,5.65e-20,3.1,3.1
692.8,0.0832,0.11356,0.091205,0.12152,0.9759,0.9759,0.9759,0.35099,0.4421,0.3715,0.91023,0.98636,0.94271,0.92231,0.88844,0.12152,0.0,0.0,5e-06,5.65e-20,3.1,3.1
693.2,0.07395,0.10169,0.081262,0.10827,0.97596,0.97596,0.97596,0.31191,0.39509,0.33067,0.90961,0.98743,0.94282,0.92242,0.88836,0.10827,0.0,0.0,5e-06,5.65e-20,3.1,3.1
693.6,0.064756,0.089556,0.071262,0.094945,0.97602,0.97602,0.97602,0.27283,0.34809,0.28985,0.90987,0.98626,0.94247,0.92252,0.88828,0.094945,0.0,0.0,5e-06,5.65e-20,3.1,3.1
694.0,0.05556,0.077375,0.061243,0.081596,0.97608,0.97608,0.97608,0.23375,0.30108,0.24903,0.91042,0.98434,0.94195,0.92262,0.8882,0.081596,0.0,0.0,5e-06,5.65e-20,3.1,3.1
694.4,0.046335,0.065218,0.051216,0.068236,0.97614,0.97614,0.97614,0.19467,0.25407,0.20821,0.91096,0.98243,0.94144,0.92273,0.88812,0.068236,0.0,0.0,5e-06,5.65e-20,3.1,3.1
694.8,0.12887,0.16444,0.13845,0.18446,0.9762,0.9762,0.9762,0.54068,0.64136,0.56271,0.91151,0.98051,0.94093,0.92283,0.88804,0.18446,0.0,0.0,5e-06,5.65e-20,3.1,3.1
695.2,0.13409,0.17095,0.14396,0.19179,0.97626,0.97626,0.97626,0.56182,0.66753,0.58495,0.91206,0.97859,0.94041,0.92293,0.88796,0.19179,0.0,0.0,5e-06,5.65e-20,3.1,3.1
695.6,0.13933,0.17743,0.14946,0.19913,0.97632,0.97632,0.97632,0.58297,0.6937,0.6072,0.9126,0.97668,0.9399,0.92303,0.88788,0.19913,0.0,0.0,5e-06,5.65e-20,3.1,3.1
696.0,0.14458,0.1839,0.15497,0.20646,0.97638,0.97638,0.97638,0.60412,0.71987,0.62945,0.91315,0.97476,0.93939,0.92314,0.8878,0.20646,0.0,0.0,5e-06,5.65e-20,3.1,3.1
696.4,0.1498,0.19052,0.16052,0.21385,0.97644,0.97644,0.97644,0.62526,0.74603,0.65169,0.91353,0.97373,0.93916,0.92324,0.8877200000000001,0.21385,0.0,0.0,5e-06,5.65e-20,3.1,3.1
696.8,0.15496,0.19767,0.16622,0.22145,0.9765,0.9765,0.9765,0.64641,0.7722,0.67394,0.91341,0.97538,0.9398,0.92334,0.88764,0.22145,0.0,0.0,5e-06,5.65e-20,3.1,3.1
697.2,0.15448,0.19796,0.16596,0.2211,0.97656,0.97656,0.97656,0.64405,0.77149,0.67196,0.9133,0.97703,0.94044,0.92344,0.88756,0.2211,0.0,0.0,5e-06,5.65e-20,3.1,3.1
697.6,0.15158,0.19528,0.16313,0.21733,0.97661,0.97661,0.97661,0.63162,0.75927,0.6596,0.91318,0.97868,0.94108,0.92355,0.88748,0.21733,0.0,0.0,5e-06,5.65e-20,3.1,3.1
698.0,0.14867,0.19259,0.16029,0.21355,0.97667,0.97667,0.97667,0.61919,0.74705,0.64724,0.91306,0.98033,0.94172,0.92365,0.8874,0.21355,0.0,0.0,5e-06,5.65e-20,3.1,3.1
698.4,0.14578,0.1899,0.15745,0.20976,0.97672,0.97672,0.97672,0.60676,0.73483,0.63488,0.91294,0.98198,0.94236,0.92375,0.88732,0.20976,0.0,0.0,5e-06,5.65e-20,3.1,3.1
698.8,0.14287,0.18719,0.1546,0.20596,0.97677,0.97677,0.97677,0.59433,0.72261,0.62252,0.91283,0.98363,0.943,0.92385,0.88724,0.20596,0.0,0.0,5e-06,5.65e-20,3.1,3.1
699.2,0.13905,0.18325,0.15075,0.20083,0.97682,0.97682,0.97682,0.57811,0.70577,0.6062,0.91271,0.98528,0.94364,0.92396,0.88716,0.20083,0.0,0.0,5e-06,5.65e-20,3.1,3.1
699.6,0.12995,0.17229,0.14115,0.18805,0.97687,0.97687,0.97687,0.54046,0.66274,0.56741,0.91185,0.98594,0.94343,0.92406,0.88708,0.18805,0.0,0.0,5e-06,5.65e-20,3.1,3.1
700.0,0.12085,0.16131,0.13155,0.17525,0.97691,0.97691,0.97691,0.50281,0.61971,0.52862,0.91099,0.9866,0.94323,0.92416,0.887,0.17525,0.0,0.0,5e-06,5.65e-20,3.1,3.1
700.4,0.11177,0.1503,0.12195,0.16246,0.97696,0.97696,0.97696,0.46517,0.57668,0.48983,0.91013,0.98726,0.94302,0.92427,0.88692,0.16246,0.0,0.0,5e-06,5.65e-20,3.1,3.1
700.8,0.10269,0.13927,0.11233,0.14965,0.977,0.977,0.977,0.42752,0.53365,0.45105,0.90927,0.98791,0.94282,0.92437,0.8868400000000001,0.14965,0.0,0.0,5e-06,5.65e-20,3.1,3.1
701.2,0.093614,0.1282,0.10272,0.13684,0.97704,0.97704,0.97704,0.38987,0.49063,0.41226,0.90841,0.98857,0.94261,0.92447,0.88676,0.13684,0.0,0.0,5e-06,5.65e-20,3.1,3.1
701.6,0.084466,0.1166,0.092916,0.12378,0.97708,0.97708,0.97708,0.35188,0.44565,0.37276,0.90755,0.98923,0.94241,0.92457,0.88668,0.12378,0.0,0.0,5e-06,5.65e-20,3.1,3.1
702.0,0.075274,0.10467,0.083,0.11057,0.97712,0.97712,0.97712,0.31368,0.3995,0.33283,0.90669,0.98989,0.9422,0.92468,0.8866,0.11057,0.0,0.0,5e-06,5.65e-20,3.1,3.1
702.4,0.066147,0.092587,0.073072,0.097344,0.97716,0.97716,0.97716,0.27548,0.35335,0.29291,0.90678,0.98952,0.94209,0.92478,0.88652,0.097344,0.0,0.0,5e-06,5.65e-20,3.1,3.1
702.8,0.057069,0.080421,0.063143,0.084117,0.97719,0.97719,0.97719,0.23728,0.3072,0.25299,0.90781,0.98812,0.94208,0.92488,0.88644,0.084117,0.0,0.0,5e-06,5.65e-20,3.1,3.1
703.2,0.047961,0.068278,0.053205,0.070877,0.97723,0.97723,0.97723,0.19908,0.26105,0.21306,0.90885,0.98672,0.94206,0.92498,0.88636,0.070877,0.0,0.0,5e-06,5.65e-20,3.1,3.1
703.6,0.12934,0.16708,0.13951,0.18584,0.97726,0.97726,0.97726,0.536,0.63936,0.55838,0.90988,0.98532,0.94204,0.92509,0.88628,0.18584,0.0,0.0,5e-06,5.65e-20,3.1,3.1
704.0,0.13455,0.17366,0.14502,0.19318,0.97729,0.97729,0.97729,0.55664,0.66514,0.58014,0.91092,0.98392,0.94203,0.92519,0.8862,0.19318,0.0,0.0,5e-06,5.65e-20,3.1,3.1
704.4,0.13974,0.1802,0.1505,0.20049,0.97732,0.97732,0.97732,0.57729,0.69092,0.6019,0.91195,0.98252,0.94201,0.92529,0.88612,0.20049,0.0,0.0,5e-06,5.65e-20,3.1,3.1
704.8,0.14495,0.18672,0.156,0.2078,0.97736,0.97736,0.97736,0.59793,0.71671,0.62366,0.91298,0.98112,0.94199,0.92539,0.88604,0.2078,0.0,0.0,5e-06,5.65e-20,3.1,3.1
705.2,0.15012,0.19335,0.16151,0.21514,0.97739,0.97739,0.97739,0.61858,0.74249,0.64542,0.91366,0.98037,0.94206,0.9255,0.88596,0.21514,0.0,0.0,5e-06,5.65e-20,3.1,3.1
705.6,0.15512,0.20039,0.16706,0.22255,0.97742,0.97742,0.97742,0.63922,0.76827,0.66718,0.91327,0.98159,0.94236,0.9256,0.88588,0.22255,0.0,0.0,5e-06,5.65e-20,3.1,3.1
706.0,0.15676,0.20327,0.16905,0.22519,0.97745,0.97745,0.97745,0.64602,0.77808,0.67464,0.91288,0.98281,0.94266,0.9257,0.8858,0.22519,0.0,0.0,5e-06,5.65e-20,3.1,3.1
706.4,0.15385,0.2005,0.16618,0.22136,0.97748,0.97748,0.97748,0.63409,0.76628,0.66277,0.91249,0.98403,0.94296,0.92581,0.8857200000000001,0.22136,0.0,0.0,5e-06,5.65e-20,3.1,3.1
706.8,0.15094,0.19772,0.1633,0.21753,0.97751,0.97751,0.97751,0.62216,0.75449,0.6509,0.91211,0.98525,0.94327,0.92591,0.88564,0.21753,0.0,0.0,5e-06,5.65e-20,3.1,3.1
707.2,0.14802,0.19492,0.16042,0.21368,0.97754,0.97754,0.97754,0.61023,0.7427,0.63902,0.91172,0.98647,0.94357,0.92601,0.88556,0.21368,0.0,0.0,5e-06,5.65e-20,3.1,3.1
707.6,0.14509,0.1921,0.15752,0.20983,0.97757,0.97757,0.97757,0.5983,0.7309,0.62715,0.91133,0.98769,0.94387,0.92611,0.88548,0.20983,0.0,0.0,5e-06,5.65e-20,3.1,3.1
708.0,0.14217,0.18928,0.15462,0.20596,0.9776,0.9776,0.9776,0.58637,0.71911,0.61528,0.91094,0.98891,0.94417,0.92622,0.8854,0.20596,0.0,0.0,5e-06,5.65e-20,3.1,3.1
708.4,0.13468,0.18033,0.14675,0.19547,0.97763,0.97763,0.97763,0.55594,0.6846,0.584,0.91004,0.9895,0.94393,0.92632,0.88532,0.19547,0.0,0.0,5e-06,5.65e-20,3.1,3.1
708.8,0.12569,0.16934,0.13722,0.18278,0.97766,0.97766,0.97766,0.51934,0.64253,0.54625,0.90898,0.98989,0.94349,0.92642,0.88524,0.18278,0.0,0.0,5e-06,5.65e-20,3.1,3.1
709.2,0.1167,0.15833,0.12769,0.17008,0.9777,0.9777,0.9777,0.48274,0.60045,0.5085,0.90792,0.99029,0.94306,0.92652,0.88516,0.17008,0.0,0.0,5e-06,5.65e-20,3.1,3.1
709.6,0.10773,0.14729,0.11816,0.15739,0.97773,0.97773,0.97773,0.44614,0.55838,0.47075,0.90686,0.99068,0.94263,0.92663,0.88508,0.15739,0.0,0.0,5e-06,5.65e-20,3.1,3.1
710.0,0.098776,0.13625,0.10863,0.1447,0.97776,0.97776,0.97776,0.40954,0.5163,0.433,0.9058,0.99107,0.9422,0.92673,0.885,0.1447,0.0,0.0,5e-06,5.65e-20,3.1,3.1
710.4,0.089832,0.12513,0.099092,0.13199,0.9778,0.9778,0.9778,0.37289,0.47399,0.39516,0.90474,0.99146,0.94176,0.92683,0.88492,0.13199,0.0,0.0,5e-06,5.65e-20,3.1,3.1
710.8,0.080785,0.11325,0.0893,0.11895,0.97783,0.97783,0.97783,0.33574,0.42881,0.35628,0.90368,0.99185,0.94133,0.92693,0.8848400000000001,0.11895,0.0,0.0,5e-06,5.65e-20,3.1,3.1
711.2,0.07176,0.10135,0.079516,0.10591,0.97787,0.97787,0.97787,0.29859,0.38362,0.31739,0.90262,0.99224,0.9409,0.92704,0.88476,0.10591,0.0,0.0,5e-06,5.65e-20,3.1,3.1
711.6,0.06289,0.089368,0.069793,0.092964,0.97791,0.97791,0.97791,0.26143,0.33843,0.27851,0.90347,0.99174,0.94117,0.92714,0.88468,0.092964,0.0,0.0,5e-06,5.65e-20,3.1,3.1
712.0,0.054041,0.077373,0.060081,0.080026,0.97795,0.97795,0.97795,0.22428,0.29325,0.23963,0.90497,0.99094,0.94167,0.92724,0.8846,0.080026,0.0,0.0,5e-06,5.65e-20,3.1,3.1
712.4,0.045157,0.065389,0.050351,0.067066,0.97799,0.97799,0.97799,0.18712,0.24806,0.20074,0.90647,0.99014,0.94217,0.92735,0.88452,0.067066,0.0,0.0,5e-06,5.65e-20,3.1,3.1
712.8,0.13042,0.17125,0.14136,0.18828,0.97803,0.97803,0.97803,0.5396,0.65028,0.56334,0.90796,0.98935,0.94267,0.92745,0.88444,0.18828,0.0,0.0,5e-06,5.65e-20,3.1,3.1
713.2,0.13548,0.17786,0.14677,0.19548,0.97807,0.97807,0.97807,0.55969,0.67598,0.58463,0.90946,0.98855,0.94317,0.92755,0.88436,0.19548,0.0,0.0,5e-06,5.65e-20,3.1,3.1
713.6,0.14057,0.18446,0.15218,0.2027,0.97811,0.97811,0.97811,0.57978,0.70167,0.60592,0.91096,0.98775,0.94367,0.92765,0.88428,0.2027,0.0,0.0,5e-06,5.65e-20,3.1,3.1
714.0,0.14567,0.19105,0.15761,0.20992,0.97815,0.97815,0.97815,0.59987,0.72736,0.62721,0.91245,0.98695,0.94417,0.92776,0.8842,0.20992,0.0,0.0,5e-06,5.65e-20,3.1,3.1
714.4,0.15061,0.19781,0.16299,0.2171,0.97819,0.97819,0.97819,0.61996,0.75305,0.6485,0.91286,0.98701,0.94442,0.92786,0.88412,0.2171,0.0,0.0,5e-06,5.65e-20,3.1,3.1
714.8,0.15537,0.20474,0.16834,0.22422,0.97823,0.97823,0.97823,0.64005,0.77874,0.66979,0.91217,0.98793,0.94443,0.92796,0.88404,0.22422,0.0,0.0,5e-06,5.65e-20,3.1,3.1
715.2,0.15574,0.20608,0.16897,0.22506,0.97827,0.97827,0.97827,0.64202,0.7831,0.67229,0.91148,0.98885,0.94443,0.92807,0.88392,0.22506,0.0,0.0,5e-06,5.65e-20,3.1,3.1
715.6,0.15286,0.20328,0.16612,0.22126,0.97831,0.97831,0.97831,0.6306,0.77169,0.66089,0.91079,0.98977,0.94444,0.92817,0.88376,0.22126,0.0,0.0,5e-06,5.65e-20,3.1,3.1
716.0,0.14999,0.20048,0.16327,0.21746,0.97835,0.97835,0.97835,0.61918,0.76028,0.64949,0.91011,0.99069,0.94444,0.92827,0.8836,0.21746,0.0,0.0,5e-06,5.65e-20,3.1,3.1
716.4,0.14715,0.1977,0.16044,0.21369,0.97839,0.97839,0.97839,0.60776,0.74887,0.63809,0.90942,0.99161,0.94445,0.92838,0.88344,0.21369,0.0,0.0,5e-06,5.65e-20,3.1,3.1
716.8,0.14431,0.19491,0.15761,0.20992,0.97843,0.97843,0.97843,0.59634,0.73745,0.62669,0.90873,0.99253,0.94445,0.92848,0.8832800000000001,0.20992,0.0,0.0,5e-06,5.65e-20,3.1,3.1
717.2,0.14147,0.19212,0.15478,0.20615,0.97847,0.97847,0.97847,0.58492,0.72604,0.61529,0.90804,0.99345,0.94446,0.92859,0.88312,0.20615,0.0,0.0,5e-06,5.65e-20,3.1,3.1
717.6,0.13418,0.18325,0.14707,0.19588,0.97851,0.97851,0.97851,0.55533,0.69215,0.58482,0.90692,0.99374,0.94395,0.92869,0.88296,0.19588,0.0,0.0,5e-06,5.65e-20,3.1,3.1
718.0,0.12542,0.17234,0.13774,0.18345,0.97855,0.97855,0.97855,0.5197,0.65076,0.54798,0.90565,0.99383,0.94327,0.9288,0.8828,0.18345,0.0,0.0,5e-06,5.65e-20,3.1,3.1
718.4,0.11671,0.16146,0.12845,0.17107,0.97858,0.97858,0.97858,0.48407,0.60937,0.51115,0.90438,0.99391,0.94259,0.9289,0.88264,0.17107,0.0,0.0,5e-06,5.65e-20,3.1,3.1
718.8,0.10801,0.15057,0.11915,0.1587,0.97862,0.97862,0.97862,0.44843,0.56798,0.47432,0.90311,0.994,0.94191,0.92901,0.88248,0.1587,0.0,0.0,5e-06,5.65e-20,3.1,3.1
719.2,0.099325,0.13966,0.10986,0.14632,0.97865,0.97865,0.97865,0.4128,0.52659,0.43748,0.90184,0.99408,0.94123,0.92911,0.88232,0.14632,0.0,0.0,5e-06,5.65e-20,3.1,3.1
719.6,0.090651,0.12874,0.10057,0.13394,0.97869,0.97869,0.97869,0.37716,0.4852,0.40065,0.90057,0.99417,0.94055,0.92922,0.8821599999999999,0.13394,0.0,0.0,5e-06,5.65e-20,3.1,3.1
720.0,0.081891,0.11702,0.091038,0.12125,0.97872,0.97872,0.97872,0.34109,0.44087,0.36283,0.8993,0.99425,0.93987,0.92932,0.882,0.12125,0.0,0.0,5e-06,5.65e-20,3.1,3.1
720.4,0.073157,0.10527,0.081513,0.10856,0.97875,0.97875,0.97875,0.305,0.39638,0.32495,0.89803,0.99434,0.93919,0.92942,0.88192,0.10856,0.0,0.0,5e-06,5.65e-20,3.1,3.1
720.8,0.064557,0.093494,0.072058,0.095968,0.97878,0.97878,0.97878,0.26891,0.3519,0.28707,0.8984,0.99427,0.93937,0.92953,0.8818400000000001,0.095968,0.0,0.0,5e-06,5.65e-20,3.1,3.1
721.2,0.056045,0.081697,0.062651,0.083438,0.97881,0.97881,0.97881,0.23282,0.30741,0.24919,0.90041,0.99406,0.94041,0.92963,0.88176,0.083438,0.0,0.0,5e-06,5.65e-20,3.1,3.1
721.6,0.047488,0.069897,0.053215,0.070871,0.97884,0.97884,0.97884,0.19673,0.26293,0.21131,0.90242,0.99384,0.94145,0.92974,0.88168,0.070871,0.0,0.0,5e-06,5.65e-20,3.1,3.1
722.0,0.12845,0.17168,0.13999,0.18643,0.97887,0.97887,0.97887,0.53067,0.64559,0.55498,0.90443,0.99363,0.94248,0.92984,0.8816,0.18643,0.0,0.0,5e-06,5.65e-20,3.1,3.1
722.4,0.1336,0.1785,0.14551,0.19379,0.97889,0.97889,0.97889,0.55045,0.67107,0.57597,0.90644,0.99341,0.94352,0.92995,0.88152,0.19379,0.0,0.0,5e-06,5.65e-20,3.1,3.1
722.8,0.13877,0.18533,0.15105,0.20117,0.97892,0.97892,0.97892,0.57024,0.69655,0.59696,0.90845,0.99319,0.94456,0.93005,0.88144,0.20117,0.0,0.0,5e-06,5.65e-20,3.1,3.1
723.2,0.144,0.19218,0.15663,0.2086,0.97894,0.97894,0.97894,0.59002,0.72202,0.61795,0.91046,0.99298,0.9456,0.93016,0.88136,0.2086,0.0,0.0,5e-06,5.65e-20,3.1,3.1
723.6,0.14903,0.19914,0.16214,0.21593,0.97897,0.97897,0.97897,0.60981,0.7475,0.63894,0.91101,0.99312,0.94597,0.93026,0.88128,0.21593,0.0,0.0,5e-06,5.65e-20,3.1,3.1
724.0,0.15383,0.20619,0.16754,0.22312,0.97899,0.97899,0.97899,0.62959,0.77298,0.65993,0.91012,0.99361,0.94568,0.93037,0.8812,0.22312,0.0,0.0,5e-06,5.65e-20,3.1,3.1
724.4,0.15749,0.21175,0.17171,0.22867,0.97902,0.97902,0.97902,0.64476,0.79292,0.6761,0.90923,0.9941,0.94539,0.93047,0.88112,0.22867,0.0,0.0,5e-06,5.65e-20,3.1,3.1
724.8,0.15475,0.20894,0.16895,0.225,0.97904,0.97904,0.97904,0.63373,0.78145,0.665,0.90834,0.99459,0.9451,0.93057,0.88104,0.225,0.0,0.0,5e-06,5.65e-20,3.1,3.1
725.2,0.15201,0.20611,0.16619,0.22132,0.97907,0.97907,0.97907,0.62271,0.76998,0.6539,0.90745,0.99508,0.94481,0.93068,0.88096,0.22132,0.0,0.0,5e-06,5.65e-20,3.1,3.1
725.6,0.14926,0.20326,0.16342,0.21763,0.97909,0.97909,0.97909,0.61168,0.75852,0.6428,0.90656,0.99557,0.94452,0.93078,0.88088,0.21763,0.0,0.0,5e-06,5.65e-20,3.1,3.1
726.0,0.14652,0.20041,0.16065,0.21394,0.97912,0.97912,0.97912,0.60066,0.74705,0.63169,0.90567,0.99606,0.94422,0.93089,0.8808,0.21394,0.0,0.0,5e-06,5.65e-20,3.1,3.1
726.4,0.14378,0.19757,0.15788,0.21025,0.97914,0.97914,0.97914,0.58964,0.73558,0.62059,0.90478,0.99655,0.94393,0.93099,0.8807200000000001,0.21025,0.0,0.0,5e-06,5.65e-20,3.1,3.1
726.8,0.14005,0.19336,0.15402,0.20511,0.97917,0.97917,0.97917,0.57452,0.71908,0.6052,0.90389,0.99704,0.94364,0.9311,0.88064,0.20511,0.0,0.0,5e-06,5.65e-20,3.1,3.1
727.2,0.13154,0.18261,0.14491,0.19297,0.9792,0.9792,0.9792,0.54011,0.67888,0.5696,0.90247,0.9968,0.94273,0.9312,0.88056,0.19297,0.0,0.0,5e-06,5.65e-20,3.1,3.1
727.6,0.12303,0.17185,0.1358,0.18084,0.97922,0.97922,0.97922,0.5057,0.63867,0.53401,0.90105,0.99655,0.94183,0.93131,0.88048,0.18084,0.0,0.0,5e-06,5.65e-20,3.1,3.1
728.0,0.11454,0.16108,0.12669,0.16871,0.97925,0.97925,0.97925,0.47129,0.59846,0.49841,0.89963,0.99631,0.94092,0.93141,0.8804,0.16871,0.0,0.0,5e-06,5.65e-20,3.1,3.1
728.4,0.10606,0.15029,0.11758,0.15658,0.97928,0.97928,0.97928,0.43689,0.55825,0.46281,0.89821,0.99607,0.94002,0.93152,0.88032,0.15658,0.0,0.0,5e-06,5.65e-20,3.1,3.1
728.8,0.097598,0.1395,0.10849,0.14447,0.97931,0.97931,0.97931,0.40248,0.51805,0.42722,0.89679,0.99582,0.93911,0.93162,0.88024,0.14447,0.0,0.0,5e-06,5.65e-20,3.1,3.1
729.2,0.08912,0.12852,0.099332,0.13228,0.97934,0.97934,0.97934,0.36793,0.47718,0.39137,0.89537,0.99558,0.93821,0.93172,0.8801599999999999,0.13228,0.0,0.0,5e-06,5.65e-20,3.1,3.1
729.6,0.080526,0.11682,0.089929,0.11975,0.97937,0.97937,0.97937,0.33284,0.43369,0.35452,0.89395,0.99534,0.9373,0.93183,0.88008,0.11975,0.0,0.0,5e-06,5.65e-20,3.1,3.1
730.0,0.071952,0.10513,0.080537,0.10725,0.9794,0.9794,0.9794,0.29775,0.3902,0.31766,0.89253,0.99509,0.9364,0.93193,0.88,0.10725,0.0,0.0,5e-06,5.65e-20,3.1,3.1
730.4,0.063462,0.093433,0.071197,0.094807,0.97944,0.97944,0.97944,0.26265,0.3467,0.28081,0.89211,0.99501,0.93612,0.93204,0.8798400000000001,0.094807,0.0,0.0,5e-06,5.65e-20,3.1,3.1
730.8,0.055159,0.081774,0.06198,0.082534,0.97947,0.97947,0.97947,0.22756,0.30321,0.24396,0.89466,0.99542,0.93774,0.93214,0.87968,0.082534,0.0,0.0,5e-06,5.65e-20,3.1,3.1
731.2,0.046807,0.070104,0.052731,0.070217,0.97951,0.97951,0.97951,0.19247,0.25972,0.2071,0.89721,0.99583,0.93935,0.93225,0.87952,0.070217,0.0,0.0,5e-06,5.65e-20,3.1,3.1
731.6,0.12925,0.17584,0.14163,0.18859,0.97955,0.97955,0.97955,0.52966,0.65081,0.55497,0.89976,0.99624,0.94096,0.93235,0.87936,0.18859,0.0,0.0,5e-06,5.65e-20,3.1,3.1
732.0,0.13465,0.18304,0.14744,0.19632,0.97959,0.97959,0.97959,0.54992,0.67679,0.57642,0.90231,0.99665,0.94258,0.93246,0.8792,0.19632,0.0,0.0,5e-06,5.65e-20,3.1,3.1
732.4,0.14005,0.19021,0.15324,0.20405,0.97963,0.97963,0.97963,0.57018,0.70278,0.59788,0.90486,0.99706,0.94419,0.93256,0.87904,0.20405,0.0,0.0,5e-06,5.65e-20,3.1,3.1
732.8,0.14549,0.1974,0.15907,0.21181,0.97967,0.97967,0.97967,0.59044,0.72876,0.61933,0.90741,0.99747,0.9458,0.93266,0.87888,0.21181,0.0,0.0,5e-06,5.65e-20,3.1,3.1
733.2,0.15066,0.20456,0.16472,0.21934,0.97971,0.97971,0.97971,0.6107,0.75475,0.64078,0.90812,0.99773,0.94632,0.93277,0.87872,0.21934,0.0,0.0,5e-06,5.65e-20,3.1,3.1
733.6,0.15552,0.21171,0.1702,0.22663,0.97975,0.97975,0.97975,0.63096,0.78073,0.66223,0.90699,0.99785,0.94573,0.93287,0.87856,0.22663,0.0,0.0,5e-06,5.65e-20,3.1,3.1
734.0,0.15959,0.21783,0.17482,0.23278,0.9798,0.9798,0.9798,0.64805,0.80293,0.68039,0.90586,0.99796,0.94514,0.93298,0.8784,0.23278,0.0,0.0,5e-06,5.65e-20,3.1,3.1
734.4,0.15664,0.21472,0.17182,0.22879,0.97984,0.97984,0.97984,0.6366,0.79105,0.66888,0.90472,0.99808,0.94455,0.93308,0.87824,0.22879,0.0,0.0,5e-06,5.65e-20,3.1,3.1
734.8,0.15369,0.21161,0.16883,0.22481,0.97989,0.97989,0.97989,0.62516,0.77916,0.65736,0.90359,0.9982,0.94396,0.93319,0.87808,0.22481,0.0,0.0,5e-06,5.65e-20,3.1,3.1
735.2,0.15076,0.2085,0.16584,0.22083,0.97993,0.97993,0.97993,0.61372,0.76727,0.64585,0.90246,0.99832,0.94337,0.93329,0.87796,0.22083,0.0,0.0,5e-06,5.65e-20,3.1,3.1
735.6,0.14783,0.20538,0.16286,0.21685,0.97998,0.97998,0.97998,0.60228,0.75539,0.63434,0.90133,0.99843,0.94279,0.9334,0.87788,0.21685,0.0,0.0,5e-06,5.65e-20,3.1,3.1
736.0,0.1449,0.20227,0.15988,0.21288,0.98002,0.98002,0.98002,0.59083,0.7435,0.62283,0.90019,0.99855,0.9422,0.9335,0.8778,0.21288,0.0,0.0,5e-06,5.65e-20,3.1,3.1
736.4,0.14198,0.19914,0.15689,0.2089,0.98007,0.98007,0.98007,0.57939,0.73161,0.61132,0.89906,0.99867,0.94161,0.93361,0.8777200000000001,0.2089,0.0,0.0,5e-06,5.65e-20,3.1,3.1
736.8,0.13392,0.18883,0.14823,0.19736,0.98011,0.98011,0.98011,0.5472,0.69379,0.57799,0.89752,0.99815,0.94051,0.93371,0.87764,0.19736,0.0,0.0,5e-06,5.65e-20,3.1,3.1
737.2,0.1256,0.17814,0.13928,0.18545,0.98016,0.98016,0.98016,0.51392,0.6546,0.54351,0.89597,0.99762,0.93942,0.93381,0.87756,0.18545,0.0,0.0,5e-06,5.65e-20,3.1,3.1
737.6,0.11731,0.16744,0.13034,0.17355,0.98021,0.98021,0.98021,0.48064,0.6154,0.50904,0.89443,0.9971,0.93832,0.93392,0.87748,0.17355,0.0,0.0,5e-06,5.65e-20,3.1,3.1
738.0,0.10904,0.15676,0.12141,0.16166,0.98025,0.98025,0.98025,0.44736,0.57621,0.47456,0.89288,0.99658,0.93723,0.93402,0.8774,0.16166,0.0,0.0,5e-06,5.65e-20,3.1,3.1
738.4,0.1008,0.14609,0.11252,0.14982,0.9803,0.9803,0.9803,0.41408,0.53702,0.44009,0.89134,0.99605,0.93613,0.93413,0.87732,0.14982,0.0,0.0,5e-06,5.65e-20,3.1,3.1
738.8,0.092588,0.13543,0.10364,0.13799,0.98034,0.98034,0.98034,0.3808,0.49783,0.40561,0.88979,0.99553,0.93504,0.93423,0.87724,0.13799,0.0,0.0,5e-06,5.65e-20,3.1,3.1
739.2,0.084216,0.12397,0.094458,0.12577,0.98039,0.98039,0.98039,0.34681,0.45574,0.36995,0.88825,0.99501,0.93394,0.93434,0.8771599999999999,0.12577,0.0,0.0,5e-06,5.65e-20,3.1,3.1
739.6,0.075817,0.11231,0.08521,0.11345,0.98043,0.98043,0.98043,0.31264,0.41294,0.33399,0.8867,0.99448,0.93285,0.93444,0.87708,0.11345,0.0,0.0,5e-06,5.65e-20,3.1,3.1
740.0,0.067441,0.10066,0.075976,0.10116,0.98048,0.98048,0.98048,0.27847,0.37013,0.29803,0.88516,0.99396,0.93175,0.93455,0.877,0.10116,0.0,0.0,5e-06,5.65e-20,3.1,3.1
740.4,0.059319,0.089107,0.066932,0.089116,0.98052,0.98052,0.98052,0.24431,0.32733,0.26207,0.88712,0.99462,0.93314,0.93465,0.8768400000000001,0.089116,0.0,0.0,5e-06,5.65e-20,3.1,3.1
740.8,0.051222,0.077563,0.057906,0.077097,0.98056,0.98056,0.98056,0.21014,0.28452,0.22611,0.89026,0.99568,0.93536,0.93476,0.87668,0.077097,0.0,0.0,5e-06,5.65e-20,3.1,3.1
741.2,0.04306,0.065987,0.048829,0.065012,0.98061,0.98061,0.98061,0.17597,0.24171,0.19015,0.89341,0.99674,0.93759,0.93486,0.87652,0.065012,0.0,0.0,5e-06,5.65e-20,3.1,3.1
741.6,0.13161,0.18134,0.14473,0.19269,0.98065,0.98065,0.98065,0.53578,0.66331,0.56205,0.89654,0.99779,0.93981,0.93496,0.87636,0.19269,0.0,0.0,5e-06,5.65e-20,3.1,3.1
742.0,0.13701,0.18869,0.15056,0.20046,0.98069,0.98069,0.98069,0.55561,0.68923,0.58314,0.89968,0.99885,0.94202,0.93507,0.8762,0.20046,0.0,0.0,5e-06,5.65e-20,3.1,3.1
742.4,0.14243,0.19604,0.15641,0.20825,0.98073,0.98073,0.98073,0.57545,0.71514,0.60422,0.90282,0.99991,0.94424,0.93517,0.87604,0.20825,0.0,0.0,5e-06,5.65e-20,3.1,3.1
742.8,0.14771,0.20335,0.16216,0.2159,0.98077,0.98077,0.98077,0.59529,0.74106,0.6253,0.90486,1.0007,0.94571,0.93528,0.87588,0.2159,0.0,0.0,5e-06,5.65e-20,3.1,3.1
743.2,0.15246,0.21049,0.16754,0.22306,0.98081,0.98081,0.98081,0.61513,0.76697,0.64638,0.90358,1.0005,0.94492,0.93538,0.8757199999999999,0.22306,0.0,0.0,5e-06,5.65e-20,3.1,3.1
743.6,0.15721,0.21764,0.17292,0.23022,0.98084,0.98084,0.98084,0.63497,0.79288,0.66746,0.9023,1.0003,0.94413,0.93549,0.87556,0.23022,0.0,0.0,5e-06,5.65e-20,3.1,3.1
744.0,0.15906,0.22096,0.17515,0.23318,0.98088,0.98088,0.98088,0.64313,0.80485,0.67641,0.90103,1.0002,0.94334,0.93559,0.8754,0.23318,0.0,0.0,5e-06,5.65e-20,3.1,3.1
744.4,0.15609,0.21789,0.17213,0.22917,0.98091,0.98091,0.98091,0.63183,0.79355,0.66513,0.89975,1.0,0.94255,0.9357,0.87524,0.22917,0.0,0.0,5e-06,5.65e-20,3.1,3.1
744.8,0.15312,0.21482,0.16912,0.22516,0.98095,0.98095,0.98095,0.62052,0.78226,0.65385,0.89847,0.99985,0.94176,0.9358,0.87508,0.22516,0.0,0.0,5e-06,5.65e-20,3.1,3.1
745.2,0.15014,0.21171,0.16609,0.22113,0.98098,0.98098,0.98098,0.60922,0.77097,0.64257,0.89719,0.99969,0.94097,0.93591,0.87492,0.22113,0.0,0.0,5e-06,5.65e-20,3.1,3.1
745.6,0.14715,0.20858,0.16304,0.21706,0.98101,0.98101,0.98101,0.59791,0.75967,0.63129,0.89592,0.99953,0.94018,0.93601,0.87476,0.21706,0.0,0.0,5e-06,5.65e-20,3.1,3.1
746.0,0.14416,0.20545,0.16,0.21301,0.98104,0.98104,0.98104,0.58661,0.74838,0.62002,0.89464,0.99937,0.93939,0.93611,0.8746,0.21301,0.0,0.0,5e-06,5.65e-20,3.1,3.1
746.4,0.14097,0.202,0.15671,0.20863,0.98107,0.98107,0.98107,0.57425,0.73573,0.60762,0.89336,0.99921,0.9386,0.93622,0.87444,0.20863,0.0,0.0,5e-06,5.65e-20,3.1,3.1
746.8,0.13282,0.19136,0.14791,0.19691,0.9811,0.9811,0.9811,0.54194,0.69731,0.57409,0.89171,0.99847,0.93735,0.93632,0.8742800000000001,0.19691,0.0,0.0,5e-06,5.65e-20,3.1,3.1
747.2,0.1247,0.18073,0.13911,0.1852,0.98113,0.98113,0.98113,0.50963,0.65889,0.54056,0.89005,0.99774,0.9361,0.93643,0.87412,0.1852,0.0,0.0,5e-06,5.65e-20,3.1,3.1
747.6,0.1166,0.1701,0.13033,0.17352,0.98115,0.98115,0.98115,0.47732,0.62047,0.50703,0.8884,0.997,0.93485,0.93653,0.87396,0.17352,0.0,0.0,5e-06,5.65e-20,3.1,3.1
748.0,0.10853,0.15948,0.12157,0.16185,0.98117,0.98117,0.98117,0.44501,0.58205,0.4735,0.88675,0.99626,0.9336,0.93664,0.8738,0.16185,0.0,0.0,5e-06,5.65e-20,3.1,3.1
748.4,0.10048,0.14887,0.11284,0.15022,0.98119,0.98119,0.98119,0.4127,0.54363,0.43996,0.88509,0.99552,0.93235,0.93674,0.87364,0.15022,0.0,0.0,5e-06,5.65e-20,3.1,3.1
748.8,0.092463,0.13828,0.10412,0.13862,0.98121,0.98121,0.98121,0.38039,0.50521,0.40643,0.88344,0.99479,0.9311,0.93685,0.87348,0.13862,0.0,0.0,5e-06,5.65e-20,3.1,3.1
749.2,0.084332,0.12695,0.095163,0.12669,0.98123,0.98123,0.98123,0.34752,0.46406,0.37188,0.88179,0.99405,0.92986,0.93695,0.87332,0.12669,0.0,0.0,5e-06,5.65e-20,3.1,3.1
749.6,0.076179,0.11538,0.08613,0.11466,0.98125,0.98125,0.98125,0.31447,0.42201,0.33699,0.88013,0.99331,0.92861,0.93705,0.8731599999999999,0.11466,0.0,0.0,5e-06,5.65e-20,3.1,3.1
750.0,0.068053,0.10382,0.077119,0.10267,0.98126,0.98126,0.98126,0.28141,0.37996,0.30209,0.87848,0.99257,0.92736,0.93716,0.873,0.10267,0.0,0.0,5e-06,5.65e-20,3.1,3.1
750.4,0.060057,0.092344,0.068216,0.090812,0.98128,0.98128,0.98128,0.24836,0.3379,0.2672,0.87817,0.99245,0.92713,0.93726,0.8728400000000001,0.090812,0.0,0.0,5e-06,5.65e-20,3.1,3.1
750.8,0.052301,0.081017,0.059507,0.079219,0.98129,0.98129,0.98129,0.2153,0.29585,0.23231,0.8819,0.99418,0.92997,0.93737,0.87268,0.079219,0.0,0.0,5e-06,5.65e-20,3.1,3.1
751.2,0.044469,0.069637,0.050735,0.06754,0.9813,0.9813,0.9813,0.18225,0.2538,0.19741,0.88564,0.9959,0.93282,0.93747,0.87252,0.06754,0.0,0.0,5e-06,5.65e-20,3.1,3.1
751.6,0.12931,0.18223,0.1431,0.1905,0.9813,0.9813,0.9813,0.52765,0.66293,0.55505,0.88937,0.99763,0.93566,0.93758,0.87236,0.1905,0.0,0.0,5e-06,5.65e-20,3.1,3.1
752.0,0.13459,0.1895,0.14883,0.19813,0.98131,0.98131,0.98131,0.54687,0.6881,0.57546,0.8931,0.99935,0.9385,0.93768,0.8722,0.19813,0.0,0.0,5e-06,5.65e-20,3.1,3.1
752.4,0.13994,0.19681,0.15461,0.20582,0.98132,0.98132,0.98132,0.5661,0.71328,0.59588,0.89683,1.0011,0.94135,0.93779,0.87204,0.20582,0.0,0.0,5e-06,5.65e-20,3.1,3.1
752.8,0.14532,0.20415,0.16042,0.21355,0.98132,0.98132,0.98132,0.58532,0.73845,0.61629,0.90056,1.0028,0.94419,0.93789,0.87188,0.21355,0.0,0.0,5e-06,5.65e-20,3.1,3.1
753.2,0.14988,0.21106,0.16559,0.22044,0.98133,0.98133,0.98133,0.60454,0.76362,0.63671,0.89911,1.0023,0.94317,0.938,0.8717199999999999,0.22044,0.0,0.0,5e-06,5.65e-20,3.1,3.1
753.6,0.15444,0.21796,0.17076,0.22731,0.98133,0.98133,0.98133,0.62377,0.7888,0.65712,0.89767,1.0019,0.94215,0.9381,0.87156,0.22731,0.0,0.0,5e-06,5.65e-20,3.1,3.1
754.0,0.15898,0.22487,0.17591,0.23418,0.98133,0.98133,0.98133,0.64299,0.81397,0.67754,0.89622,1.0014,0.94113,0.9382,0.8714,0.23418,0.0,0.0,5e-06,5.65e-20,3.1,3.1
754.4,0.15623,0.22195,0.1731,0.23043,0.98133,0.98133,0.98133,0.63274,0.80359,0.66729,0.89477,1.0009,0.94011,0.93831,0.87124,0.23043,0.0,0.0,5e-06,5.65e-20,3.1,3.1
754.8,0.1533,0.21878,0.17009,0.22643,0.98134,0.98134,0.98134,0.62173,0.7923,0.65624,0.89332,1.0004,0.93909,0.93841,0.87108,0.22643,0.0,0.0,5e-06,5.65e-20,3.1,3.1
755.2,0.15036,0.2156,0.16708,0.22241,0.98134,0.98134,0.98134,0.61072,0.78101,0.6452,0.89188,0.99996,0.93807,0.93852,0.87096,0.22241,0.0,0.0,5e-06,5.65e-20,3.1,3.1
755.6,0.14744,0.21241,0.16407,0.2184,0.98134,0.98134,0.98134,0.59972,0.76972,0.63416,0.89043,0.99949,0.93705,0.93862,0.87088,0.2184,0.0,0.0,5e-06,5.65e-20,3.1,3.1
756.0,0.14451,0.20922,0.16106,0.21439,0.98134,0.98134,0.98134,0.58871,0.75843,0.62312,0.88898,0.99902,0.93603,0.93873,0.8708,0.21439,0.0,0.0,5e-06,5.65e-20,3.1,3.1
756.4,0.14161,0.20605,0.15806,0.21041,0.98135,0.98135,0.98135,0.5777,0.74714,0.61208,0.88753,0.99855,0.93501,0.93883,0.87072,0.21041,0.0,0.0,5e-06,5.65e-20,3.1,3.1
756.8,0.13623,0.19922,0.15229,0.20272,0.98135,0.98135,0.98135,0.55663,0.72273,0.59036,0.88594,0.99783,0.9338,0.93894,0.87064,0.20272,0.0,0.0,5e-06,5.65e-20,3.1,3.1
757.2,0.12838,0.18873,0.14375,0.19135,0.98135,0.98135,0.98135,0.52548,0.68519,0.55796,0.8842,0.99688,0.93241,0.93904,0.87056,0.19135,0.0,0.0,5e-06,5.65e-20,3.1,3.1
757.6,0.12056,0.17827,0.13523,0.18001,0.98136,0.98136,0.98136,0.49433,0.64765,0.52555,0.88245,0.99593,0.93102,0.93915,0.87048,0.18001,0.0,0.0,5e-06,5.65e-20,3.1,3.1
758.0,0.11277,0.16781,0.12673,0.1687,0.98137,0.98137,0.98137,0.46318,0.61012,0.49315,0.88071,0.99497,0.92963,0.93925,0.8704,0.1687,0.0,0.0,5e-06,5.65e-20,3.1,3.1
758.4,0.10499,0.15736,0.11825,0.1574,0.98137,0.98137,0.98137,0.43203,0.57258,0.46075,0.87897,0.99402,0.92824,0.93935,0.87032,0.1574,0.0,0.0,5e-06,5.65e-20,3.1,3.1
758.8,0.097247,0.14693,0.10979,0.14614,0.98138,0.98138,0.98138,0.40088,0.53504,0.42834,0.87723,0.99307,0.92685,0.93946,0.87024,0.14614,0.0,0.0,5e-06,5.65e-20,3.1,3.1
759.2,0.089527,0.1365,0.10134,0.1349,0.98139,0.98139,0.98139,0.36971,0.49741,0.3959,0.87548,0.99211,0.92546,0.93956,0.8701599999999999,0.1349,0.0,0.0,5e-06,5.65e-20,3.1,3.1
759.6,0.081641,0.12511,0.092569,0.12322,0.9814,0.9814,0.9814,0.33773,0.45625,0.36208,0.87374,0.99116,0.92407,0.93967,0.87008,0.12322,0.0,0.0,5e-06,5.65e-20,3.1,3.1
760.0,0.073784,0.11375,0.083818,0.11157,0.98142,0.98142,0.98142,0.30575,0.41509,0.32826,0.872,0.99021,0.92267,0.93977,0.87,0.11157,0.0,0.0,5e-06,5.65e-20,3.1,3.1
760.4,0.06595,0.1024,0.075086,0.099946,0.98143,0.98143,0.98143,0.27377,0.37394,0.29443,0.87026,0.98925,0.92128,0.93988,0.86976,0.099946,0.0,0.0,5e-06,5.65e-20,3.1,3.1
760.8,0.058247,0.091142,0.066466,0.088471,0.98145,0.98145,0.98145,0.24179,0.33278,0.26061,0.87003,0.98917,0.92112,0.93998,0.8695200000000001,0.088471,0.0,0.0,5e-06,5.65e-20,3.1,3.1
761.2,0.050809,0.080095,0.058077,0.077304,0.98147,0.98147,0.98147,0.20981,0.29162,0.22678,0.87437,0.99168,0.92464,0.94009,0.8692799999999999,0.077304,0.0,0.0,5e-06,5.65e-20,3.1,3.1
761.6,0.043291,0.068985,0.049618,0.066045,0.98149,0.98149,0.98149,0.17783,0.25046,0.19296,0.87871,0.99419,0.92817,0.94019,0.86904,0.066045,0.0,0.0,5e-06,5.65e-20,3.1,3.1
762.0,0.12866,0.18436,0.14303,0.19038,0.98151,0.98151,0.98151,0.52575,0.66745,0.55396,0.88305,0.9967,0.93169,0.9403,0.8688,0.19038,0.0,0.0,5e-06,5.65e-20,3.1,3.1
762.4,0.1339,0.19163,0.14872,0.19795,0.98153,0.98153,0.98153,0.54437,0.6919,0.57372,0.88739,0.99921,0.93521,0.9404,0.86856,0.19795,0.0,0.0,5e-06,5.65e-20,3.1,3.1
762.8,0.13918,0.19893,0.15445,0.20558,0.98155,0.98155,0.98155,0.56299,0.71634,0.59348,0.89173,1.0017,0.93874,0.9405,0.86832,0.20558,0.0,0.0,5e-06,5.65e-20,3.1,3.1
763.2,0.14428,0.20612,0.16003,0.21301,0.98158,0.98158,0.98158,0.58161,0.74079,0.61325,0.89459,1.0034,0.94108,0.94061,0.86808,0.21301,0.0,0.0,5e-06,5.65e-20,3.1,3.1
763.6,0.14869,0.21285,0.16504,0.21967,0.9816,0.9816,0.9816,0.60023,0.76523,0.63301,0.89302,1.0027,0.93989,0.94071,0.86784,0.21967,0.0,0.0,5e-06,5.65e-20,3.1,3.1
764.0,0.15309,0.21957,0.17004,0.22633,0.98163,0.98163,0.98163,0.61884,0.78968,0.65278,0.89146,1.002,0.93869,0.94082,0.8676,0.22633,0.0,0.0,5e-06,5.65e-20,3.1,3.1
764.4,0.15746,0.22625,0.17501,0.23293,0.98165,0.98165,0.98165,0.63746,0.81412,0.67254,0.88989,1.0012,0.9375,0.9409,0.86736,0.23293,0.0,0.0,5e-06,5.65e-20,3.1,3.1
764.8,0.15548,0.22432,0.17303,0.2303,0.98168,0.98168,0.98168,0.63046,0.8076,0.66565,0.88832,1.0005,0.93631,0.94094,0.86712,0.2303,0.0,0.0,5e-06,5.65e-20,3.1,3.1
765.2,0.15261,0.22116,0.17006,0.22635,0.98171,0.98171,0.98171,0.61979,0.79665,0.65495,0.88676,0.99978,0.93511,0.94098,0.86692,0.22635,0.0,0.0,5e-06,5.65e-20,3.1,3.1
765.6,0.14975,0.21801,0.16711,0.22242,0.98173,0.98173,0.98173,0.60912,0.78569,0.64426,0.88519,0.99906,0.93392,0.94103,0.86676,0.22242,0.0,0.0,5e-06,5.65e-20,3.1,3.1
766.0,0.1469,0.21486,0.16416,0.2185,0.98176,0.98176,0.98176,0.59845,0.77474,0.63356,0.88363,0.99833,0.93272,0.94107,0.8666,0.2185,0.0,0.0,5e-06,5.65e-20,3.1,3.1
766.4,0.14406,0.21173,0.16122,0.21459,0.98179,0.98179,0.98179,0.58779,0.76379,0.62287,0.88206,0.9976,0.93153,0.94111,0.86644,0.21459,0.0,0.0,5e-06,5.65e-20,3.1,3.1
766.8,0.14123,0.20859,0.15829,0.21068,0.98181,0.98181,0.98181,0.57712,0.75284,0.61217,0.88049,0.99688,0.93034,0.94116,0.86628,0.21068,0.0,0.0,5e-06,5.65e-20,3.1,3.1
767.2,0.13732,0.20383,0.15414,0.20516,0.98184,0.98184,0.98184,0.56207,0.73611,0.59682,0.87887,0.99605,0.92907,0.9412,0.86612,0.20516,0.0,0.0,5e-06,5.65e-20,3.1,3.1
767.6,0.12971,0.1935,0.14582,0.19408,0.98186,0.98186,0.98186,0.53193,0.69949,0.56544,0.87705,0.99495,0.92757,0.94124,0.86596,0.19408,0.0,0.0,5e-06,5.65e-20,3.1,3.1
768.0,0.12213,0.18319,0.13752,0.18304,0.98189,0.98189,0.98189,0.5018,0.66287,0.53405,0.87524,0.99384,0.92607,0.94129,0.8658,0.18304,0.0,0.0,5e-06,5.65e-20,3.1,3.1
768.4,0.11458,0.17292,0.12926,0.17204,0.98191,0.98191,0.98191,0.47166,0.62625,0.50267,0.87342,0.99273,0.92457,0.94133,0.86564,0.17204,0.0,0.0,5e-06,5.65e-20,3.1,3.1
768.8,0.10706,0.16266,0.12103,0.16108,0.98193,0.98193,0.98193,0.44153,0.58963,0.47128,0.87161,0.99162,0.92307,0.94137,0.86548,0.16108,0.0,0.0,5e-06,5.65e-20,3.1,3.1
769.2,0.099571,0.15242,0.11281,0.15014,0.98195,0.98195,0.98195,0.41139,0.553,0.4399,0.8698,0.99051,0.92157,0.94141,0.86532,0.15014,0.0,0.0,5e-06,5.65e-20,3.1,3.1
769.6,0.092106,0.1422,0.10461,0.13923,0.98197,0.98197,0.98197,0.38126,0.51638,0.40852,0.86798,0.98941,0.92007,0.94146,0.8651599999999999,0.13923,0.0,0.0,5e-06,5.65e-20,3.1,3.1
770.0,0.084559,0.13144,0.096242,0.12809,0.98199,0.98199,0.98199,0.35067,0.47772,0.37635,0.86617,0.9883,0.91858,0.9415,0.865,0.12809,0.0,0.0,5e-06,5.65e-20,3.1,3.1
770.4,0.076944,0.12026,0.087726,0.11675,0.98201,0.98201,0.98201,0.31975,0.43756,0.3436,0.86435,0.98719,0.91708,0.94154,0.86484,0.11675,0.0,0.0,5e-06,5.65e-20,3.1,3.1
770.8,0.06936,0.1091,0.079237,0.10546,0.98202,0.98202,0.98202,0.28884,0.39739,0.31085,0.86254,0.98608,0.91558,0.94159,0.86468,0.10546,0.0,0.0,5e-06,5.65e-20,3.1,3.1
771.2,0.061811,0.097969,0.07078,0.094201,0.98204,0.98204,0.98204,0.25792,0.35723,0.2781,0.86073,0.98497,0.91408,0.94163,0.86452,0.094201,0.0,0.0,5e-06,5.65e-20,3.1,3.1
771.6,0.054512,0.087068,0.06255,0.083247,0.98205,0.98205,0.98205,0.227,0.31706,0.24535,0.86231,0.98608,0.91545,0.94167,0.86436,0.083247,0.0,0.0,5e-06,5.65e-20,3.1,3.1
772.0,0.047368,0.076307,0.054461,0.072481,0.98206,0.98206,0.98206,0.19608,0.27689,0.2126,0.86729,0.9894,0.91968,0.94172,0.8642,0.072481,0.0,0.0,5e-06,5.65e-20,3.1,3.1
772.4,0.040133,0.065465,0.04629,0.061606,0.98207,0.98207,0.98207,0.16516,0.23673,0.17985,0.87227,0.99272,0.92391,0.94176,0.86404,0.061606,0.0,0.0,5e-06,5.65e-20,3.1,3.1
772.8,0.12927,0.18884,0.14444,0.19223,0.98208,0.98208,0.98208,0.52892,0.68052,0.55858,0.87725,0.99603,0.92814,0.9418,0.86388,0.19223,0.0,0.0,5e-06,5.65e-20,3.1,3.1
773.2,0.13442,0.19625,0.15008,0.19974,0.98209,0.98209,0.98209,0.54685,0.70483,0.57774,0.88223,0.99935,0.93237,0.94185,0.8637199999999999,0.19974,0.0,0.0,5e-06,5.65e-20,3.1,3.1
773.6,0.13962,0.2037,0.15577,0.20731,0.98209,0.98209,0.98209,0.56478,0.72914,0.5969,0.88721,1.0027,0.9366,0.94189,0.86356,0.20731,0.0,0.0,5e-06,5.65e-20,3.1,3.1
774.0,0.14405,0.21053,0.16079,0.21398,0.9821,0.9821,0.9821,0.5827,0.75345,0.61606,0.88721,1.0028,0.93667,0.94193,0.8634,0.21398,0.0,0.0,5e-06,5.65e-20,3.1,3.1
774.4,0.14821,0.21714,0.16556,0.22033,0.98211,0.98211,0.98211,0.60063,0.77776,0.63522,0.88555,1.0019,0.93535,0.94198,0.86324,0.22033,0.0,0.0,5e-06,5.65e-20,3.1,3.1
774.8,0.15235,0.22373,0.17032,0.22666,0.98211,0.98211,0.98211,0.61855,0.80207,0.65439,0.88388,1.001,0.93402,0.94202,0.86308,0.22666,0.0,0.0,5e-06,5.65e-20,3.1,3.1
775.2,0.15613,0.22985,0.17469,0.23248,0.98212,0.98212,0.98212,0.63507,0.82465,0.67208,0.88221,1.0002,0.9327,0.94206,0.86292,0.23248,0.0,0.0,5e-06,5.65e-20,3.1,3.1
775.6,0.15333,0.22684,0.17181,0.22864,0.98213,0.98213,0.98213,0.62477,0.81447,0.66184,0.88055,0.99926,0.93138,0.94211,0.86276,0.22864,0.0,0.0,5e-06,5.65e-20,3.1,3.1
776.0,0.15054,0.22383,0.16893,0.22481,0.98213,0.98213,0.98213,0.61448,0.80429,0.6516,0.87888,0.99836,0.93005,0.94215,0.8626,0.22481,0.0,0.0,5e-06,5.65e-20,3.1,3.1
776.4,0.14774,0.2208,0.16604,0.22097,0.98214,0.98214,0.98214,0.60419,0.79411,0.64136,0.87722,0.99747,0.92873,0.94219,0.86244,0.22097,0.0,0.0,5e-06,5.65e-20,3.1,3.1
776.8,0.14495,0.21778,0.16316,0.21713,0.98214,0.98214,0.98214,0.5939,0.78393,0.63112,0.87555,0.99658,0.92741,0.94224,0.86228,0.21713,0.0,0.0,5e-06,5.65e-20,3.1,3.1
777.2,0.14218,0.21477,0.16029,0.21331,0.98215,0.98215,0.98215,0.58361,0.77375,0.62088,0.87389,0.99568,0.92609,0.94228,0.86212,0.21331,0.0,0.0,5e-06,5.65e-20,3.1,3.1
777.6,0.13941,0.21177,0.15743,0.20951,0.98216,0.98216,0.98216,0.57332,0.76357,0.61064,0.87222,0.99479,0.92476,0.94232,0.86196,0.20951,0.0,0.0,5e-06,5.65e-20,3.1,3.1
778.0,0.13574,0.20733,0.15353,0.20432,0.98217,0.98217,0.98217,0.55927,0.74825,0.59637,0.8705,0.99381,0.92337,0.94237,0.8618,0.20432,0.0,0.0,5e-06,5.65e-20,3.1,3.1
778.4,0.12841,0.19716,0.14547,0.19359,0.98218,0.98218,0.98218,0.53017,0.71237,0.56598,0.86863,0.99259,0.92179,0.94241,0.86164,0.19359,0.0,0.0,5e-06,5.65e-20,3.1,3.1
778.8,0.12111,0.18702,0.13744,0.1829,0.98219,0.98219,0.98219,0.50107,0.67648,0.5356,0.86676,0.99137,0.92021,0.94245,0.86148,0.1829,0.0,0.0,5e-06,5.65e-20,3.1,3.1
779.2,0.11384,0.17689,0.12943,0.17224,0.9822,0.9822,0.9822,0.47196,0.6406,0.50521,0.86488,0.99014,0.91863,0.9425,0.86132,0.17224,0.0,0.0,5e-06,5.65e-20,3.1,3.1
779.6,0.10659,0.16678,0.12144,0.16161,0.98221,0.98221,0.98221,0.44286,0.60471,0.47482,0.86301,0.98892,0.91705,0.94254,0.8611599999999999,0.16161,0.0,0.0,5e-06,5.65e-20,3.1,3.1
780.0,0.099378,0.1567,0.11348,0.15101,0.98222,0.98222,0.98222,0.41376,0.56882,0.44443,0.86114,0.98769,0.91547,0.94258,0.861,0.15101,0.0,0.0,5e-06,5.65e-20,3.1,3.1
780.4,0.092206,0.14666,0.10556,0.14047,0.98224,0.98224,0.98224,0.38466,0.53294,0.41404,0.85926,0.98647,0.91389,0.94262,0.86084,0.14047,0.0,0.0,5e-06,5.65e-20,3.1,3.1
780.8,0.084982,0.13623,0.097515,0.12977,0.98225,0.98225,0.98225,0.35522,0.49554,0.38307,0.85739,0.98525,0.91231,0.94267,0.86068,0.12977,0.0,0.0,5e-06,5.65e-20,3.1,3.1
781.2,0.077647,0.12512,0.089246,0.11876,0.98227,0.98227,0.98227,0.32521,0.4556,0.35114,0.85552,0.98402,0.91072,0.94271,0.86052,0.11876,0.0,0.0,5e-06,5.65e-20,3.1,3.1
781.6,0.070338,0.11402,0.081,0.10779,0.98229,0.98229,0.98229,0.29521,0.41567,0.3192,0.85365,0.9828,0.90914,0.94275,0.86036,0.10779,0.0,0.0,5e-06,5.65e-20,3.1,3.1
782.0,0.06306,0.10296,0.072779,0.096847,0.98231,0.98231,0.98231,0.26521,0.37574,0.28727,0.85177,0.98157,0.90756,0.9428,0.8602,0.096847,0.0,0.0,5e-06,5.65e-20,3.1,3.1
782.4,0.055813,0.091916,0.064587,0.085946,0.98232,0.98232,0.98232,0.2352,0.3358,0.25533,0.8499,0.98035,0.90598,0.94284,0.86004,0.085946,0.0,0.0,5e-06,5.65e-20,3.1,3.1
782.8,0.049027,0.081337,0.056828,0.07562,0.98235,0.98235,0.98235,0.2052,0.29587,0.2234,0.85556,0.98441,0.91091,0.94288,0.85988,0.07562,0.0,0.0,5e-06,5.65e-20,3.1,3.1
783.2,0.042143,0.070663,0.048977,0.065172,0.98237,0.98237,0.98237,0.17519,0.25594,0.19146,0.86123,0.98848,0.91585,0.94293,0.8597199999999999,0.065172,0.0,0.0,5e-06,5.65e-20,3.1,3.1
783.6,0.12565,0.18746,0.1412,0.18789,0.98239,0.98239,0.98239,0.51885,0.67606,0.54893,0.86689,0.99254,0.92078,0.94297,0.85956,0.18789,0.0,0.0,5e-06,5.65e-20,3.1,3.1
784.0,0.13069,0.19502,0.14678,0.19532,0.98241,0.98241,0.98241,0.53602,0.70035,0.56747,0.87255,0.9966,0.92571,0.94301,0.8593999999999999,0.19532,0.0,0.0,5e-06,5.65e-20,3.1,3.1
784.4,0.13577,0.20265,0.15241,0.20281,0.98244,0.98244,0.98244,0.5532,0.72464,0.58601,0.87822,1.0007,0.93064,0.94306,0.85924,0.20281,0.0,0.0,5e-06,5.65e-20,3.1,3.1
784.8,0.14032,0.20979,0.15755,0.20965,0.98246,0.98246,0.98246,0.57038,0.74894,0.60454,0.88017,1.0022,0.93238,0.9431,0.85908,0.20965,0.0,0.0,5e-06,5.65e-20,3.1,3.1
785.2,0.14429,0.21641,0.16217,0.21579,0.98248,0.98248,0.98248,0.58755,0.77323,0.62308,0.87842,1.0011,0.93093,0.94314,0.85888,0.21579,0.0,0.0,5e-06,5.65e-20,3.1,3.1
785.6,0.14825,0.22302,0.16677,0.22192,0.98251,0.98251,0.98251,0.60473,0.79752,0.64162,0.87667,0.99998,0.92948,0.94319,0.85864,0.22192,0.0,0.0,5e-06,5.65e-20,3.1,3.1
786.0,0.1522,0.22962,0.17137,0.22803,0.98253,0.98253,0.98253,0.6219,0.82182,0.66016,0.87492,0.99889,0.92803,0.94323,0.8583999999999999,0.22803,0.0,0.0,5e-06,5.65e-20,3.1,3.1
786.4,0.15297,0.23169,0.17244,0.22946,0.98256,0.98256,0.98256,0.62621,0.82998,0.66522,0.87317,0.9978,0.92657,0.94327,0.85816,0.22946,0.0,0.0,5e-06,5.65e-20,3.1,3.1
786.8,0.15028,0.22879,0.16966,0.22575,0.98258,0.98258,0.98258,0.61629,0.82031,0.6554,0.87142,0.99672,0.92512,0.94332,0.85792,0.22575,0.0,0.0,5e-06,5.65e-20,3.1,3.1
787.2,0.14759,0.22589,0.16689,0.22207,0.9826,0.9826,0.9826,0.60638,0.81064,0.64557,0.86967,0.99563,0.92367,0.94336,0.85768,0.22207,0.0,0.0,5e-06,5.65e-20,3.1,3.1
787.6,0.14493,0.22301,0.16413,0.2184,0.98263,0.98263,0.98263,0.59646,0.80098,0.63574,0.86792,0.99454,0.92221,0.9434,0.85744,0.2184,0.0,0.0,5e-06,5.65e-20,3.1,3.1
788.0,0.14227,0.22014,0.16138,0.21474,0.98265,0.98265,0.98265,0.58654,0.79131,0.62591,0.86617,0.99345,0.92076,0.94345,0.8572,0.21474,0.0,0.0,5e-06,5.65e-20,3.1,3.1
788.4,0.13961,0.21726,0.15864,0.21108,0.98267,0.98267,0.98267,0.57663,0.78164,0.61609,0.86442,0.99236,0.91931,0.94349,0.8569599999999999,0.21108,0.0,0.0,5e-06,5.65e-20,3.1,3.1
788.8,0.13696,0.21439,0.1559,0.20743,0.9827,0.9827,0.9827,0.56671,0.77198,0.60626,0.86267,0.99127,0.91786,0.94353,0.85672,0.20743,0.0,0.0,5e-06,5.65e-20,3.1,3.1
789.2,0.13245,0.20849,0.15101,0.20093,0.98272,0.98272,0.98272,0.54912,0.75155,0.58817,0.86085,0.99004,0.9163,0.94358,0.8564799999999999,0.20093,0.0,0.0,5e-06,5.65e-20,3.1,3.1
789.6,0.12544,0.19852,0.14325,0.19061,0.98274,0.98274,0.98274,0.52114,0.71656,0.55889,0.85897,0.98865,0.91465,0.94362,0.85624,0.19061,0.0,0.0,5e-06,5.65e-20,3.1,3.1
790.0,0.11846,0.18858,0.13551,0.18031,0.98276,0.98276,0.98276,0.49316,0.68156,0.52962,0.8571,0.98726,0.91299,0.94366,0.856,0.18031,0.0,0.0,5e-06,5.65e-20,3.1,3.1
790.4,0.11152,0.17868,0.12781,0.17006,0.98278,0.98278,0.98278,0.46518,0.64657,0.50034,0.85522,0.98587,0.91134,0.94371,0.85584,0.17006,0.0,0.0,5e-06,5.65e-20,3.1,3.1
790.8,0.1046,0.1688,0.12014,0.15985,0.9828,0.9828,0.9828,0.4372,0.61158,0.47107,0.85334,0.98448,0.90968,0.94375,0.85568,0.15985,0.0,0.0,5e-06,5.65e-20,3.1,3.1
791.2,0.097704,0.15894,0.11249,0.14967,0.98282,0.98282,0.98282,0.40923,0.57658,0.44179,0.85146,0.98309,0.90803,0.94379,0.85552,0.14967,0.0,0.0,5e-06,5.65e-20,3.1,3.1
791.6,0.090842,0.14912,0.10486,0.13952,0.98284,0.98284,0.98284,0.38125,0.54159,0.41252,0.84959,0.98171,0.90637,0.94384,0.85536,0.13952,0.0,0.0,5e-06,5.65e-20,3.1,3.1
792.0,0.083901,0.13884,0.097085,0.12918,0.98285,0.98285,0.98285,0.35283,0.50489,0.38255,0.84771,0.98032,0.90472,0.94388,0.8552,0.12918,0.0,0.0,5e-06,5.65e-20,3.1,3.1
792.4,0.076814,0.12781,0.089039,0.11847,0.98287,0.98287,0.98287,0.32368,0.46535,0.35142,0.84583,0.97893,0.90306,0.94392,0.85504,0.11847,0.0,0.0,5e-06,5.65e-20,3.1,3.1
792.8,0.069754,0.11681,0.081018,0.1078,0.98288,0.98288,0.98288,0.29453,0.42581,0.32029,0.84395,0.97754,0.90141,0.94396,0.85488,0.1078,0.0,0.0,5e-06,5.65e-20,3.1,3.1
793.2,0.062718,0.10582,0.073018,0.097152,0.9829,0.9829,0.9829,0.26538,0.38627,0.28915,0.84208,0.97615,0.89975,0.94401,0.8547199999999999,0.097152,0.0,0.0,5e-06,5.65e-20,3.1,3.1
793.6,0.055708,0.094862,0.065042,0.086538,0.98291,0.98291,0.98291,0.23623,0.34672,0.25802,0.8402,0.97476,0.8981,0.94405,0.85456,0.086538,0.0,0.0,5e-06,5.65e-20,3.1,3.1
794.0,0.048977,0.084212,0.057336,0.076286,0.98292,0.98292,0.98292,0.20708,0.30718,0.22689,0.84262,0.97666,0.90027,0.94409,0.8543999999999999,0.076286,0.0,0.0,5e-06,5.65e-20,3.1,3.1
794.4,0.042422,0.073766,0.049804,0.066264,0.98294,0.98294,0.98294,0.17793,0.26764,0.19576,0.84933,0.98183,0.90628,0.94414,0.85424,0.066264,0.0,0.0,5e-06,5.65e-20,3.1,3.1
794.8,0.12347,0.18663,0.13923,0.18524,0.98295,0.98295,0.98295,0.51376,0.67353,0.54361,0.85604,0.987,0.91229,0.94418,0.85408,0.18524,0.0,0.0,5e-06,5.65e-20,3.1,3.1
795.2,0.12837,0.19406,0.14467,0.19248,0.98296,0.98296,0.98296,0.52994,0.69662,0.56108,0.86276,0.99217,0.9183,0.94422,0.85392,0.19248,0.0,0.0,5e-06,5.65e-20,3.1,3.1
795.6,0.13335,0.20158,0.15018,0.19981,0.98297,0.98297,0.98297,0.54612,0.71971,0.57856,0.86947,0.99734,0.92431,0.94427,0.85376,0.19981,0.0,0.0,5e-06,5.65e-20,3.1,3.1
796.0,0.13771,0.20849,0.15511,0.20637,0.98298,0.98298,0.98298,0.5623,0.74281,0.59603,0.87194,0.9993,0.92654,0.94431,0.8536,0.20637,0.0,0.0,5e-06,5.65e-20,3.1,3.1
796.4,0.14139,0.21472,0.1594,0.21208,0.98299,0.98299,0.98299,0.57848,0.7659,0.6135,0.87016,0.99805,0.925,0.94435,0.85344,0.21208,0.0,0.0,5e-06,5.65e-20,3.1,3.1
796.8,0.14506,0.22092,0.16368,0.21776,0.983,0.983,0.983,0.59466,0.789,0.63098,0.86838,0.9968,0.92345,0.9444,0.85328,0.21776,0.0,0.0,5e-06,5.65e-20,3.1,3.1
797.2,0.14871,0.22712,0.16794,0.22344,0.98301,0.98301,0.98301,0.61083,0.81209,0.64845,0.8666,0.99554,0.92191,0.94444,0.85312,0.22344,0.0,0.0,5e-06,5.65e-20,3.1,3.1
797.6,0.15188,0.23264,0.17168,0.22841,0.98301,0.98301,0.98301,0.62508,0.83279,0.66391,0.86482,0.99429,0.92037,0.94448,0.8529599999999999,0.22841,0.0,0.0,5e-06,5.65e-20,3.1,3.1
798.0,0.14928,0.22991,0.169,0.22484,0.98302,0.98302,0.98302,0.61555,0.82394,0.65456,0.86304,0.99304,0.91883,0.94453,0.8528,0.22484,0.0,0.0,5e-06,5.65e-20,3.1,3.1
798.4,0.14667,0.22717,0.16631,0.22127,0.98303,0.98303,0.98303,0.60601,0.81509,0.6452,0.86126,0.99178,0.91729,0.94457,0.85264,0.22127,0.0,0.0,5e-06,5.65e-20,3.1,3.1
798.8,0.14407,0.22443,0.16364,0.2177,0.98303,0.98303,0.98303,0.59648,0.80624,0.63585,0.85948,0.99053,0.91574,0.94461,0.85248,0.2177,0.0,0.0,5e-06,5.65e-20,3.1,3.1
799.2,0.14148,0.2217,0.16097,0.21415,0.98304,0.98304,0.98304,0.58694,0.79739,0.6265,0.8577,0.98927,0.9142,0.94466,0.85232,0.21415,0.0,0.0,5e-06,5.65e-20,3.1,3.1
799.6,0.13891,0.21898,0.15831,0.21062,0.98305,0.98305,0.98305,0.5774,0.78855,0.61714,0.85592,0.98802,0.91266,0.9447,0.8521599999999999,0.21062,0.0,0.0,5e-06,5.65e-20,3.1,3.1
800.0,0.13634,0.21626,0.15566,0.20709,0.98305,0.98305,0.98305,0.56787,0.7797,0.60779,0.85414,0.98677,0.91112,0.94474,0.852,0.20709,0.0,0.0,5e-06,5.65e-20,3.1,3.1
800.4,0.13378,0.21355,0.15301,0.20357,0.98306,0.98306,0.98306,0.55833,0.77085,0.59844,0.85236,0.98551,0.90958,0.94479,0.85184,0.20357,0.0,0.0,5e-06,5.65e-20,3.1,3.1
800.8,0.12779,0.20521,0.14642,0.1948,0.98306,0.98306,0.98306,0.53449,0.74174,0.57368,0.85046,0.98411,0.9079,0.94483,0.85168,0.1948,0.0,0.0,5e-06,5.65e-20,3.1,3.1
801.2,0.12109,0.19569,0.13901,0.18494,0.98307,0.98307,0.98307,0.50762,0.70833,0.54565,0.84851,0.98267,0.90617,0.94487,0.8515199999999999,0.18494,0.0,0.0,5e-06,5.65e-20,3.1,3.1
801.6,0.11443,0.1862,0.13163,0.17512,0.98307,0.98307,0.98307,0.48075,0.67492,0.51763,0.84656,0.98122,0.90445,0.94492,0.85136,0.17512,0.0,0.0,5e-06,5.65e-20,3.1,3.1
802.0,0.10779,0.17673,0.12427,0.16533,0.98307,0.98307,0.98307,0.45388,0.64151,0.4896,0.84461,0.97977,0.90273,0.94496,0.8512,0.16533,0.0,0.0,5e-06,5.65e-20,3.1,3.1
802.4,0.10119,0.1673,0.11695,0.15559,0.98308,0.98308,0.98308,0.42701,0.60811,0.46157,0.84266,0.97833,0.901,0.945,0.85104,0.15559,0.0,0.0,5e-06,5.65e-20,3.1,3.1
802.8,0.094613,0.1579,0.10965,0.14588,0.98308,0.98308,0.98308,0.40014,0.5747,0.43355,0.84071,0.97688,0.89928,0.94505,0.85088,0.14588,0.0,0.0,5e-06,5.65e-20,3.1,3.1
803.2,0.088062,0.14851,0.10238,0.1362,0.98309,0.98309,0.98309,0.37327,0.54129,0.40552,0.83876,0.97543,0.89756,0.94509,0.8507199999999999,0.1362,0.0,0.0,5e-06,5.65e-20,3.1,3.1
803.6,0.081321,0.13828,0.094781,0.12609,0.98309,0.98309,0.98309,0.34548,0.50474,0.37613,0.83681,0.97398,0.89583,0.94513,0.85056,0.12609,0.0,0.0,5e-06,5.65e-20,3.1,3.1
804.0,0.07445,0.12745,0.086959,0.11568,0.98309,0.98309,0.98309,0.31702,0.46587,0.34574,0.83486,0.97254,0.89411,0.94518,0.8503999999999999,0.11568,0.0,0.0,5e-06,5.65e-20,3.1,3.1
804.4,0.067607,0.11664,0.079162,0.10531,0.9831,0.9831,0.9831,0.28855,0.427,0.31535,0.83291,0.97109,0.89239,0.94522,0.85024,0.10531,0.0,0.0,5e-06,5.65e-20,3.1,3.1
804.8,0.060796,0.10587,0.071395,0.094978,0.9831,0.9831,0.9831,0.26008,0.38813,0.28495,0.83096,0.96964,0.89066,0.94526,0.85008,0.094978,0.0,0.0,5e-06,5.65e-20,3.1,3.1
805.2,0.054018,0.095129,0.06366,0.084688,0.98311,0.98311,0.98311,0.23162,0.34926,0.25456,0.82901,0.96819,0.88894,0.9453,0.84992,0.084688,0.0,0.0,5e-06,5.65e-20,3.1,3.1
805.6,0.047544,0.084755,0.056228,0.074801,0.98311,0.98311,0.98311,0.20315,0.31039,0.22417,0.83181,0.97055,0.89153,0.94535,0.84976,0.074801,0.0,0.0,5e-06,5.65e-20,3.1,3.1
806.0,0.041257,0.074619,0.048986,0.065166,0.98311,0.98311,0.98311,0.17468,0.27152,0.19378,0.83936,0.9767,0.89842,0.94539,0.8496,0.065166,0.0,0.0,5e-06,5.65e-20,3.1,3.1
806.4,0.12343,0.18889,0.13963,0.18575,0.98312,0.98312,0.98312,0.51786,0.68292,0.54806,0.84691,0.98285,0.90532,0.94543,0.84944,0.18575,0.0,0.0,5e-06,5.65e-20,3.1,3.1
806.8,0.12812,0.19615,0.14486,0.19271,0.98312,0.98312,0.98312,0.53274,0.70463,0.5642,0.85446,0.989,0.91221,0.94548,0.84928,0.19271,0.0,0.0,5e-06,5.65e-20,3.1,3.1
807.2,0.13288,0.20348,0.15015,0.19975,0.98313,0.98313,0.98313,0.54762,0.72634,0.58035,0.86201,0.99515,0.91911,0.94552,0.84912,0.19975,0.0,0.0,5e-06,5.65e-20,3.1,3.1
807.6,0.13659,0.2097,0.15444,0.20545,0.98313,0.98313,0.98313,0.5625,0.74805,0.59649,0.86254,0.99572,0.91965,0.94556,0.8489599999999999,0.20545,0.0,0.0,5e-06,5.65e-20,3.1,3.1
808.0,0.13993,0.21553,0.15836,0.21067,0.98314,0.98314,0.98314,0.57737,0.76976,0.61263,0.86073,0.99443,0.91807,0.94561,0.8488,0.21067,0.0,0.0,5e-06,5.65e-20,3.1,3.1
808.4,0.14324,0.22134,0.16227,0.21586,0.98315,0.98315,0.98315,0.59225,0.79147,0.62877,0.85891,0.99314,0.91649,0.94565,0.84864,0.21586,0.0,0.0,5e-06,5.65e-20,3.1,3.1
808.8,0.14654,0.22713,0.16616,0.22104,0.98315,0.98315,0.98315,0.60713,0.81318,0.64492,0.8571,0.99185,0.91491,0.94569,0.84848,0.22104,0.0,0.0,5e-06,5.65e-20,3.1,3.1
809.2,0.14982,0.23291,0.17004,0.22619,0.98316,0.98316,0.98316,0.62201,0.83489,0.66106,0.85529,0.99056,0.91333,0.94574,0.84832,0.22619,0.0,0.0,5e-06,5.65e-20,3.1,3.1
809.6,0.14818,0.23148,0.16841,0.22402,0.98317,0.98317,0.98317,0.61645,0.83083,0.65582,0.85347,0.98927,0.91175,0.94578,0.8481599999999999,0.22402,0.0,0.0,5e-06,5.65e-20,3.1,3.1
810.0,0.14567,0.2288,0.16581,0.22057,0.98318,0.98318,0.98318,0.60727,0.82221,0.64681,0.85166,0.98797,0.91017,0.94582,0.848,0.22057,0.0,0.0,5e-06,5.65e-20,3.1,3.1
810.4,0.14319,0.22614,0.16325,0.21716,0.98319,0.98319,0.98319,0.5981,0.81359,0.6378,0.84984,0.98668,0.90859,0.94587,0.848,0.21716,0.0,0.0,5e-06,5.65e-20,3.1,3.1
810.8,0.14072,0.22349,0.16069,0.21375,0.9832,0.9832,0.9832,0.58893,0.80497,0.62878,0.84803,0.98539,0.90701,0.94591,0.848,0.21375,0.0,0.0,5e-06,5.65e-20,3.1,3.1
811.2,0.13825,0.22085,0.15814,0.21036,0.98321,0.98321,0.98321,0.57976,0.79636,0.61977,0.84622,0.9841,0.90543,0.94595,0.848,0.21036,0.0,0.0,5e-06,5.65e-20,3.1,3.1
811.6,0.1358,0.21821,0.15559,0.20697,0.98322,0.98322,0.98322,0.57059,0.78774,0.61076,0.8444,0.98281,0.90385,0.946,0.848,0.20697,0.0,0.0,5e-06,5.65e-20,3.1,3.1
812.0,0.13335,0.21557,0.15305,0.20359,0.98323,0.98323,0.98323,0.56142,0.77912,0.60175,0.84259,0.98152,0.90227,0.94604,0.848,0.20359,0.0,0.0,5e-06,5.65e-20,3.1,3.1
812.4,0.12929,0.21024,0.14865,0.19774,0.98324,0.98324,0.98324,0.54548,0.76082,0.58543,0.84074,0.98018,0.90066,0.94608,0.848,0.19774,0.0,0.0,5e-06,5.65e-20,3.1,3.1
812.8,0.12283,0.2009,0.14147,0.18818,0.98325,0.98325,0.98325,0.51937,0.72801,0.55815,0.8388,0.97872,0.89893,0.94613,0.848,0.18818,0.0,0.0,5e-06,5.65e-20,3.1,3.1
813.2,0.1164,0.19158,0.13431,0.17866,0.98326,0.98326,0.98326,0.49326,0.69519,0.53087,0.83685,0.97726,0.8972,0.94617,0.848,0.17866,0.0,0.0,5e-06,5.65e-20,3.1,3.1
813.6,0.11,0.1823,0.12719,0.16918,0.98328,0.98328,0.98328,0.46715,0.66238,0.5036,0.8349,0.97579,0.89547,0.94621,0.848,0.16918,0.0,0.0,5e-06,5.65e-20,3.1,3.1
814.0,0.10363,0.17303,0.12009,0.15974,0.98329,0.98329,0.98329,0.44105,0.62956,0.47632,0.83295,0.97433,0.89374,0.94626,0.848,0.15974,0.0,0.0,5e-06,5.65e-20,3.1,3.1
814.4,0.097272,0.16377,0.11299,0.1503,0.9833,0.9833,0.9833,0.41494,0.59674,0.44904,0.831,0.97286,0.89202,0.9463,0.848,0.1503,0.0,0.0,5e-06,5.65e-20,3.1,3.1
814.8,0.09094,0.15454,0.10593,0.1409,0.98331,0.98331,0.98331,0.38883,0.56393,0.42176,0.82906,0.9714,0.89029,0.94634,0.848,0.1409,0.0,0.0,5e-06,5.65e-20,3.1,3.1
815.2,0.084642,0.14534,0.098892,0.13154,0.98333,0.98333,0.98333,0.36273,0.53111,0.39448,0.82711,0.96994,0.88856,0.94639,0.8479599999999999,0.13154,0.0,0.0,5e-06,5.65e-20,3.1,3.1
815.6,0.078095,0.13496,0.091429,0.12161,0.98334,0.98334,0.98334,0.33542,0.49388,0.36538,0.82516,0.96847,0.88683,0.94641,0.84788,0.12161,0.0,0.0,5e-06,5.65e-20,3.1,3.1
816.0,0.071555,0.12454,0.08396,0.11168,0.98335,0.98335,0.98335,0.30804,0.45641,0.33617,0.82321,0.96701,0.8851,0.94634,0.8478,0.11168,0.0,0.0,5e-06,5.65e-20,3.1,3.1
816.4,0.065042,0.11414,0.076517,0.10178,0.98336,0.98336,0.98336,0.28067,0.41895,0.30697,0.82127,0.96555,0.88337,0.94628,0.84772,0.10178,0.0,0.0,5e-06,5.65e-20,3.1,3.1
816.8,0.05856,0.10378,0.069103,0.091915,0.98337,0.98337,0.98337,0.2533,0.38148,0.27777,0.81932,0.96408,0.88164,0.94621,0.84764,0.091915,0.0,0.0,5e-06,5.65e-20,3.1,3.1
817.2,0.052107,0.093443,0.061716,0.082089,0.98338,0.98338,0.98338,0.22593,0.34402,0.24857,0.81737,0.96262,0.87992,0.94615,0.84756,0.082089,0.0,0.0,5e-06,5.65e-20,3.1,3.1
817.6,0.045836,0.083332,0.054511,0.072506,0.98339,0.98339,0.98339,0.19855,0.30655,0.21936,0.81815,0.9634,0.88069,0.94608,0.84748,0.072506,0.0,0.0,5e-06,5.65e-20,3.1,3.1
818.0,0.039949,0.073716,0.047697,0.063442,0.9834,0.9834,0.9834,0.17118,0.26909,0.19016,0.8271,0.97091,0.88896,0.94602,0.8473999999999999,0.063442,0.0,0.0,5e-06,5.65e-20,3.1,3.1
818.4,0.12262,0.19167,0.13954,0.18561,0.98341,0.98341,0.98341,0.51977,0.69425,0.55117,0.83605,0.97842,0.89723,0.94595,0.84732,0.18561,0.0,0.0,5e-06,5.65e-20,3.1,3.1
818.8,0.12734,0.19916,0.14483,0.19263,0.98342,0.98342,0.98342,0.53404,0.71581,0.56678,0.84501,0.98594,0.9055,0.94589,0.84724,0.19263,0.0,0.0,5e-06,5.65e-20,3.1,3.1
819.2,0.13213,0.20672,0.15017,0.19974,0.98343,0.98343,0.98343,0.54831,0.73737,0.58238,0.85396,0.99345,0.91377,0.94582,0.8471599999999999,0.19974,0.0,0.0,5e-06,5.65e-20,3.1,3.1
819.6,0.13527,0.21246,0.15391,0.20472,0.98344,0.98344,0.98344,0.56258,0.75893,0.59799,0.8521,0.99207,0.91212,0.94576,0.8470799999999999,0.20472,0.0,0.0,5e-06,5.65e-20,3.1,3.1
820.0,0.13839,0.21817,0.15764,0.20967,0.98345,0.98345,0.98345,0.57685,0.78048,0.61359,0.85024,0.99068,0.91048,0.94569,0.847,0.20967,0.0,0.0,5e-06,5.65e-20,3.1,3.1
820.4,0.1415,0.22388,0.16135,0.21461,0.98345,0.98345,0.98345,0.59112,0.80204,0.6292,0.84838,0.9893,0.90883,0.94563,0.847,0.21461,0.0,0.0,5e-06,5.65e-20,3.1,3.1
820.8,0.1446,0.22957,0.16505,0.21952,0.98346,0.98346,0.98346,0.60539,0.8236,0.6448,0.84652,0.98791,0.90719,0.94556,0.847,0.21952,0.0,0.0,5e-06,5.65e-20,3.1,3.1
821.2,0.14768,0.23525,0.16873,0.22443,0.98346,0.98346,0.98346,0.61966,0.84516,0.66041,0.84466,0.98653,0.90554,0.9455,0.847,0.22443,0.0,0.0,5e-06,5.65e-20,3.1,3.1
821.6,0.14649,0.23447,0.1676,0.22292,0.98347,0.98347,0.98347,0.616,0.84351,0.65717,0.8428,0.98515,0.90389,0.94543,0.847,0.22292,0.0,0.0,5e-06,5.65e-20,3.1,3.1
822.0,0.14406,0.23181,0.16508,0.21956,0.98347,0.98347,0.98347,0.60714,0.83513,0.64845,0.84093,0.98376,0.90225,0.94536,0.847,0.21956,0.0,0.0,5e-06,5.65e-20,3.1,3.1
822.4,0.14164,0.22915,0.16256,0.21621,0.98347,0.98347,0.98347,0.59828,0.82675,0.63973,0.83907,0.98238,0.9006,0.9453,0.847,0.21621,0.0,0.0,5e-06,5.65e-20,3.1,3.1
822.8,0.13923,0.2265,0.16004,0.21286,0.98348,0.98348,0.98348,0.58942,0.81836,0.63102,0.83721,0.981,0.89895,0.94523,0.847,0.21286,0.0,0.0,5e-06,5.65e-20,3.1,3.1
823.2,0.13683,0.22386,0.15754,0.20953,0.98348,0.98348,0.98348,0.58056,0.80998,0.6223,0.83535,0.97961,0.89731,0.94517,0.847,0.20953,0.0,0.0,5e-06,5.65e-20,3.1,3.1
823.6,0.13444,0.22123,0.15505,0.20622,0.98348,0.98348,0.98348,0.5717,0.8016,0.61359,0.83349,0.97823,0.89566,0.9451,0.847,0.20622,0.0,0.0,5e-06,5.65e-20,3.1,3.1
824.0,0.13206,0.21861,0.15257,0.20292,0.98348,0.98348,0.98348,0.56285,0.79321,0.60487,0.83163,0.97684,0.89402,0.94504,0.847,0.20292,0.0,0.0,5e-06,5.65e-20,3.1,3.1
824.4,0.12939,0.21548,0.14974,0.19916,0.98349,0.98349,0.98349,0.55275,0.78304,0.59482,0.82977,0.97546,0.89237,0.94497,0.847,0.19916,0.0,0.0,5e-06,5.65e-20,3.1,3.1
824.8,0.12316,0.20627,0.14277,0.18989,0.98349,0.98349,0.98349,0.52743,0.75081,0.56832,0.8278,0.97393,0.8906,0.94491,0.847,0.18989,0.0,0.0,5e-06,5.65e-20,3.1,3.1
825.2,0.11696,0.19709,0.13584,0.18066,0.98349,0.98349,0.98349,0.50211,0.71858,0.54181,0.82584,0.9724,0.88884,0.94484,0.8469599999999999,0.18066,0.0,0.0,5e-06,5.65e-20,3.1,3.1
825.6,0.1108,0.18796,0.12894,0.17148,0.98349,0.98349,0.98349,0.47679,0.68634,0.51531,0.82387,0.97087,0.88707,0.94478,0.84688,0.17148,0.0,0.0,5e-06,5.65e-20,3.1,3.1
826.0,0.10467,0.17885,0.12206,0.16234,0.98349,0.98349,0.98349,0.45147,0.65411,0.4888,0.8219,0.96934,0.8853,0.94471,0.8468,0.16234,0.0,0.0,5e-06,5.65e-20,3.1,3.1
826.4,0.098558,0.16976,0.11521,0.15322,0.9835,0.9835,0.9835,0.42615,0.62188,0.46229,0.81994,0.96781,0.88353,0.94465,0.84672,0.15322,0.0,0.0,5e-06,5.65e-20,3.1,3.1
826.8,0.092476,0.1607,0.10838,0.14415,0.9835,0.9835,0.9835,0.40083,0.58964,0.43579,0.81797,0.96628,0.88177,0.94458,0.84664,0.14415,0.0,0.0,5e-06,5.65e-20,3.1,3.1
827.2,0.08642,0.15167,0.10158,0.1351,0.9835,0.9835,0.9835,0.37551,0.55741,0.40928,0.816,0.96475,0.88,0.94452,0.84656,0.1351,0.0,0.0,5e-06,5.65e-20,3.1,3.1
827.6,0.080297,0.14217,0.094635,0.12586,0.98351,0.98351,0.98351,0.34979,0.52342,0.38212,0.81404,0.96322,0.87823,0.94445,0.84648,0.12586,0.0,0.0,5e-06,5.65e-20,3.1,3.1
828.0,0.074068,0.132,0.087475,0.11634,0.98351,0.98351,0.98351,0.32348,0.48678,0.35397,0.81207,0.96169,0.87646,0.94439,0.8463999999999999,0.11634,0.0,0.0,5e-06,5.65e-20,3.1,3.1
828.4,0.067879,0.12187,0.080355,0.10687,0.98352,0.98352,0.98352,0.29717,0.45015,0.32581,0.8101,0.96016,0.8747,0.94432,0.84632,0.10687,0.0,0.0,5e-06,5.65e-20,3.1,3.1
828.8,0.061719,0.11177,0.073264,0.097436,0.98352,0.98352,0.98352,0.27086,0.41352,0.29766,0.80814,0.95863,0.87293,0.94426,0.84624,0.097436,0.0,0.0,5e-06,5.65e-20,3.1,3.1
829.2,0.055587,0.10171,0.0662,0.08804,0.98353,0.98353,0.98353,0.24454,0.37689,0.26951,0.80617,0.9571,0.87116,0.94419,0.8461599999999999,0.08804,0.0,0.0,5e-06,5.65e-20,3.1,3.1
829.6,0.049483,0.091674,0.059162,0.078681,0.98354,0.98354,0.98354,0.21823,0.34025,0.24135,0.8042,0.95557,0.86939,0.94413,0.8460799999999999,0.078681,0.0,0.0,5e-06,5.65e-20,3.1,3.1
830.0,0.043733,0.082105,0.052487,0.069803,0.98355,0.98355,0.98355,0.19192,0.30362,0.2132,0.80822,0.95911,0.87317,0.94406,0.846,0.069803,0.0,0.0,5e-06,5.65e-20,3.1,3.1
830.4,0.038201,0.072843,0.04604,0.061229,0.98356,0.98356,0.98356,0.1656,0.26699,0.18505,0.81821,0.96771,0.88249,0.944,0.8460799999999999,0.061229,0.0,0.0,5e-06,5.65e-20,3.1,3.1
830.8,0.1221,0.1957,0.13987,0.18602,0.98357,0.98357,0.98357,0.52293,0.71101,0.55633,0.8282,0.97631,0.89181,0.94393,0.8461599999999999,0.18602,0.0,0.0,5e-06,5.65e-20,3.1,3.1
831.2,0.12687,0.20314,0.14519,0.19309,0.98358,0.98358,0.98358,0.5369,0.73163,0.57154,0.83819,0.98491,0.90113,0.94387,0.84624,0.19309,0.0,0.0,5e-06,5.65e-20,3.1,3.1
831.6,0.13079,0.20962,0.14968,0.19906,0.98359,0.98359,0.98359,0.55087,0.75225,0.58674,0.84225,0.98847,0.90494,0.9438,0.84632,0.19906,0.0,0.0,5e-06,5.65e-20,3.1,3.1
832.0,0.13381,0.21503,0.15327,0.20383,0.9836,0.9836,0.9836,0.56483,0.77287,0.60194,0.84038,0.98699,0.90325,0.94374,0.8463999999999999,0.20383,0.0,0.0,5e-06,5.65e-20,3.1,3.1
832.4,0.13681,0.22043,0.15684,0.20858,0.98362,0.98362,0.98362,0.5788,0.7935,0.61715,0.83851,0.9855,0.90155,0.94367,0.84648,0.20858,0.0,0.0,5e-06,5.65e-20,3.1,3.1
832.8,0.13979,0.22581,0.16039,0.2133,0.98363,0.98363,0.98363,0.59277,0.81412,0.63235,0.83664,0.98402,0.89986,0.94361,0.84656,0.2133,0.0,0.0,5e-06,5.65e-20,3.1,3.1
833.2,0.14276,0.23118,0.16394,0.21801,0.98364,0.98364,0.98364,0.60674,0.83474,0.64756,0.83477,0.98254,0.89816,0.94354,0.84664,0.21801,0.0,0.0,5e-06,5.65e-20,3.1,3.1
833.6,0.14572,0.23653,0.16747,0.22271,0.98366,0.98366,0.98366,0.62071,0.85536,0.66276,0.8329,0.98105,0.89647,0.94347,0.84672,0.22271,0.0,0.0,5e-06,5.65e-20,3.1,3.1
834.0,0.1446,0.23566,0.16639,0.22127,0.98367,0.98367,0.98367,0.61733,0.8535,0.65974,0.83103,0.97957,0.89478,0.94341,0.8468,0.22127,0.0,0.0,5e-06,5.65e-20,3.1,3.1
834.4,0.1423,0.23297,0.16397,0.21806,0.98369,0.98369,0.98369,0.60892,0.84512,0.65143,0.82916,0.97809,0.89308,0.94334,0.84688,0.21806,0.0,0.0,5e-06,5.65e-20,3.1,3.1
834.8,0.14001,0.2303,0.16156,0.21485,0.9837,0.9837,0.9837,0.60051,0.83674,0.64313,0.82729,0.97661,0.89139,0.94328,0.8469599999999999,0.21485,0.0,0.0,5e-06,5.65e-20,3.1,3.1
835.2,0.13774,0.22764,0.15917,0.21167,0.98371,0.98371,0.98371,0.5921,0.82835,0.63482,0.82542,0.97512,0.88969,0.94321,0.84704,0.21167,0.0,0.0,5e-06,5.65e-20,3.1,3.1
835.6,0.13548,0.225,0.15679,0.20851,0.98372,0.98372,0.98372,0.58369,0.81997,0.62651,0.82355,0.97364,0.888,0.94315,0.84712,0.20851,0.0,0.0,5e-06,5.65e-20,3.1,3.1
836.0,0.13323,0.22237,0.15443,0.20536,0.98374,0.98374,0.98374,0.57528,0.81158,0.6182,0.82168,0.97216,0.8863,0.94308,0.8472,0.20536,0.0,0.0,5e-06,5.65e-20,3.1,3.1
836.4,0.13098,0.21974,0.15206,0.20222,0.98375,0.98375,0.98375,0.56687,0.8032,0.60989,0.81981,0.97067,0.88461,0.94302,0.8472799999999999,0.20222,0.0,0.0,5e-06,5.65e-20,3.1,3.1
836.8,0.12875,0.21712,0.14971,0.19908,0.98376,0.98376,0.98376,0.55846,0.79482,0.60159,0.81794,0.96919,0.88291,0.94295,0.84736,0.19908,0.0,0.0,5e-06,5.65e-20,3.1,3.1
837.2,0.12335,0.2091,0.14367,0.19105,0.98377,0.98377,0.98377,0.53635,0.76671,0.57849,0.81601,0.96761,0.88114,0.94289,0.84744,0.19105,0.0,0.0,5e-06,5.65e-20,3.1,3.1
837.6,0.11742,0.20013,0.13699,0.18216,0.98377,0.98377,0.98377,0.51181,0.73512,0.55277,0.81405,0.966,0.87935,0.94282,0.8475199999999999,0.18216,0.0,0.0,5e-06,5.65e-20,3.1,3.1
838.0,0.11151,0.19118,0.13033,0.17331,0.98378,0.98378,0.98378,0.48728,0.70353,0.52706,0.8121,0.96439,0.87755,0.94276,0.8476,0.17331,0.0,0.0,5e-06,5.65e-20,3.1,3.1
838.4,0.10563,0.18229,0.12371,0.16451,0.98379,0.98379,0.98379,0.46275,0.67194,0.50135,0.81015,0.96278,0.87576,0.94269,0.84768,0.16451,0.0,0.0,5e-06,5.65e-20,3.1,3.1
838.8,0.099787,0.17342,0.11712,0.15575,0.98379,0.98379,0.98379,0.43822,0.64036,0.47564,0.80819,0.96116,0.87396,0.94263,0.84776,0.15575,0.0,0.0,5e-06,5.65e-20,3.1,3.1
839.2,0.093971,0.16458,0.11056,0.14702,0.98379,0.98379,0.98379,0.41368,0.60877,0.44993,0.80624,0.95955,0.87216,0.94256,0.84784,0.14702,0.0,0.0,5e-06,5.65e-20,3.1,3.1
839.6,0.088184,0.15578,0.10403,0.13833,0.98379,0.98379,0.98379,0.38915,0.57718,0.42422,0.80429,0.95794,0.87037,0.9425,0.84792,0.13833,0.0,0.0,5e-06,5.65e-20,3.1,3.1
840.0,0.082423,0.147,0.097521,0.12968,0.98379,0.98379,0.98379,0.36462,0.54559,0.39851,0.80233,0.95633,0.86857,0.94243,0.848,0.12968,0.0,0.0,5e-06,5.65e-20,3.1,3.1
840.4,0.076486,0.13724,0.090677,0.12058,0.98379,0.98379,0.98379,0.33919,0.51024,0.37132,0.80038,0.95472,0.86678,0.94237,0.8481599999999999,0.12058,0.0,0.0,5e-06,5.65e-20,3.1,3.1
840.8,0.070561,0.12743,0.083831,0.11147,0.98379,0.98379,0.98379,0.31369,0.47459,0.34402,0.79843,0.9531,0.86498,0.9423,0.84832,0.11147,0.0,0.0,5e-06,5.65e-20,3.1,3.1
841.2,0.064659,0.11765,0.077008,0.1024,0.98378,0.98378,0.98378,0.2882,0.43893,0.31671,0.79648,0.95149,0.86319,0.94224,0.84848,0.1024,0.0,0.0,5e-06,5.65e-20,3.1,3.1
841.6,0.058783,0.10789,0.070209,0.093359,0.98377,0.98377,0.98377,0.2627,0.40328,0.2894,0.79452,0.94988,0.86139,0.94217,0.84864,0.093359,0.0,0.0,5e-06,5.65e-20,3.1,3.1
842.0,0.052936,0.098163,0.06344,0.084357,0.98376,0.98376,0.98376,0.2372,0.36763,0.2621,0.79257,0.94827,0.85959,0.94211,0.8488,0.084357,0.0,0.0,5e-06,5.65e-20,3.1,3.1
842.4,0.047125,0.088485,0.056708,0.075405,0.98375,0.98375,0.98375,0.2117,0.33198,0.23479,0.79062,0.94666,0.8578,0.94204,0.8489599999999999,0.075405,0.0,0.0,5e-06,5.65e-20,3.1,3.1
842.8,0.041708,0.079349,0.050385,0.066998,0.98374,0.98374,0.98374,0.1862,0.29632,0.20749,0.79563,0.95112,0.86254,0.94198,0.84912,0.066998,0.0,0.0,5e-06,5.65e-20,3.1,3.1
843.2,0.036533,0.070566,0.04432,0.058932,0.98373,0.98373,0.98373,0.1607,0.26067,0.18018,0.8076,0.96167,0.87381,0.94191,0.84928,0.058932,0.0,0.0,5e-06,5.65e-20,3.1,3.1
843.6,0.12309,0.19715,0.14129,0.18788,0.98372,0.98372,0.98372,0.53362,0.7205,0.56722,0.81957,0.97222,0.88508,0.94185,0.84944,0.18788,0.0,0.0,5e-06,5.65e-20,3.1,3.1
844.0,0.12804,0.20489,0.14682,0.19523,0.9837,0.9837,0.9837,0.54723,0.7409,0.58211,0.83154,0.98277,0.89635,0.94178,0.8496,0.19523,0.0,0.0,5e-06,5.65e-20,3.1,3.1
844.4,0.13091,0.21016,0.15026,0.1998,0.98369,0.98369,0.98369,0.56084,0.76131,0.59701,0.82964,0.98119,0.8946,0.94171,0.84976,0.1998,0.0,0.0,5e-06,5.65e-20,3.1,3.1
844.8,0.13375,0.21541,0.15368,0.20435,0.98368,0.98368,0.98368,0.57445,0.78172,0.61191,0.82774,0.97961,0.89284,0.94165,0.84992,0.20435,0.0,0.0,5e-06,5.65e-20,3.1,3.1
845.2,0.13659,0.22064,0.15709,0.20888,0.98366,0.98366,0.98366,0.58806,0.80213,0.62681,0.82584,0.97802,0.89109,0.94158,0.85012,0.20888,0.0,0.0,5e-06,5.65e-20,3.1,3.1
845.6,0.13941,0.22586,0.16049,0.21339,0.98365,0.98365,0.98365,0.60167,0.82253,0.64171,0.82394,0.97644,0.88934,0.94152,0.85036,0.21339,0.0,0.0,5e-06,5.65e-20,3.1,3.1
846.0,0.14221,0.23106,0.16387,0.21789,0.98363,0.98363,0.98363,0.61528,0.84294,0.6566,0.82204,0.97486,0.88758,0.94145,0.8506,0.21789,0.0,0.0,5e-06,5.65e-20,3.1,3.1
846.4,0.14499,0.23621,0.16722,0.22234,0.98362,0.98362,0.98362,0.62889,0.86335,0.6715,0.82014,0.97328,0.88583,0.94139,0.8508399999999999,0.22234,0.0,0.0,5e-06,5.65e-20,3.1,3.1
846.8,0.1436,0.23495,0.16583,0.22049,0.98361,0.98361,0.98361,0.62441,0.86032,0.66739,0.81824,0.97169,0.88407,0.94132,0.85108,0.22049,0.0,0.0,5e-06,5.65e-20,3.1,3.1
847.2,0.14133,0.23235,0.16345,0.21733,0.9836,0.9836,0.9836,0.61609,0.85233,0.65924,0.81634,0.97011,0.88232,0.94126,0.85132,0.21733,0.0,0.0,5e-06,5.65e-20,3.1,3.1
847.6,0.13908,0.22976,0.16108,0.21418,0.98358,0.98358,0.98358,0.60778,0.84433,0.65109,0.81444,0.96853,0.88057,0.94119,0.85156,0.21418,0.0,0.0,5e-06,5.65e-20,3.1,3.1
848.0,0.13683,0.22718,0.15873,0.21105,0.98357,0.98357,0.98357,0.59946,0.83634,0.64294,0.81254,0.96695,0.87881,0.94113,0.8518,0.21105,0.0,0.0,5e-06,5.65e-20,3.1,3.1
848.4,0.13459,0.2246,0.15637,0.20792,0.98356,0.98356,0.98356,0.59115,0.82834,0.63479,0.81064,0.96536,0.87706,0.94106,0.85204,0.20792,0.0,0.0,5e-06,5.65e-20,3.1,3.1
848.8,0.13237,0.22203,0.15403,0.2048,0.98356,0.98356,0.98356,0.58283,0.82035,0.62665,0.80874,0.96378,0.87531,0.941,0.8522799999999999,0.2048,0.0,0.0,5e-06,5.65e-20,3.1,3.1
849.2,0.13015,0.21947,0.1517,0.2017,0.98355,0.98355,0.98355,0.57452,0.81235,0.6185,0.80684,0.9622,0.87355,0.94093,0.8525200000000001,0.2017,0.0,0.0,5e-06,5.65e-20,3.1,3.1
849.6,0.12795,0.21693,0.14939,0.19863,0.98354,0.98354,0.98354,0.5662,0.80436,0.61035,0.80494,0.96062,0.8718,0.94087,0.85276,0.19863,0.0,0.0,5e-06,5.65e-20,3.1,3.1
850.0,0.12336,0.21024,0.14426,0.19181,0.98354,0.98354,0.98354,0.54722,0.78095,0.59066,0.80303,0.95898,0.87002,0.9408,0.853,0.19181,0.0,0.0,5e-06,5.65e-20,3.1,3.1
850.4,0.11763,0.20157,0.1378,0.18321,0.98354,0.98354,0.98354,0.52311,0.75012,0.56542,0.80112,0.95734,0.86824,0.94074,0.8531599999999999,0.18321,0.0,0.0,5e-06,5.65e-20,3.1,3.1
850.8,0.11193,0.19293,0.13136,0.17465,0.98354,0.98354,0.98354,0.49899,0.7193,0.54019,0.79921,0.95569,0.86645,0.94067,0.85332,0.17465,0.0,0.0,5e-06,5.65e-20,3.1,3.1
851.2,0.10625,0.18432,0.12495,0.16613,0.98354,0.98354,0.98354,0.47488,0.68847,0.51495,0.79731,0.95404,0.86466,0.94061,0.85348,0.16613,0.0,0.0,5e-06,5.65e-20,3.1,3.1
851.6,0.1006,0.17574,0.11857,0.15764,0.98354,0.98354,0.98354,0.45076,0.65764,0.48971,0.7954,0.95239,0.86288,0.94054,0.85364,0.15764,0.0,0.0,5e-06,5.65e-20,3.1,3.1
852.0,0.094981,0.1672,0.11221,0.14919,0.98355,0.98355,0.98355,0.42665,0.62682,0.46447,0.79349,0.95074,0.86109,0.94048,0.8538,0.14919,0.0,0.0,5e-06,5.65e-20,3.1,3.1
852.4,0.089396,0.1587,0.10589,0.14079,0.98355,0.98355,0.98355,0.40253,0.59599,0.43923,0.79158,0.9491,0.85931,0.94041,0.8539599999999999,0.14079,0.0,0.0,5e-06,5.65e-20,3.1,3.1
852.8,0.083839,0.15023,0.0996,0.13242,0.98356,0.98356,0.98356,0.37842,0.56516,0.41399,0.78968,0.94745,0.85752,0.94035,0.85412,0.13242,0.0,0.0,5e-06,5.65e-20,3.1,3.1
853.2,0.078235,0.14128,0.093176,0.12388,0.98357,0.98357,0.98357,0.35399,0.53245,0.38811,0.78777,0.9458,0.85574,0.94028,0.85428,0.12388,0.0,0.0,5e-06,5.65e-20,3.1,3.1
853.6,0.072585,0.13187,0.086622,0.11517,0.98358,0.98358,0.98358,0.32924,0.49786,0.36158,0.78586,0.94415,0.85395,0.94022,0.85444,0.11517,0.0,0.0,5e-06,5.65e-20,3.1,3.1
854.0,0.066964,0.12248,0.080095,0.10649,0.98359,0.98359,0.98359,0.3045,0.46327,0.33506,0.78395,0.94251,0.85217,0.94015,0.8546,0.10649,0.0,0.0,5e-06,5.65e-20,3.1,3.1
854.4,0.061371,0.11314,0.073599,0.097852,0.98361,0.98361,0.98361,0.27976,0.42868,0.30854,0.78205,0.94086,0.85038,0.94009,0.85476,0.097852,0.0,0.0,5e-06,5.65e-20,3.1,3.1
854.8,0.055806,0.10383,0.06713,0.089251,0.98362,0.98362,0.98362,0.25501,0.39409,0.28201,0.78014,0.93921,0.84859,0.94002,0.85492,0.089251,0.0,0.0,5e-06,5.65e-20,3.1,3.1
855.2,0.05027,0.094551,0.060691,0.08069,0.98363,0.98363,0.98363,0.23027,0.3595,0.25549,0.77823,0.93756,0.84681,0.93996,0.85512,0.08069,0.0,0.0,5e-06,5.65e-20,3.1,3.1
855.6,0.044763,0.085311,0.054281,0.072167,0.98365,0.98365,0.98365,0.20553,0.32491,0.22897,0.77632,0.93591,0.84502,0.93989,0.85536,0.072167,0.0,0.0,5e-06,5.65e-20,3.1,3.1
856.0,0.039698,0.076704,0.04834,0.064268,0.98367,0.98367,0.98367,0.18078,0.29032,0.20244,0.78265,0.94166,0.85105,0.93982,0.8556,0.064268,0.0,0.0,5e-06,5.65e-20,3.1,3.1
856.4,0.1187,0.19006,0.13669,0.18173,0.98368,0.98368,0.98368,0.53069,0.70949,0.5633,0.7972,0.95481,0.86489,0.93976,0.8558399999999999,0.18173,0.0,0.0,5e-06,5.65e-20,3.1,3.1
856.8,0.12387,0.19804,0.14245,0.18938,0.9837,0.9837,0.9837,0.54393,0.72925,0.5778,0.81175,0.96795,0.87874,0.93969,0.85608,0.18938,0.0,0.0,5e-06,5.65e-20,3.1,3.1
857.2,0.12788,0.20461,0.14702,0.19546,0.98372,0.98372,0.98372,0.55716,0.74902,0.5923,0.81808,0.97366,0.88476,0.93963,0.85632,0.19546,0.0,0.0,5e-06,5.65e-20,3.1,3.1
857.6,0.13062,0.20965,0.15032,0.19985,0.98374,0.98374,0.98374,0.5704,0.76878,0.6068,0.81618,0.97195,0.88295,0.93956,0.85656,0.19985,0.0,0.0,5e-06,5.65e-20,3.1,3.1
858.0,0.13335,0.21467,0.15361,0.20422,0.98376,0.98376,0.98376,0.58363,0.78855,0.62131,0.81429,0.97024,0.88115,0.9395,0.8568,0.20422,0.0,0.0,5e-06,5.65e-20,3.1,3.1
858.4,0.13607,0.21968,0.15689,0.20858,0.98378,0.98378,0.98378,0.59687,0.80831,0.63581,0.81239,0.96853,0.87935,0.93943,0.85704,0.20858,0.0,0.0,5e-06,5.65e-20,3.1,3.1
858.8,0.13877,0.22468,0.16015,0.21292,0.9838,0.9838,0.9838,0.6101,0.82807,0.65031,0.8105,0.96681,0.87754,0.93937,0.8572799999999999,0.21292,0.0,0.0,5e-06,5.65e-20,3.1,3.1
859.2,0.14147,0.22966,0.16341,0.21724,0.98382,0.98382,0.98382,0.62334,0.84784,0.66481,0.8086,0.9651,0.87574,0.9393,0.8575200000000001,0.21724,0.0,0.0,5e-06,5.65e-20,3.1,3.1
859.6,0.14416,0.23463,0.16665,0.22156,0.98384,0.98384,0.98384,0.63658,0.8676,0.67931,0.8067,0.96339,0.87393,0.93924,0.85776,0.22156,0.0,0.0,5e-06,5.65e-20,3.1,3.1
860.0,0.14249,0.23276,0.16493,0.21926,0.98387,0.98387,0.98387,0.63063,0.86209,0.67357,0.8048,0.96168,0.87213,0.93917,0.858,0.21926,0.0,0.0,5e-06,5.65e-20,3.1,3.1
860.4,0.14034,0.23012,0.16264,0.21622,0.98389,0.98389,0.98389,0.62255,0.85377,0.66558,0.80291,0.95996,0.87033,0.93911,0.85832,0.21622,0.0,0.0,5e-06,5.65e-20,3.1,3.1
860.8,0.1382,0.22748,0.16037,0.2132,0.98391,0.98391,0.98391,0.61448,0.84545,0.65759,0.80101,0.95825,0.86852,0.93904,0.85864,0.2132,0.0,0.0,5e-06,5.65e-20,3.1,3.1
861.2,0.13607,0.22485,0.1581,0.21018,0.98393,0.98393,0.98393,0.6064,0.83713,0.64961,0.79911,0.95654,0.86672,0.93898,0.8589600000000001,0.21018,0.0,0.0,5e-06,5.65e-20,3.1,3.1
861.6,0.13394,0.22222,0.15583,0.20717,0.98395,0.98395,0.98395,0.59832,0.8288,0.64162,0.79722,0.95482,0.86491,0.93891,0.85928,0.20717,0.0,0.0,5e-06,5.65e-20,3.1,3.1
862.0,0.13183,0.21961,0.15358,0.20417,0.98398,0.98398,0.98398,0.59024,0.82048,0.63363,0.79532,0.95311,0.86311,0.93885,0.8596,0.20417,0.0,0.0,5e-06,5.65e-20,3.1,3.1
862.4,0.12973,0.21701,0.15134,0.20119,0.984,0.984,0.984,0.58217,0.81216,0.62564,0.79343,0.9514,0.86131,0.93878,0.85992,0.20119,0.0,0.0,5e-06,5.65e-20,3.1,3.1
862.8,0.12763,0.21442,0.14911,0.19823,0.98402,0.98402,0.98402,0.57409,0.80384,0.61765,0.79153,0.94969,0.8595,0.93872,0.86024,0.19823,0.0,0.0,5e-06,5.65e-20,3.1,3.1
863.2,0.12391,0.20906,0.14497,0.19272,0.98404,0.98404,0.98404,0.55859,0.78512,0.60168,0.78964,0.94792,0.85768,0.93865,0.86056,0.19272,0.0,0.0,5e-06,5.65e-20,3.1,3.1
863.6,0.11838,0.20065,0.13871,0.1844,0.98407,0.98407,0.98407,0.53489,0.7549,0.57689,0.78775,0.94609,0.85583,0.93859,0.86088,0.1844,0.0,0.0,5e-06,5.65e-20,3.1,3.1
864.0,0.11288,0.19228,0.13248,0.17611,0.98409,0.98409,0.98409,0.51118,0.72469,0.55209,0.78586,0.94426,0.85399,0.93852,0.8612,0.17611,0.0,0.0,5e-06,5.65e-20,3.1,3.1
864.4,0.1074,0.18393,0.12628,0.16787,0.98411,0.98411,0.98411,0.48748,0.69447,0.5273,0.78397,0.94243,0.85214,0.93846,0.86152,0.16787,0.0,0.0,5e-06,5.65e-20,3.1,3.1
864.8,0.10195,0.17562,0.1201,0.15965,0.98414,0.98414,0.98414,0.46378,0.66426,0.50251,0.78209,0.94061,0.8503,0.93839,0.8618399999999999,0.15965,0.0,0.0,5e-06,5.65e-20,3.1,3.1
865.2,0.096521,0.16733,0.11394,0.15147,0.98416,0.98416,0.98416,0.44007,0.63404,0.47771,0.7802,0.93878,0.84845,0.93833,0.86212,0.15147,0.0,0.0,5e-06,5.65e-20,3.1,3.1
865.6,0.091116,0.15907,0.10781,0.14332,0.98419,0.98419,0.98419,0.41637,0.60383,0.45292,0.77831,0.93695,0.84661,0.93826,0.86236,0.14332,0.0,0.0,5e-06,5.65e-20,3.1,3.1
866.0,0.085735,0.15084,0.1017,0.1352,0.98421,0.98421,0.98421,0.39267,0.57361,0.42812,0.77642,0.93512,0.84476,0.9382,0.8626,0.1352,0.0,0.0,5e-06,5.65e-20,3.1,3.1
866.4,0.080361,0.14258,0.095595,0.12708,0.98424,0.98424,0.98424,0.36895,0.54325,0.40329,0.77454,0.9333,0.84292,0.93813,0.8628399999999999,0.12708,0.0,0.0,5e-06,5.65e-20,3.1,3.1
866.8,0.074954,0.13362,0.089311,0.11872,0.98427,0.98427,0.98427,0.34496,0.51011,0.3776,0.77265,0.93147,0.84107,0.93806,0.86308,0.11872,0.0,0.0,5e-06,5.65e-20,3.1,3.1
867.2,0.069576,0.1247,0.08306,0.11041,0.98429,0.98429,0.98429,0.32098,0.47697,0.35192,0.77076,0.92964,0.83923,0.938,0.86332,0.11041,0.0,0.0,5e-06,5.65e-20,3.1,3.1
867.6,0.064228,0.11582,0.07684,0.10215,0.98432,0.98432,0.98432,0.29699,0.44383,0.32624,0.76887,0.92781,0.83738,0.93793,0.86356,0.10215,0.0,0.0,5e-06,5.65e-20,3.1,3.1
868.0,0.058904,0.10698,0.070645,0.09391,0.98435,0.98435,0.98435,0.273,0.41069,0.30056,0.76699,0.92599,0.83554,0.93787,0.8638,0.09391,0.0,0.0,5e-06,5.65e-20,3.1,3.1
868.4,0.053601,0.098162,0.064472,0.085704,0.98438,0.98438,0.98438,0.24902,0.37754,0.27488,0.7651,0.92416,0.83369,0.9378,0.86404,0.085704,0.0,0.0,5e-06,5.65e-20,3.1,3.1
868.8,0.048323,0.089377,0.058325,0.077532,0.98441,0.98441,0.98441,0.22503,0.3444,0.24919,0.76321,0.92233,0.83185,0.93774,0.8642799999999999,0.077532,0.0,0.0,5e-06,5.65e-20,3.1,3.1
869.2,0.04307,0.080625,0.052204,0.069394,0.98444,0.98444,0.98444,0.20104,0.31126,0.22351,0.76132,0.9205,0.83,0.93767,0.8645200000000001,0.069394,0.0,0.0,5e-06,5.65e-20,3.1,3.1
869.6,0.038339,0.072625,0.046641,0.062,0.98447,0.98447,0.98447,0.17706,0.27812,0.19783,0.76943,0.92788,0.83775,0.93761,0.86476,0.062,0.0,0.0,5e-06,5.65e-20,3.1,3.1
870.0,0.12046,0.18796,0.13826,0.18379,0.9845,0.9845,0.9845,0.54344,0.70709,0.5745,0.78754,0.94445,0.85508,0.93754,0.865,0.18379,0.0,0.0,5e-06,5.65e-20,3.1,3.1
870.4,0.12619,0.19609,0.14452,0.19211,0.98454,0.98454,0.98454,0.55648,0.7249,0.58854,0.80564,0.96103,0.87241,0.93748,0.86532,0.19211,0.0,0.0,5e-06,5.65e-20,3.1,3.1
870.8,0.12886,0.20053,0.14767,0.19629,0.98457,0.98457,0.98457,0.56953,0.74271,0.60258,0.80375,0.95916,0.87055,0.93741,0.86564,0.19629,0.0,0.0,5e-06,5.65e-20,3.1,3.1
871.2,0.13151,0.20496,0.1508,0.20045,0.9846,0.9846,0.9846,0.58257,0.76052,0.61663,0.80187,0.95729,0.86869,0.93735,0.8659600000000001,0.20045,0.0,0.0,5e-06,5.65e-20,3.1,3.1
871.6,0.13416,0.20938,0.15392,0.2046,0.98464,0.98464,0.98464,0.59562,0.77833,0.63067,0.79998,0.95543,0.86683,0.93728,0.86628,0.2046,0.0,0.0,5e-06,5.65e-20,3.1,3.1
872.0,0.13679,0.21378,0.15703,0.20874,0.98467,0.98467,0.98467,0.60866,0.79613,0.64471,0.79809,0.95356,0.86496,0.93722,0.8666,0.20874,0.0,0.0,5e-06,5.65e-20,3.1,3.1
872.4,0.1394,0.21815,0.16012,0.21284,0.9847,0.9847,0.9847,0.62171,0.81394,0.65875,0.79621,0.95169,0.8631,0.93709,0.86692,0.21284,0.0,0.0,5e-06,5.65e-20,3.1,3.1
872.8,0.14199,0.22248,0.16318,0.2169,0.98473,0.98473,0.98473,0.63476,0.83175,0.67279,0.79432,0.94982,0.86124,0.9369,0.86724,0.2169,0.0,0.0,5e-06,5.65e-20,3.1,3.1
873.2,0.14457,0.2268,0.16622,0.22095,0.98476,0.98476,0.98476,0.6478,0.84956,0.68683,0.79243,0.94795,0.85938,0.93671,0.86756,0.22095,0.0,0.0,5e-06,5.65e-20,3.1,3.1
873.6,0.1428,0.22472,0.16436,0.21847,0.98479,0.98479,0.98479,0.64138,0.84338,0.68057,0.79054,0.94609,0.85752,0.93651,0.86788,0.21847,0.0,0.0,5e-06,5.65e-20,3.1,3.1
874.0,0.14068,0.22212,0.16211,0.21548,0.98482,0.98482,0.98482,0.63338,0.83525,0.67268,0.78866,0.94422,0.85566,0.93632,0.8682,0.21548,0.0,0.0,5e-06,5.65e-20,3.1,3.1
874.4,0.13857,0.21951,0.15984,0.21247,0.98485,0.98485,0.98485,0.62537,0.82712,0.66478,0.78677,0.94235,0.85379,0.93613,0.86852,0.21247,0.0,0.0,5e-06,5.65e-20,3.1,3.1
874.8,0.13645,0.2169,0.15759,0.20947,0.98487,0.98487,0.98487,0.61737,0.81899,0.65688,0.78488,0.94048,0.85193,0.93593,0.86884,0.20947,0.0,0.0,5e-06,5.65e-20,3.1,3.1
875.2,0.13435,0.2143,0.15534,0.20648,0.9849,0.9849,0.9849,0.60937,0.81086,0.64898,0.783,0.93861,0.85007,0.93574,0.86916,0.20648,0.0,0.0,5e-06,5.65e-20,3.1,3.1
875.6,0.13225,0.21171,0.1531,0.2035,0.98492,0.98492,0.98492,0.60137,0.80273,0.64109,0.78111,0.93675,0.84821,0.93555,0.86948,0.2035,0.0,0.0,5e-06,5.65e-20,3.1,3.1
876.0,0.13016,0.20913,0.15086,0.20053,0.98493,0.98493,0.98493,0.59336,0.7946,0.63319,0.77922,0.93488,0.84635,0.93535,0.8698,0.20053,0.0,0.0,5e-06,5.65e-20,3.1,3.1
876.4,0.12809,0.20656,0.14865,0.19758,0.98495,0.98495,0.98495,0.58536,0.78647,0.62529,0.77734,0.93301,0.84449,0.93516,0.87012,0.19758,0.0,0.0,5e-06,5.65e-20,3.1,3.1
876.8,0.12526,0.20278,0.14555,0.19346,0.98496,0.98496,0.98496,0.57386,0.77371,0.61367,0.77545,0.93113,0.84262,0.93497,0.87044,0.19346,0.0,0.0,5e-06,5.65e-20,3.1,3.1
877.2,0.11981,0.19483,0.13942,0.18531,0.98497,0.98497,0.98497,0.5503,0.74501,0.58924,0.77359,0.92921,0.84075,0.93477,0.87076,0.18531,0.0,0.0,5e-06,5.65e-20,3.1,3.1
877.6,0.11437,0.18688,0.13331,0.17719,0.98497,0.98497,0.98497,0.52675,0.71631,0.5648,0.77173,0.92729,0.83888,0.93458,0.87108,0.17719,0.0,0.0,5e-06,5.65e-20,3.1,3.1
878.0,0.10896,0.17897,0.12722,0.16909,0.98497,0.98497,0.98497,0.50319,0.68761,0.54037,0.76987,0.92537,0.83701,0.93439,0.8714,0.16909,0.0,0.0,5e-06,5.65e-20,3.1,3.1
878.4,0.10359,0.17112,0.12117,0.16106,0.98497,0.98497,0.98497,0.47964,0.65891,0.51593,0.768,0.92345,0.83515,0.93419,0.8717199999999999,0.16106,0.0,0.0,5e-06,5.65e-20,3.1,3.1
878.8,0.098246,0.16329,0.11515,0.15306,0.98496,0.98496,0.98496,0.45608,0.63021,0.4915,0.76614,0.92153,0.83328,0.934,0.8720399999999999,0.15306,0.0,0.0,5e-06,5.65e-20,3.1,3.1
879.2,0.092926,0.1555,0.10916,0.14509,0.98495,0.98495,0.98495,0.43253,0.60151,0.46707,0.76428,0.91961,0.83141,0.93381,0.87236,0.14509,0.0,0.0,5e-06,5.65e-20,3.1,3.1
879.6,0.087631,0.14773,0.10319,0.13716,0.98493,0.98493,0.98493,0.40897,0.57281,0.44263,0.76242,0.91769,0.82954,0.93362,0.87268,0.13716,0.0,0.0,5e-06,5.65e-20,3.1,3.1
880.0,0.082361,0.14,0.097252,0.12926,0.9849,0.9849,0.9849,0.38542,0.54411,0.4182,0.76055,0.91577,0.82767,0.93342,0.873,0.12926,0.0,0.0,5e-06,5.65e-20,3.1,3.1
880.4,0.07714,0.13198,0.091286,0.12133,0.98488,0.98488,0.98488,0.36202,0.51422,0.3936,0.75869,0.91384,0.8258,0.93323,0.8734,0.12133,0.0,0.0,5e-06,5.65e-20,3.1,3.1
880.8,0.071976,0.12371,0.085314,0.11339,0.98484,0.98484,0.98484,0.33877,0.48326,0.36885,0.75683,0.91192,0.82393,0.93304,0.8737999999999999,0.11339,0.0,0.0,5e-06,5.65e-20,3.1,3.1
881.2,0.066841,0.11549,0.079374,0.1055,0.9848,0.9848,0.9848,0.31552,0.45229,0.3441,0.75496,0.91,0.82206,0.93284,0.8742000000000001,0.1055,0.0,0.0,5e-06,5.65e-20,3.1,3.1
881.6,0.061734,0.10731,0.073464,0.097642,0.98476,0.98476,0.98476,0.29227,0.42132,0.31936,0.7531,0.90808,0.82019,0.93265,0.8746,0.097642,0.0,0.0,5e-06,5.65e-20,3.1,3.1
882.0,0.056655,0.099161,0.067584,0.089827,0.98471,0.98471,0.98471,0.26902,0.39036,0.29461,0.75124,0.90616,0.81832,0.93246,0.875,0.089827,0.0,0.0,5e-06,5.65e-20,3.1,3.1
882.4,0.051607,0.091059,0.061737,0.082055,0.98466,0.98466,0.98466,0.24577,0.35939,0.26986,0.74938,0.90424,0.81645,0.93226,0.8754,0.082055,0.0,0.0,5e-06,5.65e-20,3.1,3.1
882.8,0.046586,0.082997,0.055921,0.074324,0.98461,0.98461,0.98461,0.22252,0.32842,0.24512,0.74751,0.90232,0.81458,0.93207,0.8757999999999999,0.074324,0.0,0.0,5e-06,5.65e-20,3.1,3.1
883.2,0.041594,0.074975,0.050135,0.066634,0.98455,0.98455,0.98455,0.19927,0.29746,0.22037,0.74565,0.9004,0.81271,0.93188,0.8762000000000001,0.066634,0.0,0.0,5e-06,5.65e-20,3.1,3.1
883.6,0.037252,0.067877,0.045049,0.059873,0.9845,0.9845,0.9845,0.17602,0.26649,0.19562,0.75639,0.91034,0.82305,0.93168,0.8766,0.059873,0.0,0.0,5e-06,5.65e-20,3.1,3.1
884.0,0.12133,0.18133,0.13817,0.18363,0.98444,0.98444,0.98444,0.5564,0.6956,0.58428,0.77972,0.93213,0.84558,0.93149,0.877,0.18363,0.0,0.0,5e-06,5.65e-20,3.1,3.1
884.4,0.12574,0.18768,0.14306,0.19014,0.98437,0.98437,0.98437,0.56912,0.71275,0.59799,0.79046,0.94205,0.85591,0.9313,0.8774,0.19014,0.0,0.0,5e-06,5.65e-20,3.1,3.1
884.8,0.12819,0.19169,0.14594,0.19396,0.98431,0.98431,0.98431,0.58185,0.7299,0.61169,0.78861,0.94008,0.85403,0.9311,0.8777999999999999,0.19396,0.0,0.0,5e-06,5.65e-20,3.1,3.1
885.2,0.13061,0.19568,0.1488,0.19777,0.98425,0.98425,0.98425,0.59457,0.74705,0.6254,0.78676,0.93812,0.85215,0.93091,0.8782000000000001,0.19777,0.0,0.0,5e-06,5.65e-20,3.1,3.1
885.6,0.13302,0.19965,0.15165,0.20155,0.98419,0.98419,0.98419,0.6073,0.7642,0.63911,0.78491,0.93616,0.85027,0.93072,0.8786,0.20155,0.0,0.0,5e-06,5.65e-20,3.1,3.1
886.0,0.13541,0.20359,0.15447,0.2053,0.98412,0.98412,0.98412,0.62002,0.78135,0.65282,0.78305,0.93419,0.84838,0.93052,0.879,0.2053,0.0,0.0,5e-06,5.65e-20,3.1,3.1
886.4,0.13779,0.20751,0.15728,0.20903,0.98406,0.98406,0.98406,0.63274,0.79851,0.66653,0.7812,0.93223,0.8465,0.93033,0.8794,0.20903,0.0,0.0,5e-06,5.65e-20,3.1,3.1
886.8,0.14015,0.2114,0.16007,0.21274,0.984,0.984,0.984,0.64547,0.81566,0.68024,0.77935,0.93027,0.84462,0.93014,0.8797999999999999,0.21274,0.0,0.0,5e-06,5.65e-20,3.1,3.1
887.2,0.1425,0.21528,0.16285,0.21643,0.98394,0.98394,0.98394,0.65819,0.83281,0.69394,0.7775,0.9283,0.84274,0.92994,0.8802000000000001,0.21643,0.0,0.0,5e-06,5.65e-20,3.1,3.1
887.6,0.14103,0.21368,0.16133,0.21441,0.98388,0.98388,0.98388,0.65328,0.82879,0.68934,0.77564,0.92634,0.84086,0.92975,0.8806,0.21441,0.0,0.0,5e-06,5.65e-20,3.1,3.1
888.0,0.1389,0.21113,0.15906,0.21139,0.98382,0.98382,0.98382,0.64525,0.82103,0.6815,0.77379,0.92438,0.83898,0.92956,0.881,0.21139,0.0,0.0,5e-06,5.65e-20,3.1,3.1
888.4,0.13678,0.20859,0.1568,0.20839,0.98377,0.98377,0.98377,0.63723,0.81328,0.67366,0.77194,0.92241,0.8371,0.92936,0.8814,0.20839,0.0,0.0,5e-06,5.65e-20,3.1,3.1
888.8,0.13467,0.20607,0.15456,0.20541,0.98371,0.98371,0.98371,0.6292,0.80552,0.66582,0.77009,0.92045,0.83522,0.92917,0.8817999999999999,0.20541,0.0,0.0,5e-06,5.65e-20,3.1,3.1
889.2,0.13257,0.20356,0.15233,0.20244,0.98367,0.98367,0.98367,0.62118,0.79776,0.65798,0.76823,0.91849,0.83334,0.92898,0.8822000000000001,0.20244,0.0,0.0,5e-06,5.65e-20,3.1,3.1
889.6,0.13049,0.20106,0.15011,0.19949,0.98362,0.98362,0.98362,0.61315,0.79001,0.65014,0.76638,0.91652,0.83145,0.92878,0.8826,0.19949,0.0,0.0,5e-06,5.65e-20,3.1,3.1
890.0,0.12842,0.19858,0.1479,0.19656,0.98358,0.98358,0.98358,0.60512,0.78225,0.6423,0.76453,0.91456,0.82957,0.92859,0.883,0.19656,0.0,0.0,5e-06,5.65e-20,3.1,3.1
890.4,0.12635,0.1961,0.1457,0.19363,0.98355,0.98355,0.98355,0.5971,0.7745,0.63446,0.76268,0.91259,0.82769,0.9284,0.8834799999999999,0.19363,0.0,0.0,5e-06,5.65e-20,3.1,3.1
890.8,0.12429,0.19363,0.14351,0.19072,0.98351,0.98351,0.98351,0.58907,0.76674,0.62662,0.76082,0.91063,0.82581,0.9282,0.88396,0.19072,0.0,0.0,5e-06,5.65e-20,3.1,3.1
891.2,0.11944,0.18686,0.1381,0.18353,0.98349,0.98349,0.98349,0.56768,0.7419,0.60464,0.75898,0.90853,0.82387,0.92801,0.8844400000000001,0.18353,0.0,0.0,5e-06,5.65e-20,3.1,3.1
891.6,0.11423,0.17952,0.13227,0.17578,0.98346,0.98346,0.98346,0.54437,0.71462,0.58064,0.75714,0.90638,0.82192,0.92782,0.88492,0.17578,0.0,0.0,5e-06,5.65e-20,3.1,3.1
892.0,0.10905,0.17221,0.12647,0.16807,0.98344,0.98344,0.98344,0.52106,0.68733,0.55664,0.7553,0.90424,0.81996,0.92763,0.8854,0.16807,0.0,0.0,5e-06,5.65e-20,3.1,3.1
892.4,0.10389,0.16495,0.1207,0.1604,0.98343,0.98343,0.98343,0.49775,0.66005,0.53264,0.75346,0.90209,0.81801,0.92743,0.88588,0.1604,0.0,0.0,5e-06,5.65e-20,3.1,3.1
892.8,0.098765,0.15772,0.11496,0.15277,0.98342,0.98342,0.98342,0.47444,0.63277,0.50863,0.75162,0.89995,0.81605,0.92724,0.8863599999999999,0.15277,0.0,0.0,5e-06,5.65e-20,3.1,3.1
893.2,0.093661,0.15052,0.10925,0.14518,0.98341,0.98341,0.98341,0.45114,0.60549,0.48463,0.74978,0.8978,0.8141,0.92705,0.8868400000000001,0.14518,0.0,0.0,5e-06,5.65e-20,3.1,3.1
893.6,0.088581,0.14336,0.10356,0.13762,0.9834,0.9834,0.9834,0.42783,0.5782,0.46063,0.74794,0.89565,0.81214,0.92685,0.88732,0.13762,0.0,0.0,5e-06,5.65e-20,3.1,3.1
894.0,0.083528,0.13623,0.097903,0.13011,0.9834,0.9834,0.9834,0.40452,0.55092,0.43663,0.7461,0.89351,0.81019,0.92666,0.8878,0.13011,0.0,0.0,5e-06,5.65e-20,3.1,3.1
894.4,0.078504,0.12915,0.092278,0.12263,0.9834,0.9834,0.9834,0.38121,0.52364,0.41263,0.74426,0.89136,0.80824,0.92647,0.88828,0.12263,0.0,0.0,5e-06,5.65e-20,3.1,3.1
894.8,0.073643,0.12166,0.086692,0.11521,0.98341,0.98341,0.98341,0.35856,0.49455,0.38866,0.74242,0.88921,0.80628,0.92627,0.88876,0.11521,0.0,0.0,5e-06,5.65e-20,3.1,3.1
895.2,0.068828,0.11414,0.081136,0.10782,0.98342,0.98342,0.98342,0.33601,0.46521,0.3647,0.74058,0.88707,0.80433,0.92608,0.88908,0.10782,0.0,0.0,5e-06,5.65e-20,3.1,3.1
895.6,0.06404,0.10667,0.075611,0.10048,0.98343,0.98343,0.98343,0.31345,0.43586,0.34074,0.73874,0.88492,0.80237,0.92589,0.88924,0.10048,0.0,0.0,5e-06,5.65e-20,3.1,3.1
896.0,0.059276,0.099233,0.070114,0.093174,0.98344,0.98344,0.98344,0.2909,0.40651,0.31678,0.7369,0.88277,0.80042,0.92569,0.8894,0.093174,0.0,0.0,5e-06,5.65e-20,3.1,3.1
896.4,0.054541,0.09184,0.064649,0.085911,0.98346,0.98346,0.98346,0.26834,0.37717,0.29282,0.73506,0.88063,0.79846,0.9255,0.88956,0.085911,0.0,0.0,5e-06,5.65e-20,3.1,3.1
896.8,0.049829,0.084484,0.059211,0.078684,0.98347,0.98347,0.98347,0.24579,0.34782,0.26886,0.73322,0.87848,0.79651,0.92531,0.88972,0.078684,0.0,0.0,5e-06,5.65e-20,3.1,3.1
897.2,0.04514,0.077162,0.053798,0.07149,0.9835,0.9835,0.9835,0.22324,0.31848,0.2449,0.73138,0.87634,0.79455,0.92511,0.88988,0.07149,0.0,0.0,5e-06,5.65e-20,3.1,3.1
897.6,0.040474,0.069874,0.04841,0.064331,0.98352,0.98352,0.98352,0.20068,0.28913,0.22094,0.72954,0.87419,0.7926,0.92492,0.89004,0.064331,0.0,0.0,5e-06,5.65e-20,3.1,3.1
898.0,0.036251,0.063207,0.043503,0.057809,0.98354,0.98354,0.98354,0.17813,0.25978,0.19698,0.73622,0.88017,0.79894,0.92473,0.8902,0.057809,0.0,0.0,5e-06,5.65e-20,3.1,3.1
898.4,0.12037,0.16976,0.13531,0.17981,0.98357,0.98357,0.98357,0.56669,0.6745,0.58963,0.76845,0.9105,0.8302,0.92453,0.89036,0.17981,0.0,0.0,5e-06,5.65e-20,3.1,3.1
898.8,0.12404,0.17476,0.13935,0.18517,0.9836,0.9836,0.9836,0.57897,0.68985,0.60264,0.77513,0.91652,0.83656,0.92434,0.89052,0.18517,0.0,0.0,5e-06,5.65e-20,3.1,3.1
899.2,0.12637,0.17823,0.14202,0.18872,0.98363,0.98363,0.98363,0.59125,0.7052,0.61565,0.7733,0.91442,0.83463,0.92415,0.89068,0.18872,0.0,0.0,5e-06,5.65e-20,3.1,3.1
899.6,0.12868,0.18168,0.14467,0.19225,0.98366,0.98366,0.98366,0.60353,0.72054,0.62865,0.77146,0.91233,0.8327,0.92395,0.8908400000000001,0.19225,0.0,0.0,5e-06,5.65e-20,3.1,3.1
900.0,0.13097,0.18511,0.14731,0.19576,0.98369,0.98369,0.98369,0.61581,0.73589,0.64166,0.76962,0.91024,0.83078,0.92376,0.891,0.19576,0.0,0.0,5e-06,5.65e-20,3.1,3.1
900.4,0.13326,0.18852,0.14994,0.19925,0.98373,0.98373,0.98373,0.62809,0.75124,0.65467,0.76779,0.90814,0.82885,0.92357,0.8914,0.19925,0.0,0.0,5e-06,5.65e-20,3.1,3.1
900.8,0.13553,0.19192,0.15256,0.20272,0.98376,0.98376,0.98376,0.64037,0.76659,0.66768,0.76595,0.90605,0.82692,0.92337,0.8917999999999999,0.20272,0.0,0.0,5e-06,5.65e-20,3.1,3.1
901.2,0.1378,0.19531,0.15516,0.20618,0.9838,0.9838,0.9838,0.65265,0.78194,0.68068,0.76411,0.90395,0.82499,0.92318,0.8922000000000001,0.20618,0.0,0.0,5e-06,5.65e-20,3.1,3.1
901.6,0.14005,0.19868,0.15776,0.20963,0.98384,0.98384,0.98384,0.66493,0.79728,0.69369,0.76228,0.90186,0.82306,0.92299,0.8926000000000001,0.20963,0.0,0.0,5e-06,5.65e-20,3.1,3.1
902.0,0.13963,0.19847,0.15739,0.20914,0.98387,0.98387,0.98387,0.66453,0.79834,0.6937,0.76044,0.89976,0.82113,0.92279,0.893,0.20914,0.0,0.0,5e-06,5.65e-20,3.1,3.1
902.4,0.13759,0.19612,0.15523,0.20627,0.98391,0.98391,0.98391,0.65653,0.79081,0.68591,0.7586,0.89767,0.8192,0.9226,0.8934,0.20627,0.0,0.0,5e-06,5.65e-20,3.1,3.1
902.8,0.13557,0.19377,0.15309,0.20342,0.98395,0.98395,0.98395,0.64852,0.78329,0.67812,0.75677,0.89558,0.81727,0.92241,0.8937999999999999,0.20342,0.0,0.0,5e-06,5.65e-20,3.1,3.1
903.2,0.13355,0.19143,0.15095,0.20058,0.98398,0.98398,0.98398,0.64052,0.77576,0.67033,0.75493,0.89348,0.81534,0.92221,0.8942000000000001,0.20058,0.0,0.0,5e-06,5.65e-20,3.1,3.1
903.6,0.13153,0.18909,0.14881,0.19774,0.98402,0.98402,0.98402,0.63252,0.76824,0.66254,0.75309,0.89139,0.81341,0.92202,0.8946000000000001,0.19774,0.0,0.0,5e-06,5.65e-20,3.1,3.1
904.0,0.12953,0.18676,0.14668,0.19491,0.98406,0.98406,0.98406,0.62452,0.76071,0.65475,0.75126,0.88929,0.81148,0.92183,0.895,0.19491,0.0,0.0,5e-06,5.65e-20,3.1,3.1
904.4,0.12751,0.18442,0.14454,0.19207,0.98409,0.98409,0.98409,0.61652,0.75319,0.64696,0.74942,0.8872,0.80956,0.92163,0.8954,0.19207,0.0,0.0,5e-06,5.65e-20,3.1,3.1
904.8,0.12551,0.18208,0.14241,0.18923,0.98412,0.98412,0.98412,0.60851,0.74567,0.63916,0.74758,0.88511,0.80763,0.92144,0.8957999999999999,0.18923,0.0,0.0,5e-06,5.65e-20,3.1,3.1
905.2,0.1235,0.17975,0.14028,0.1864,0.98415,0.98415,0.98415,0.60051,0.73814,0.63137,0.74575,0.88301,0.8057,0.92125,0.8961600000000001,0.1864,0.0,0.0,5e-06,5.65e-20,3.1,3.1
905.6,0.12046,0.17592,0.13698,0.18201,0.98418,0.98418,0.98418,0.58743,0.72453,0.61829,0.74392,0.8809,0.80377,0.92106,0.89648,0.18201,0.0,0.0,5e-06,5.65e-20,3.1,3.1
906.0,0.1155,0.16938,0.13152,0.17476,0.98421,0.98421,0.98421,0.56492,0.69963,0.59536,0.74214,0.87875,0.80184,0.92086,0.8968,0.17476,0.0,0.0,5e-06,5.65e-20,3.1,3.1
906.4,0.11055,0.16283,0.12606,0.1675,0.98424,0.98424,0.98424,0.54242,0.67473,0.57244,0.74035,0.87659,0.79991,0.92067,0.89712,0.1675,0.0,0.0,5e-06,5.65e-20,3.1,3.1
906.8,0.10563,0.15632,0.12063,0.16028,0.98426,0.98426,0.98426,0.51991,0.64982,0.54952,0.73857,0.87444,0.79798,0.92048,0.89744,0.16028,0.0,0.0,5e-06,5.65e-20,3.1,3.1
907.2,0.10071,0.1498,0.1152,0.15307,0.98428,0.98428,0.98428,0.4974,0.62492,0.5266,0.73678,0.87229,0.79605,0.92028,0.89776,0.15307,0.0,0.0,5e-06,5.65e-20,3.1,3.1
907.6,0.095791,0.14328,0.10977,0.14585,0.98429,0.98429,0.98429,0.47489,0.60002,0.50367,0.735,0.87013,0.79412,0.92009,0.89808,0.14585,0.0,0.0,5e-06,5.65e-20,3.1,3.1
908.0,0.090905,0.13681,0.10438,0.13869,0.98431,0.98431,0.98431,0.45239,0.57511,0.48075,0.73321,0.86798,0.7922,0.9199,0.8984,0.13869,0.0,0.0,5e-06,5.65e-20,3.1,3.1
908.4,0.085999,0.1303,0.098958,0.13149,0.98432,0.98432,0.98432,0.42988,0.55021,0.45783,0.73143,0.86582,0.79027,0.9197,0.89872,0.13149,0.0,0.0,5e-06,5.65e-20,3.1,3.1
908.8,0.081131,0.12384,0.093583,0.12434,0.98432,0.98432,0.98432,0.40737,0.52531,0.4349,0.72964,0.86367,0.78834,0.91951,0.89904,0.12434,0.0,0.0,5e-06,5.65e-20,3.1,3.1
909.2,0.076272,0.11733,0.088203,0.1172,0.98433,0.98433,0.98433,0.38488,0.50022,0.41194,0.72786,0.86152,0.78641,0.91932,0.89936,0.1172,0.0,0.0,5e-06,5.65e-20,3.1,3.1
909.6,0.071459,0.1103,0.082736,0.10993,0.98433,0.98433,0.98433,0.36255,0.47282,0.38851,0.72607,0.85936,0.78448,0.91912,0.89968,0.10993,0.0,0.0,5e-06,5.65e-20,3.1,3.1
910.0,0.066694,0.10334,0.077321,0.10274,0.98432,0.98432,0.98432,0.34023,0.44542,0.36508,0.72429,0.85721,0.78255,0.91893,0.9,0.10274,0.0,0.0,5e-06,5.65e-20,3.1,3.1
910.4,0.061897,0.09632,0.07187,0.095492,0.98431,0.98431,0.98431,0.31791,0.41802,0.34165,0.7225,0.85505,0.78062,0.91874,0.90024,0.095492,0.0,0.0,5e-06,5.65e-20,3.1,3.1
910.8,0.057159,0.08939,0.066485,0.088337,0.98429,0.98429,0.98429,0.29559,0.39062,0.31822,0.72072,0.8529,0.77869,0.91854,0.90048,0.088337,0.0,0.0,5e-06,5.65e-20,3.1,3.1
911.2,0.052457,0.082509,0.06114,0.081235,0.98427,0.98427,0.98427,0.27327,0.36322,0.29479,0.71893,0.85075,0.77677,0.91835,0.9007200000000001,0.081235,0.0,0.0,5e-06,5.65e-20,3.1,3.1
911.6,0.047797,0.075686,0.055842,0.074195,0.98425,0.98425,0.98425,0.25095,0.33582,0.27136,0.71715,0.84859,0.77484,0.91816,0.90096,0.074195,0.0,0.0,5e-06,5.65e-20,3.1,3.1
912.0,0.043203,0.068962,0.050619,0.067256,0.98422,0.98422,0.98422,0.22863,0.30843,0.24793,0.71536,0.84644,0.77291,0.91796,0.9012,0.067256,0.0,0.0,5e-06,5.65e-20,3.1,3.1
912.4,0.038637,0.062272,0.045426,0.060355,0.98419,0.98419,0.98419,0.20631,0.28103,0.2245,0.71358,0.84428,0.77098,0.91777,0.90144,0.060355,0.0,0.0,5e-06,5.65e-20,3.1,3.1
912.8,0.034147,0.055693,0.040319,0.05357,0.98416,0.98416,0.98416,0.18398,0.25363,0.20107,0.71179,0.84213,0.76905,0.91758,0.90168,0.05357,0.0,0.0,5e-06,5.65e-20,3.1,3.1
913.2,0.11329,0.14847,0.12509,0.16619,0.98413,0.98413,0.98413,0.5749,0.64292,0.59029,0.76112,0.89193,0.81844,0.91738,0.90192,0.16619,0.0,0.0,5e-06,5.65e-20,3.1,3.1
913.6,0.1145,0.15035,0.1265,0.16807,0.98409,0.98409,0.98409,0.58682,0.65752,0.60287,0.75934,0.88983,0.81654,0.91719,0.9021600000000001,0.16807,0.0,0.0,5e-06,5.65e-20,3.1,3.1
914.0,0.11567,0.15216,0.12786,0.16988,0.98405,0.98405,0.98405,0.59873,0.67213,0.61546,0.75756,0.88774,0.81464,0.917,0.9024,0.16988,0.0,0.0,5e-06,5.65e-20,3.1,3.1
914.4,0.11675,0.15385,0.12912,0.17155,0.98401,0.98401,0.98401,0.61065,0.68673,0.62805,0.75578,0.88564,0.81274,0.9168,0.90264,0.17155,0.0,0.0,5e-06,5.65e-20,3.1,3.1
914.8,0.11778,0.15548,0.13034,0.17317,0.98397,0.98397,0.98397,0.62257,0.70134,0.64064,0.75401,0.88355,0.81084,0.91661,0.90288,0.17317,0.0,0.0,5e-06,5.65e-20,3.1,3.1
915.2,0.11877,0.15704,0.1315,0.17471,0.98392,0.98392,0.98392,0.63449,0.71594,0.65323,0.75223,0.88145,0.80895,0.91642,0.90312,0.17471,0.0,0.0,5e-06,5.65e-20,3.1,3.1
915.6,0.11971,0.15853,0.1326,0.17617,0.98388,0.98388,0.98388,0.64641,0.73055,0.66581,0.75045,0.87936,0.80705,0.91622,0.90336,0.17617,0.0,0.0,5e-06,5.65e-20,3.1,3.1
916.0,0.1206,0.15996,0.13366,0.17758,0.98383,0.98383,0.98383,0.65833,0.74515,0.6784,0.74867,0.87726,0.80515,0.91603,0.9036000000000001,0.17758,0.0,0.0,5e-06,5.65e-20,3.1,3.1
916.4,0.12144,0.16129,0.13464,0.17888,0.98379,0.98379,0.98379,0.67025,0.75976,0.69099,0.74689,0.87517,0.80325,0.91584,0.90384,0.17888,0.0,0.0,5e-06,5.65e-20,3.1,3.1
916.8,0.12151,0.16168,0.1348,0.17909,0.98375,0.98375,0.98375,0.67818,0.77014,0.69955,0.74511,0.87307,0.80135,0.91564,0.90408,0.17909,0.0,0.0,5e-06,5.65e-20,3.1,3.1
917.2,0.11874,0.15853,0.13186,0.17518,0.9837,0.9837,0.9837,0.67017,0.76365,0.69199,0.74334,0.87098,0.79945,0.91545,0.90432,0.17518,0.0,0.0,5e-06,5.65e-20,3.1,3.1
917.6,0.116,0.15542,0.12896,0.17133,0.98366,0.98366,0.98366,0.66217,0.75716,0.68443,0.74156,0.86888,0.79755,0.91526,0.90456,0.17133,0.0,0.0,5e-06,5.65e-20,3.1,3.1
918.0,0.1133,0.15234,0.12609,0.16752,0.98361,0.98361,0.98361,0.65416,0.75067,0.67687,0.73978,0.86679,0.79565,0.91506,0.9048,0.16752,0.0,0.0,5e-06,5.65e-20,3.1,3.1
918.4,0.11063,0.14929,0.12326,0.16375,0.98357,0.98357,0.98357,0.64616,0.74418,0.66932,0.738,0.86469,0.79375,0.9146,0.9050400000000001,0.16375,0.0,0.0,5e-06,5.65e-20,3.1,3.1
918.8,0.10799,0.14626,0.12045,0.16002,0.98353,0.98353,0.98353,0.63815,0.73769,0.66176,0.73622,0.8626,0.79186,0.91402,0.90528,0.16002,0.0,0.0,5e-06,5.65e-20,3.1,3.1
919.2,0.10536,0.14324,0.11765,0.1563,0.98349,0.98349,0.98349,0.63015,0.7312,0.6542,0.73444,0.8605,0.78996,0.91345,0.9055200000000001,0.1563,0.0,0.0,5e-06,5.65e-20,3.1,3.1
919.6,0.10275,0.14023,0.11487,0.1526,0.98346,0.98346,0.98346,0.62214,0.72471,0.64664,0.73267,0.85841,0.78806,0.91288,0.90576,0.1526,0.0,0.0,5e-06,5.65e-20,3.1,3.1
920.0,0.10017,0.13725,0.11212,0.14896,0.98343,0.98343,0.98343,0.61414,0.71821,0.63908,0.73089,0.85631,0.78616,0.9123,0.906,0.14896,0.0,0.0,5e-06,5.65e-20,3.1,3.1
920.4,0.097582,0.13424,0.10936,0.14529,0.98339,0.98339,0.98339,0.60613,0.71172,0.63152,0.72911,0.85422,0.78426,0.91173,0.90608,0.14529,0.0,0.0,5e-06,5.65e-20,3.1,3.1
920.8,0.093667,0.12942,0.10512,0.13965,0.98337,0.98337,0.98337,0.5895,0.69516,0.61501,0.72735,0.85224,0.78243,0.91116,0.90616,0.13965,0.0,0.0,5e-06,5.65e-20,3.1,3.1
921.2,0.089027,0.12361,0.10007,0.13294,0.98334,0.98334,0.98334,0.56769,0.67256,0.59312,0.72562,0.85039,0.78066,0.91059,0.90624,0.13294,0.0,0.0,5e-06,5.65e-20,3.1,3.1
921.6,0.08449,0.11792,0.095131,0.12638,0.98332,0.98332,0.98332,0.54589,0.64996,0.57123,0.72389,0.84854,0.7789,0.91001,0.90632,0.12638,0.0,0.0,5e-06,5.65e-20,3.1,3.1
922.0,0.080049,0.11235,0.090295,0.11996,0.9833,0.9833,0.9833,0.52408,0.62736,0.54934,0.72216,0.84668,0.77714,0.90944,0.9064,0.11996,0.0,0.0,5e-06,5.65e-20,3.1,3.1
922.4,0.07562,0.10677,0.085467,0.11354,0.98328,0.98328,0.98328,0.50227,0.60476,0.52745,0.72043,0.84483,0.77537,0.90887,0.9064800000000001,0.11354,0.0,0.0,5e-06,5.65e-20,3.1,3.1
922.8,0.071293,0.10132,0.080747,0.10727,0.98326,0.98326,0.98326,0.48046,0.58216,0.50556,0.7187,0.84298,0.77361,0.90829,0.90656,0.10727,0.0,0.0,5e-06,5.65e-20,3.1,3.1
923.2,0.067052,0.095969,0.07612,0.10112,0.98325,0.98325,0.98325,0.45866,0.55956,0.48366,0.71697,0.84113,0.77184,0.90772,0.90664,0.10112,0.0,0.0,5e-06,5.65e-20,3.1,3.1
923.6,0.062899,0.09072,0.071585,0.0951,0.98324,0.98324,0.98324,0.43685,0.53696,0.46177,0.71524,0.83927,0.77008,0.90715,0.9067200000000001,0.0951,0.0,0.0,5e-06,5.65e-20,3.1,3.1
924.0,0.058847,0.085594,0.06716,0.08922,0.98323,0.98323,0.98323,0.41504,0.51436,0.43988,0.71351,0.83742,0.76831,0.90658,0.9068,0.08922,0.0,0.0,5e-06,5.65e-20,3.1,3.1
924.4,0.054924,0.080618,0.062872,0.083524,0.98322,0.98322,0.98322,0.39323,0.49167,0.41797,0.71178,0.83557,0.76655,0.906,0.90688,0.083524,0.0,0.0,5e-06,5.65e-20,3.1,3.1
924.8,0.051066,0.075242,0.058537,0.077764,0.98321,0.98321,0.98321,0.37118,0.46578,0.39503,0.71005,0.83371,0.76479,0.90543,0.90696,0.077764,0.0,0.0,5e-06,5.65e-20,3.1,3.1
925.2,0.047295,0.069982,0.054297,0.072131,0.98321,0.98321,0.98321,0.34914,0.43989,0.37209,0.70831,0.83186,0.76302,0.90486,0.9071600000000001,0.072131,0.0,0.0,5e-06,5.65e-20,3.1,3.1
925.6,0.043612,0.064841,0.050155,0.066629,0.9832,0.9832,0.9832,0.32709,0.414,0.34915,0.70658,0.83001,0.76126,0.90428,0.9074800000000001,0.066629,0.0,0.0,5e-06,5.65e-20,3.1,3.1
926.0,0.040026,0.059833,0.046122,0.06127,0.9832,0.9832,0.9832,0.30505,0.3881,0.32621,0.70485,0.82815,0.75949,0.90371,0.9078,0.06127,0.0,0.0,5e-06,5.65e-20,3.1,3.1
926.4,0.036544,0.054967,0.042203,0.056064,0.9832,0.9832,0.9832,0.283,0.36221,0.30327,0.70312,0.8263,0.75773,0.90314,0.90812,0.056064,0.0,0.0,5e-06,5.65e-20,3.1,3.1
926.8,0.033156,0.05023,0.03839,0.050999,0.9832,0.9832,0.9832,0.26095,0.33632,0.28033,0.70139,0.82445,0.75597,0.90256,0.90844,0.050999,0.0,0.0,5e-06,5.65e-20,3.1,3.1
927.2,0.029879,0.045646,0.034701,0.046098,0.9832,0.9832,0.9832,0.23891,0.31043,0.25739,0.69966,0.8226,0.7542,0.90199,0.90876,0.046098,0.0,0.0,5e-06,5.65e-20,3.1,3.1
927.6,0.026707,0.041208,0.031129,0.041352,0.98321,0.98321,0.98321,0.21686,0.28453,0.23446,0.69793,0.82074,0.75244,0.90142,0.90908,0.041352,0.0,0.0,5e-06,5.65e-20,3.1,3.1
928.0,0.023622,0.036887,0.027653,0.036735,0.98321,0.98321,0.98321,0.19482,0.25864,0.21152,0.6962,0.81889,0.75067,0.90085,0.9094,0.036735,0.0,0.0,5e-06,5.65e-20,3.1,3.1
928.4,0.074281,0.090947,0.080656,0.10714,0.98321,0.98321,0.98321,0.57922,0.60955,0.5865,0.74526,0.86706,0.79918,0.90027,0.90972,0.10714,0.0,0.0,5e-06,5.65e-20,3.1,3.1
928.8,0.074653,0.091706,0.081138,0.10778,0.98322,0.98322,0.98322,0.59062,0.62347,0.59853,0.74353,0.86524,0.79743,0.8997,0.91004,0.10778,0.0,0.0,5e-06,5.65e-20,3.1,3.1
929.2,0.075035,0.09247,0.08163,0.10844,0.98322,0.98322,0.98322,0.60201,0.63738,0.61057,0.7418,0.86343,0.79568,0.89913,0.9103600000000001,0.10844,0.0,0.0,5e-06,5.65e-20,3.1,3.1
929.6,0.075431,0.093243,0.082134,0.10911,0.98323,0.98323,0.98323,0.61341,0.65129,0.6226,0.74006,0.86161,0.79393,0.89855,0.91068,0.10911,0.0,0.0,5e-06,5.65e-20,3.1,3.1
930.0,0.075793,0.093969,0.082601,0.10973,0.98324,0.98324,0.98324,0.6248,0.66521,0.63464,0.73833,0.85979,0.79218,0.89798,0.911,0.10973,0.0,0.0,5e-06,5.65e-20,3.1,3.1
930.4,0.076302,0.094871,0.083228,0.11056,0.98324,0.98324,0.98324,0.6362,0.67912,0.64668,0.7366,0.85798,0.79043,0.89741,0.91124,0.11056,0.0,0.0,5e-06,5.65e-20,3.1,3.1
930.8,0.076785,0.095735,0.083823,0.11135,0.98325,0.98325,0.98325,0.64759,0.69303,0.65871,0.73487,0.85616,0.78868,0.89683,0.91148,0.11135,0.0,0.0,5e-06,5.65e-20,3.1,3.1
931.2,0.077311,0.096649,0.084466,0.1122,0.98326,0.98326,0.98326,0.65899,0.70695,0.67075,0.73313,0.85434,0.78694,0.89626,0.9117200000000001,0.1122,0.0,0.0,5e-06,5.65e-20,3.1,3.1
931.6,0.077885,0.097618,0.085159,0.11312,0.98326,0.98326,0.98326,0.67038,0.72086,0.68279,0.7314,0.85252,0.78519,0.89569,0.91196,0.11312,0.0,0.0,5e-06,5.65e-20,3.1,3.1
932.0,0.078435,0.098554,0.085827,0.11401,0.98327,0.98327,0.98327,0.68178,0.73477,0.69482,0.72967,0.85071,0.78344,0.89512,0.9122,0.11401,0.0,0.0,5e-06,5.65e-20,3.1,3.1
932.4,0.077915,0.09821,0.08534,0.11336,0.98328,0.98328,0.98328,0.68297,0.73821,0.69662,0.72794,0.84889,0.78169,0.89454,0.91244,0.11336,0.0,0.0,5e-06,5.65e-20,3.1,3.1
932.8,0.076352,0.096612,0.083726,0.11122,0.98328,0.98328,0.98328,0.67494,0.73218,0.68914,0.7262,0.84707,0.77994,0.89397,0.91268,0.11122,0.0,0.0,5e-06,5.65e-20,3.1,3.1
933.2,0.074849,0.095084,0.082177,0.10916,0.98329,0.98329,0.98329,0.66691,0.72615,0.68167,0.72447,0.84526,0.77819,0.8934,0.9129200000000001,0.10916,0.0,0.0,5e-06,5.65e-20,3.1,3.1
933.6,0.073406,0.093626,0.080692,0.10719,0.9833,0.9833,0.9833,0.65888,0.72011,0.67419,0.72274,0.84344,0.77644,0.89282,0.9131600000000001,0.10719,0.0,0.0,5e-06,5.65e-20,3.1,3.1
934.0,0.071978,0.092181,0.079222,0.10523,0.9833,0.9833,0.9833,0.65085,0.71408,0.66672,0.72101,0.84162,0.77469,0.89225,0.9134,0.10523,0.0,0.0,5e-06,5.65e-20,3.1,3.1
934.4,0.070599,0.090794,0.077804,0.10335,0.98331,0.98331,0.98331,0.64282,0.70805,0.65924,0.71928,0.83981,0.77294,0.89168,0.91364,0.10335,0.0,0.0,5e-06,5.65e-20,3.1,3.1
934.8,0.069234,0.089418,0.0764,0.10148,0.98331,0.98331,0.98331,0.63479,0.70201,0.65177,0.71754,0.83799,0.77119,0.89111,0.91388,0.10148,0.0,0.0,5e-06,5.65e-20,3.1,3.1
935.2,0.067881,0.088053,0.075008,0.099633,0.98331,0.98331,0.98331,0.62676,0.69598,0.64429,0.71581,0.83617,0.76944,0.89053,0.91412,0.099633,0.0,0.0,5e-06,5.65e-20,3.1,3.1
935.6,0.06654,0.086697,0.073627,0.097799,0.98331,0.98331,0.98331,0.61873,0.68995,0.63682,0.71408,0.83436,0.76769,0.88996,0.9143600000000001,0.097799,0.0,0.0,5e-06,5.65e-20,3.1,3.1
936.0,0.065213,0.085353,0.07226,0.095982,0.98331,0.98331,0.98331,0.6107,0.68391,0.62934,0.71235,0.83254,0.76594,0.88939,0.9146000000000001,0.095982,0.0,0.0,5e-06,5.65e-20,3.1,3.1
936.4,0.063176,0.083037,0.070094,0.093105,0.98331,0.98331,0.98331,0.59484,0.66898,0.61379,0.71191,0.832,0.76548,0.88881,0.91484,0.093105,0.0,0.0,5e-06,5.65e-20,3.1,3.1
936.8,0.060717,0.080131,0.067448,0.08959,0.98331,0.98331,0.98331,0.57376,0.64813,0.59285,0.71277,0.83275,0.7663,0.88824,0.91508,0.08959,0.0,0.0,5e-06,5.65e-20,3.1,3.1
937.2,0.058274,0.077247,0.064821,0.0861,0.98331,0.98331,0.98331,0.55269,0.62727,0.57191,0.71363,0.83349,0.76712,0.88767,0.91532,0.0861,0.0,0.0,5e-06,5.65e-20,3.1,3.1
937.6,0.055847,0.074383,0.062211,0.082633,0.9833,0.9833,0.9833,0.53161,0.60641,0.55097,0.71448,0.83424,0.76794,0.88709,0.91556,0.082633,0.0,0.0,5e-06,5.65e-20,3.1,3.1
938.0,0.053435,0.071538,0.059619,0.079189,0.9833,0.9833,0.9833,0.51053,0.58555,0.53003,0.71534,0.83498,0.76876,0.88652,0.9158000000000001,0.079189,0.0,0.0,5e-06,5.65e-20,3.1,3.1
938.4,0.051039,0.068713,0.057044,0.07577,0.98329,0.98329,0.98329,0.48945,0.56469,0.50909,0.7162,0.83573,0.76958,0.88595,0.9160400000000001,0.07577,0.0,0.0,5e-06,5.65e-20,3.1,3.1
938.8,0.048659,0.065909,0.054487,0.072373,0.98328,0.98328,0.98328,0.46837,0.54383,0.48815,0.71706,0.83648,0.7704,0.88538,0.91628,0.072373,0.0,0.0,5e-06,5.65e-20,3.1,3.1
939.2,0.046303,0.063134,0.051956,0.06901,0.98327,0.98327,0.98327,0.44729,0.52297,0.46721,0.71792,0.83722,0.77122,0.8848,0.9165200000000001,0.06901,0.0,0.0,5e-06,5.65e-20,3.1,3.1
939.6,0.043968,0.060387,0.049449,0.06568,0.98326,0.98326,0.98326,0.42621,0.50212,0.44627,0.71878,0.83797,0.77204,0.88423,0.91676,0.06568,0.0,0.0,5e-06,5.65e-20,3.1,3.1
940.0,0.041648,0.057659,0.046958,0.062371,0.98324,0.98324,0.98324,0.40513,0.48126,0.42533,0.71964,0.83871,0.77286,0.88366,0.917,0.062371,0.0,0.0,5e-06,5.65e-20,3.1,3.1
940.4,0.039343,0.054739,0.044432,0.059016,0.98322,0.98322,0.98322,0.38374,0.45824,0.40357,0.72049,0.83946,0.77369,0.88308,0.91716,0.059016,0.0,0.0,5e-06,5.65e-20,3.1,3.1
940.8,0.037036,0.051724,0.04188,0.055626,0.9832,0.9832,0.9832,0.3622,0.43429,0.38146,0.72135,0.8402,0.77451,0.88251,0.91732,0.055626,0.0,0.0,5e-06,5.65e-20,3.1,3.1
941.2,0.034746,0.048735,0.039348,0.052263,0.98318,0.98318,0.98318,0.34066,0.41035,0.35935,0.72221,0.84095,0.77533,0.88194,0.9174800000000001,0.052263,0.0,0.0,5e-06,5.65e-20,3.1,3.1
941.6,0.032473,0.045769,0.036836,0.048926,0.98316,0.98316,0.98316,0.31913,0.3864,0.33724,0.72307,0.84169,0.77615,0.88136,0.91764,0.048926,0.0,0.0,5e-06,5.65e-20,3.1,3.1
942.0,0.03021,0.042819,0.034335,0.045604,0.98313,0.98313,0.98313,0.29759,0.36246,0.31513,0.72393,0.84244,0.77697,0.88079,0.9178000000000001,0.045604,0.0,0.0,5e-06,5.65e-20,3.1,3.1
942.4,0.027982,0.039917,0.031874,0.042335,0.98311,0.98311,0.98311,0.27606,0.33851,0.29302,0.72479,0.84319,0.77779,0.88022,0.91796,0.042335,0.0,0.0,5e-06,5.65e-20,3.1,3.1
942.8,0.02576,0.037026,0.02942,0.039076,0.98308,0.98308,0.98308,0.25452,0.31456,0.27091,0.72565,0.84393,0.77861,0.87965,0.91812,0.039076,0.0,0.0,5e-06,5.65e-20,3.1,3.1
943.2,0.02355,0.034154,0.026981,0.035836,0.98305,0.98305,0.98305,0.23299,0.29062,0.2488,0.7265,0.84468,0.77943,0.87907,0.9182800000000001,0.035836,0.0,0.0,5e-06,5.65e-20,3.1,3.1
943.6,0.021352,0.031299,0.024555,0.032614,0.98303,0.98303,0.98303,0.21145,0.26667,0.22669,0.72736,0.84542,0.78025,0.8785,0.91844,0.032614,0.0,0.0,5e-06,5.65e-20,3.1,3.1
944.0,0.019158,0.028451,0.022135,0.029399,0.983,0.983,0.983,0.18992,0.24273,0.20458,0.72822,0.84617,0.78107,0.87793,0.9186000000000001,0.029399,0.0,0.0,5e-06,5.65e-20,3.1,3.1
